Using pre-set license
Desktop is 2560 x 1440 @ 60 Hz

 COMMAND LINE ARGUMENTS:
Unity
-adb2
-batchMode
-noUpm
-name
AssetImportWorker0
-projectPath
/home/valter/Projects/git/ProtectThePrincess/ProtectThePrincess
-logFile
Logs/AssetImportWorker0.log
-srvPort
35447
Successfully changed project path to: /home/valter/Projects/git/ProtectThePrincess/ProtectThePrincess
/home/valter/Projects/git/ProtectThePrincess/ProtectThePrincess
Using Asset Import Pipeline V2.
Refreshing native plugins compatible for Editor in 86,31 ms, found 1 plugins.
Preloading 0 native plugins for Editor in 0,00 ms.
Initialize engine version: 2020.3.7f1 (dd97f2c94397)
[Subsystems] Discovering subsystems at path /home/valter/Unity/Hub/Editor/2020.3.7f1/Editor/Data/Resources/UnitySubsystems
[Subsystems] Discovering subsystems at path /home/valter/Projects/git/ProtectThePrincess/ProtectThePrincess/Assets
GLX Extensions: GLX_EXT_visual_info GLX_EXT_visual_rating GLX_EXT_import_context GLX_SGIX_fbconfig GLX_SGIX_pbuffer GLX_SGI_video_sync GLX_SGI_swap_control GLX_EXT_swap_control GLX_EXT_swap_control_tear GLX_EXT_texture_from_pixmap GLX_EXT_buffer_age GLX_ARB_create_context GLX_ARB_create_context_profile GLX_EXT_create_context_es_profile GLX_EXT_create_context_es2_profile GLX_ARB_create_context_no_error GLX_ARB_create_context_robustness GLX_NV_delay_before_swap GLX_EXT_stereo_tree GLX_ARB_context_flush_control GLX_NV_robustness_video_memory_purge GLX_NV_multigpu_context GLX_ARB_multisample GLX_NV_float_buffer GLX_ARB_fbconfig_float GLX_EXT_framebuffer_sRGB GLX_NV_copy_image GLX_ARB_get_proc_address 
Renderer: GeForce GTX 1050 Ti/PCIe/SSE2
Vendor:   NVIDIA Corporation
Version:  4.5.0 NVIDIA 460.80
GLES:     0
 GL_AMD_multi_draw_indirect GL_AMD_seamless_cubemap_per_texture GL_AMD_vertex_shader_viewport_index GL_AMD_vertex_shader_layer GL_ARB_arrays_of_arrays GL_ARB_base_instance GL_ARB_bindless_texture GL_ARB_blend_func_extended GL_ARB_buffer_storage GL_ARB_clear_buffer_object GL_ARB_clear_texture GL_ARB_clip_control GL_ARB_color_buffer_float GL_ARB_compressed_texture_pixel_storage GL_ARB_conservative_depth GL_ARB_compute_shader GL_ARB_compute_variable_group_size GL_ARB_conditional_render_inverted GL_ARB_copy_buffer GL_ARB_copy_image GL_ARB_cull_distance GL_ARB_debug_output GL_ARB_depth_buffer_float GL_ARB_depth_clamp GL_ARB_depth_texture GL_ARB_derivative_control GL_ARB_direct_state_access GL_ARB_draw_buffers GL_ARB_draw_buffers_blend GL_ARB_draw_indirect GL_ARB_draw_elements_base_vertex GL_ARB_draw_instanced GL_ARB_enhanced_layouts GL_ARB_ES2_compatibility GL_ARB_ES3_compatibility GL_ARB_ES3_1_compatibility GL_ARB_ES3_2_compatibility GL_ARB_explicit_attrib_location GL_ARB_explicit_uniform_location GL_ARB_fragmen
t_coord_conventions GL_ARB_fragment_layer_viewport GL_ARB_fragment_program GL_ARB_fragment_program_shadow GL_ARB_fragment_shader GL_ARB_fragment_shader_interlock GL_ARB_framebuffer_no_attachments GL_ARB_framebuffer_object GL_ARB_framebuffer_sRGB GL_ARB_geometry_shader4 GL_ARB_get_program_binary GL_ARB_get_texture_sub_image GL_ARB_gl_spirv GL_ARB_gpu_shader5 GL_ARB_gpu_shader_fp64 GL_ARB_gpu_shader_int64 GL_ARB_half_float_pixel GL_ARB_half_float_vertex GL_ARB_imaging GL_ARB_indirect_parameters GL_ARB_instanced_arrays GL_ARB_internalformat_query GL_ARB_internalformat_query2 GL_ARB_invalidate_subdata GL_ARB_map_buffer_alignment GL_ARB_map_buffer_range GL_ARB_multi_bind GL_ARB_multi_draw_indirect GL_ARB_multisample GL_ARB_multitexture GL_ARB_occlusion_query GL_ARB_occlusion_query2 GL_ARB_parallel_shader_compile GL_ARB_pipeline_statistics_query GL_ARB_pixel_buffer_object GL_ARB_point_parameters GL_ARB_point_sprite GL_ARB_polygon_offset_clamp GL_ARB_post_depth_coverage GL_ARB_program_interface_query GL_ARB_provoki
ng_vertex GL_ARB_query_buffer_object GL_ARB_robust_buffer_access_behavior GL_ARB_robustness GL_ARB_sample_locations GL_ARB_sample_shading GL_ARB_sampler_objects GL_ARB_seamless_cube_map GL_ARB_seamless_cubemap_per_texture GL_ARB_separate_shader_objects GL_ARB_shader_atomic_counter_ops GL_ARB_shader_atomic_counters GL_ARB_shader_ballot GL_ARB_shader_bit_encoding GL_ARB_shader_clock GL_ARB_shader_draw_parameters GL_ARB_shader_group_vote GL_ARB_shader_image_load_store GL_ARB_shader_image_size GL_ARB_shader_objects GL_ARB_shader_precision GL_ARB_shader_storage_buffer_object GL_ARB_shader_subroutine GL_ARB_shader_texture_image_samples GL_ARB_shader_texture_lod GL_ARB_shading_language_100 GL_ARB_shader_viewport_layer_array GL_ARB_shading_language_420pack GL_ARB_shading_language_include GL_ARB_shading_language_packing GL_ARB_shadow GL_ARB_sparse_buffer GL_ARB_sparse_texture GL_ARB_sparse_texture2 GL_ARB_sparse_texture_clamp GL_ARB_spirv_extensions GL_ARB_stencil_texturing GL_ARB_sync GL_ARB_tessellation_shader GL_A
RB_texture_barrier GL_ARB_texture_border_clamp GL_ARB_texture_buffer_object GL_ARB_texture_buffer_object_rgb32 GL_ARB_texture_buffer_range GL_ARB_texture_compression GL_ARB_texture_compression_bptc GL_ARB_texture_compression_rgtc GL_ARB_texture_cube_map GL_ARB_texture_cube_map_array GL_ARB_texture_env_add GL_ARB_texture_env_combine GL_ARB_texture_env_crossbar GL_ARB_texture_env_dot3 GL_ARB_texture_filter_anisotropic GL_ARB_texture_filter_minmax GL_ARB_texture_float GL_ARB_texture_gather GL_ARB_texture_mirror_clamp_to_edge GL_ARB_texture_mirrored_repeat GL_ARB_texture_multisample GL_ARB_texture_non_power_of_two GL_ARB_texture_query_levels GL_ARB_texture_query_lod GL_ARB_texture_rectangle GL_ARB_texture_rg GL_ARB_texture_rgb10_a2ui GL_ARB_texture_stencil8 GL_ARB_texture_storage GL_ARB_texture_storage_multisample GL_ARB_texture_swizzle GL_ARB_texture_view GL_ARB_timer_query GL_ARB_transform_feedback2 GL_ARB_transform_feedback3 GL_ARB_transform_feedback_instanced GL_ARB_transform_feedback_overflow_query GL_ARB_t
ranspose_matrix GL_ARB_uniform_buffer_object GL_ARB_vertex_array_bgra GL_ARB_vertex_array_object GL_ARB_vertex_attrib_64bit GL_ARB_vertex_attrib_binding GL_ARB_vertex_buffer_object GL_ARB_vertex_program GL_ARB_vertex_shader GL_ARB_vertex_type_10f_11f_11f_rev GL_ARB_vertex_type_2_10_10_10_rev GL_ARB_viewport_array GL_ARB_window_pos GL_ATI_draw_buffers GL_ATI_texture_float GL_ATI_texture_mirror_once GL_S3_s3tc GL_EXT_texture_env_add GL_EXT_abgr GL_EXT_bgra GL_EXT_bindable_uniform GL_EXT_blend_color GL_EXT_blend_equation_separate GL_EXT_blend_func_separate GL_EXT_blend_minmax GL_EXT_blend_subtract GL_EXT_compiled_vertex_array GL_EXT_Cg_shader GL_EXT_depth_bounds_test GL_EXT_direct_state_access GL_EXT_draw_buffers2 GL_EXT_draw_instanced GL_EXT_draw_range_elements GL_EXT_fog_coord GL_EXT_framebuffer_blit GL_EXT_framebuffer_multisample GL_EXTX_framebuffer_mixed_formats GL_EXT_framebuffer_multisample_blit_scaled GL_EXT_framebuffer_object GL_EXT_framebuffer_sRGB GL_EXT_geometry_shader4 GL_EXT_gpu_program_parameters 
GL_EXT_gpu_shader4 GL_EXT_multi_draw_arrays GL_EXT_multiview_texture_multisample GL_EXT_multiview_timer_query GL_EXT_packed_depth_stencil GL_EXT_packed_float GL_EXT_packed_pixels GL_EXT_pixel_buffer_object GL_EXT_point_parameters GL_EXT_polygon_offset_clamp GL_EXT_post_depth_coverage GL_EXT_provoking_vertex GL_EXT_raster_multisample GL_EXT_rescale_normal GL_EXT_secondary_color GL_EXT_separate_shader_objects GL_EXT_separate_specular_color GL_EXT_shader_image_load_formatted GL_EXT_shader_image_load_store GL_EXT_shader_integer_mix GL_EXT_shadow_funcs GL_EXT_sparse_texture2 GL_EXT_stencil_two_side GL_EXT_stencil_wrap GL_EXT_texture3D GL_EXT_texture_array GL_EXT_texture_buffer_object GL_EXT_texture_compression_dxt1 GL_EXT_texture_compression_latc GL_EXT_texture_compression_rgtc GL_EXT_texture_compression_s3tc GL_EXT_texture_cube_map GL_EXT_texture_edge_clamp GL_EXT_texture_env_combine GL_EXT_texture_env_dot3 GL_EXT_texture_filter_anisotropic GL_EXT_texture_filter_minmax GL_EXT_texture_integer GL_EXT_texture_lod G
L_EXT_texture_lod_bias GL_EXT_texture_mirror_clamp GL_EXT_texture_object GL_EXT_texture_shadow_lod GL_EXT_texture_shared_exponent GL_EXT_texture_sRGB GL_EXT_texture_sRGB_R8 GL_EXT_texture_sRGB_decode GL_EXT_texture_storage GL_EXT_texture_swizzle GL_EXT_timer_query GL_EXT_transform_feedback2 GL_EXT_vertex_array GL_EXT_vertex_array_bgra GL_EXT_vertex_attrib_64bit GL_EXT_window_rectangles GL_EXT_x11_sync_object GL_EXT_import_sync_object GL_NV_robustness_video_memory_purge GL_IBM_rasterpos_clip GL_IBM_texture_mirrored_repeat GL_KHR_context_flush_control GL_KHR_debug GL_EXT_memory_object GL_EXT_memory_object_fd GL_NV_memory_object_sparse GL_KHR_parallel_shader_compile GL_KHR_no_error GL_KHR_robust_buffer_access_behavior GL_KHR_robustness GL_EXT_semaphore GL_EXT_semaphore_fd GL_NV_timeline_semaphore GL_KHR_shader_subgroup GL_KTX_buffer_region GL_NV_alpha_to_coverage_dither_control GL_NV_bindless_multi_draw_indirect GL_NV_bindless_multi_draw_indirect_count GL_NV_bindless_texture GL_NV_blend_equation_advanced GL_NV_
blend_equation_advanced_coherent GL_NVX_blend_equation_advanced_multi_draw_buffers GL_NV_blend_minmax_factor GL_NV_blend_square GL_NV_clip_space_w_scaling GL_NV_command_list GL_NV_compute_program5 GL_NV_conditional_render GL_NV_conservative_raster GL_NV_conservative_raster_dilate GL_NV_conservative_raster_pre_snap_triangles GL_NV_copy_depth_to_color GL_NV_copy_image GL_NV_depth_buffer_float GL_NV_depth_clamp GL_NV_draw_texture GL_NV_draw_vulkan_image GL_NV_ES1_1_compatibility GL_NV_ES3_1_compatibility GL_NV_explicit_multisample GL_NV_feature_query GL_NV_fence GL_NV_fill_rectangle GL_NV_float_buffer GL_NV_fog_distance GL_NV_fragment_coverage_to_color GL_NV_fragment_program GL_NV_fragment_program_option GL_NV_fragment_program2 GL_NV_fragment_shader_interlock GL_NV_framebuffer_mixed_samples GL_NV_framebuffer_multisample_coverage GL_NV_geometry_shader4 GL_NV_geometry_shader_passthrough GL_NV_gpu_program4 GL_NV_internalformat_sample_query GL_NV_gpu_program4_1 GL_NV_gpu_program5 GL_NV_gpu_program5_mem_extended GL_
NV_gpu_program_fp64 GL_NV_gpu_shader5 GL_NV_half_float GL_NV_light_max_exponent GL_NV_memory_attachment GL_NV_multisample_coverage GL_NV_multisample_filter_hint GL_NV_occlusion_query GL_NV_packed_depth_stencil GL_NV_parameter_buffer_object GL_NV_parameter_buffer_object2 GL_NV_path_rendering GL_NV_path_rendering_shared_edge GL_NV_pixel_data_range GL_NV_point_sprite GL_NV_primitive_restart GL_NV_query_resource GL_NV_query_resource_tag GL_NV_register_combiners GL_NV_register_combiners2 GL_NV_sample_locations GL_NV_sample_mask_override_coverage GL_NV_shader_atomic_counters GL_NV_shader_atomic_float GL_NV_shader_atomic_float64 GL_NV_shader_atomic_fp16_vector GL_NV_shader_atomic_int64 GL_NV_shader_buffer_load GL_NV_shader_storage_buffer_object GL_NV_shader_subgroup_partitioned GL_NV_stereo_view_rendering GL_NV_texgen_reflection GL_NV_texture_barrier GL_NV_texture_compression_vtc GL_NV_texture_env_combine4 GL_NV_texture_multisample GL_NV_texture_rectangle GL_NV_texture_rectangle_compressed GL_NV_texture_shader GL_N
V_texture_shader2 GL_NV_texture_shader3 GL_NV_transform_feedback GL_NV_transform_feedback2 GL_NV_uniform_buffer_unified_memory GL_NV_vdpau_interop GL_NV_vdpau_interop2 GL_NV_vertex_array_range GL_NV_vertex_array_range2 GL_NV_vertex_attrib_integer_64bit GL_NV_vertex_buffer_unified_memory GL_NV_vertex_program GL_NV_vertex_program1_1 GL_NV_vertex_program2 GL_NV_vertex_program2_option GL_NV_vertex_program3 GL_NV_viewport_array2 GL_NV_viewport_swizzle GL_NVX_conditional_render GL_NV_gpu_multicast GL_NVX_progress_fence GL_NVX_gpu_memory_info GL_NVX_nvenc_interop GL_NV_shader_thread_group GL_NV_shader_thread_shuffle GL_KHR_blend_equation_advanced GL_KHR_blend_equation_advanced_coherent GL_OVR_multiview GL_OVR_multiview2 GL_SGIS_generate_mipmap GL_SGIS_texture_lod GL_SGIX_depth_texture GL_SGIX_shadow GL_SUN_slice_accum
OPENGL LOG: Creating OpenGL 4.5 graphics device ; Context level  <OpenGL 4.5> ; Context handle 380028824
Initialize mono
Mono path[0] = '/home/valter/Unity/Hub/Editor/2020.3.7f1/Editor/Data/Managed'
Mono path[1] = '/home/valter/Unity/Hub/Editor/2020.3.7f1/Editor/Data/MonoBleedingEdge/lib/mono/unityjit'
Mono config path = '/home/valter/Unity/Hub/Editor/2020.3.7f1/Editor/Data/MonoBleedingEdge/etc'
Using monoOptions --debugger-agent=transport=dt_socket,embedding=1,server=y,suspend=n,address=127.0.0.1:56621
Begin MonoManager ReloadAssembly
Registering precompiled unity dll's ...
Register platform support module: /home/valter/Unity/Hub/Editor/2020.3.7f1/Editor/Data/PlaybackEngines/WebGLSupport/UnityEditor.WebGL.Extensions.dll
Register platform support module: /home/valter/Unity/Hub/Editor/2020.3.7f1/Editor/Data/PlaybackEngines/LinuxStandaloneSupport/UnityEditor.LinuxStandalone.Extensions.dll
Registered in 0,004083 seconds.
Native extension for LinuxStandalone target not found
Native extension for WebGL target not found
Refreshing native plugins compatible for Editor in 95,61 ms, found 1 plugins.
Preloading 0 native plugins for Editor in 0,00 ms.
Mono: successfully reloaded assembly
- Completed reload, in  3,164 seconds
Platform modules already initialized, skipping
Registering precompiled user dll's ...
Registered in 0,001512 seconds.
Begin MonoManager ReloadAssembly
Native extension for LinuxStandalone target not found
Native extension for WebGL target not found
Refreshing native plugins compatible for Editor in 96,35 ms, found 1 plugins.
Preloading 0 native plugins for Editor in 0,00 ms.
Mono: successfully reloaded assembly
- Completed reload, in  1,925 seconds
Platform modules already initialized, skipping
========================================================================
Worker process is ready to serve import requests
Launched and connected shader compiler UnityShaderCompiler after 0.02 seconds
Refreshing native plugins compatible for Editor in 0,81 ms, found 1 plugins.
Preloading 0 native plugins for Editor in 0,00 ms.
Unloading 1827 Unused Serialized files (Serialized files now loaded: 0)
System memory in use before: 79,8 MB.
System memory in use after: 79,8 MB.

Unloading 24 unused Assets to reduce memory usage. Loaded Objects now: 2270.
Total: 5,693018 ms (FindLiveObjects: 0,339623 ms CreateObjectMapping: 0,114527 ms MarkObjects: 4,718575 ms  DeleteObjects: 0,517623 ms)

========================================================================
Received Import Request.
  path: ProjectSettings/TagManager.asset
  artifactKey: Guid(00000000000000003000000000000000) Importer(815301076,1909f56bfc062723c751e8b465ee728b)
Start importing ProjectSettings/TagManager.asset using Guid(00000000000000003000000000000000) Importer(815301076,1909f56bfc062723c751e8b465ee728b)  -> (artifact id: 'dd4283cd72df88f59e414847a682facd') in 0,022467 seconds
  Import took 0,028055 seconds .

========================================================================
Received Import Request.
  Time since last request: 15,530646 seconds.
  path: ProjectSettings/TagManager.asset
  artifactKey: Guid(00000000000000003000000000000000) Importer(815301076,1909f56bfc062723c751e8b465ee728b)
Start importing ProjectSettings/TagManager.asset using Guid(00000000000000003000000000000000) Importer(815301076,1909f56bfc062723c751e8b465ee728b)  -> (artifact id: '6ee6df8a625d7b8a87ed323a9b3ce71e') in 0,003539 seconds
  Import took 0,009797 seconds .

========================================================================
Received Import Request.
  Time since last request: 28,565254 seconds.
  path: Assets/Project/Prefabs/Square.prefab
  artifactKey: Guid(ef7aa58cfae3f7790ad7f2648bf10e6b) Importer(815301076,1909f56bfc062723c751e8b465ee728b)
Start importing Assets/Project/Prefabs/Square.prefab using Guid(ef7aa58cfae3f7790ad7f2648bf10e6b) Importer(815301076,1909f56bfc062723c751e8b465ee728b)  -> (artifact id: 'eb67de1ed150406591a96d803803d73a') in 0,145313 seconds
  Import took 0,151213 seconds .

========================================================================
Received Import Request.
  Time since last request: 7,086814 seconds.
  path: Assets/Project/Prefabs/Square.prefab
  artifactKey: Guid(ef7aa58cfae3f7790ad7f2648bf10e6b) Importer(815301076,1909f56bfc062723c751e8b465ee728b)
Start importing Assets/Project/Prefabs/Square.prefab using Guid(ef7aa58cfae3f7790ad7f2648bf10e6b) Importer(815301076,1909f56bfc062723c751e8b465ee728b)  -> (artifact id: '5672a9622026e0b63b9332997d9e77f7') in 0,017924 seconds
  Import took 0,024945 seconds .

========================================================================
Received Import Request.
  Time since last request: 0,039161 seconds.
  path: Assets/Project/Prefabs/Square.prefab
  artifactKey: Guid(ef7aa58cfae3f7790ad7f2648bf10e6b) Importer(815301076,1909f56bfc062723c751e8b465ee728b)
Start importing Assets/Project/Prefabs/Square.prefab using Guid(ef7aa58cfae3f7790ad7f2648bf10e6b) Importer(815301076,1909f56bfc062723c751e8b465ee728b)  -> (artifact id: '5672a9622026e0b63b9332997d9e77f7') in 0,021619 seconds
  Import took 0,028332 seconds .

========================================================================
Received Prepare
Registering precompiled user dll's ...
Registered in 0,001463 seconds.
Begin MonoManager ReloadAssembly
Native extension for LinuxStandalone target not found
Native extension for WebGL target not found
Refreshing native plugins compatible for Editor in 0,81 ms, found 1 plugins.
Preloading 0 native plugins for Editor in 0,00 ms.
Mono: successfully reloaded assembly
- Completed reload, in  1,804 seconds
Platform modules already initialized, skipping
Switching build target platform(24) subTarget(0) extendedPlatform(0) -> platform(13) subTarget(537395200) extendedPlatform(0)
Refreshing native plugins compatible for Editor in 0,79 ms, found 1 plugins.
Preloading 0 native plugins for Editor in 0,00 ms.
Unloading 1825 Unused Serialized files (Serialized files now loaded: 0)
System memory in use before: 81,2 MB.
System memory in use after: 81,2 MB.

Unloading 14 unused Assets to reduce memory usage. Loaded Objects now: 2281.
Total: 5,966592 ms (FindLiveObjects: 0,596468 ms CreateObjectMapping: 0,117324 ms MarkObjects: 4,951659 ms  DeleteObjects: 0,297270 ms)

AssetImportParameters requested are different than current active one (requested -> active):
  custom:graphics/normal-map-encoding: 01000000000000000000000000000000 -> 02000000000000000000000000000000
========================================================================
Received Import Request.
  Time since last request: 38,383041 seconds.
  path: Assets/Project/Prefabs/Square.prefab
  artifactKey: Guid(ef7aa58cfae3f7790ad7f2648bf10e6b) Importer(815301076,1909f56bfc062723c751e8b465ee728b)
Start importing Assets/Project/Prefabs/Square.prefab using Guid(ef7aa58cfae3f7790ad7f2648bf10e6b) Importer(815301076,1909f56bfc062723c751e8b465ee728b)  -> (artifact id: '2c3a1b2b31cf31ee96417429008aa29f') in 0,120927 seconds
  Import took 0,127099 seconds .

========================================================================
Received Prepare
Registering precompiled user dll's ...
Registered in 0,001316 seconds.
Begin MonoManager ReloadAssembly
Native extension for LinuxStandalone target not found
Native extension for WebGL target not found
Refreshing native plugins compatible for Editor in 0,67 ms, found 1 plugins.
Preloading 0 native plugins for Editor in 0,00 ms.
Mono: successfully reloaded assembly
- Completed reload, in  1,698 seconds
Platform modules already initialized, skipping
Switching build target platform(24) subTarget(0) extendedPlatform(0) -> platform(13) subTarget(537395200) extendedPlatform(0)
Refreshing native plugins compatible for Editor in 0,82 ms, found 1 plugins.
Preloading 0 native plugins for Editor in 0,00 ms.
Unloading 1825 Unused Serialized files (Serialized files now loaded: 0)
System memory in use before: 81,2 MB.
System memory in use after: 81,2 MB.

Unloading 12 unused Assets to reduce memory usage. Loaded Objects now: 2286.
Total: 5,655689 ms (FindLiveObjects: 0,568047 ms CreateObjectMapping: 0,112168 ms MarkObjects: 4,694433 ms  DeleteObjects: 0,277518 ms)

AssetImportParameters requested are different than current active one (requested -> active):
  custom:graphics/normal-map-encoding: 01000000000000000000000000000000 -> 02000000000000000000000000000000
========================================================================
Received Prepare
Registering precompiled user dll's ...
Registered in 0,001805 seconds.
Begin MonoManager ReloadAssembly
Native extension for LinuxStandalone target not found
Native extension for WebGL target not found
Refreshing native plugins compatible for Editor in 0,85 ms, found 1 plugins.
Preloading 0 native plugins for Editor in 0,00 ms.
Mono: successfully reloaded assembly
- Completed reload, in  1,584 seconds
Platform modules already initialized, skipping
Switching build target platform(24) subTarget(0) extendedPlatform(0) -> platform(13) subTarget(537395200) extendedPlatform(0)
Refreshing native plugins compatible for Editor in 0,83 ms, found 1 plugins.
Preloading 0 native plugins for Editor in 0,00 ms.
Unloading 1825 Unused Serialized files (Serialized files now loaded: 0)
System memory in use before: 81,3 MB.
System memory in use after: 81,3 MB.

Unloading 12 unused Assets to reduce memory usage. Loaded Objects now: 2290.
Total: 4,449842 ms (FindLiveObjects: 0,320612 ms CreateObjectMapping: 0,097383 ms MarkObjects: 3,820995 ms  DeleteObjects: 0,207458 ms)

AssetImportParameters requested are different than current active one (requested -> active):
  custom:graphics/normal-map-encoding: 01000000000000000000000000000000 -> 02000000000000000000000000000000
========================================================================
Received Import Request.
  Time since last request: 225,419060 seconds.
  path: Assets/Project/Prefabs/Enemy Prefabs/Enemy.prefab
  artifactKey: Guid(7b15520c9d8ac49bf908d89d3bdcf321) Importer(815301076,1909f56bfc062723c751e8b465ee728b)
Start importing Assets/Project/Prefabs/Enemy Prefabs/Enemy.prefab using Guid(7b15520c9d8ac49bf908d89d3bdcf321) Importer(815301076,1909f56bfc062723c751e8b465ee728b)  -> (artifact id: '6c3a139d45cbadb2de30484d27c6c8cb') in 0,132929 seconds
  Import took 0,139714 seconds .

========================================================================
Received Import Request.
  Time since last request: 0,000220 seconds.
  path: Assets/Project/Prefabs/Enemy Prefabs/Enemy3.prefab
  artifactKey: Guid(c0c6454c7692020a4b0b532d168d0daa) Importer(815301076,1909f56bfc062723c751e8b465ee728b)
Start importing Assets/Project/Prefabs/Enemy Prefabs/Enemy3.prefab using Guid(c0c6454c7692020a4b0b532d168d0daa) Importer(815301076,1909f56bfc062723c751e8b465ee728b)  -> (artifact id: 'bfdd150581a820d690bd54c50339e193') in 0,029478 seconds
  Import took 0,035913 seconds .

========================================================================
Received Import Request.
  Time since last request: 0,001078 seconds.
  path: Assets/Project/Prefabs/Enemy Prefabs/Enemy3.prefab
  artifactKey: Guid(c0c6454c7692020a4b0b532d168d0daa) Importer(815301076,1909f56bfc062723c751e8b465ee728b)
Start importing Assets/Project/Prefabs/Enemy Prefabs/Enemy3.prefab using Guid(c0c6454c7692020a4b0b532d168d0daa) Importer(815301076,1909f56bfc062723c751e8b465ee728b)  -> (artifact id: 'bfdd150581a820d690bd54c50339e193') in 0,023263 seconds
  Import took 0,030013 seconds .

========================================================================
Received Prepare
Registering precompiled user dll's ...
Registered in 0,001311 seconds.
Begin MonoManager ReloadAssembly
Native extension for LinuxStandalone target not found
Native extension for WebGL target not found
Refreshing native plugins compatible for Editor in 0,66 ms, found 1 plugins.
Preloading 0 native plugins for Editor in 0,00 ms.
Mono: successfully reloaded assembly
- Completed reload, in  1,603 seconds
Platform modules already initialized, skipping
Switching build target platform(24) subTarget(0) extendedPlatform(0) -> platform(13) subTarget(537395200) extendedPlatform(0)
Refreshing native plugins compatible for Editor in 0,63 ms, found 1 plugins.
Preloading 0 native plugins for Editor in 0,00 ms.
Unloading 1825 Unused Serialized files (Serialized files now loaded: 0)
System memory in use before: 81,3 MB.
System memory in use after: 81,3 MB.

Unloading 12 unused Assets to reduce memory usage. Loaded Objects now: 2295.
Total: 4,809273 ms (FindLiveObjects: 0,299820 ms CreateObjectMapping: 0,097294 ms MarkObjects: 4,153433 ms  DeleteObjects: 0,256283 ms)

AssetImportParameters requested are different than current active one (requested -> active):
  custom:graphics/normal-map-encoding: 01000000000000000000000000000000 -> 02000000000000000000000000000000
========================================================================
Received Import Request.
  Time since last request: 110,968214 seconds.
  path: Assets/Project/Prefabs/Building.prefab
  artifactKey: Guid(2ae2468adb9f6a5389c50b1ba9b8baae) Importer(815301076,1909f56bfc062723c751e8b465ee728b)
Start importing Assets/Project/Prefabs/Building.prefab using Guid(2ae2468adb9f6a5389c50b1ba9b8baae) Importer(815301076,1909f56bfc062723c751e8b465ee728b)  -> (artifact id: '678b1464c683f20872a7fa64f74a01fc') in 0,118698 seconds
  Import took 0,124173 seconds .

========================================================================
Received Import Request.
  Time since last request: 11,237809 seconds.
  path: Assets/Project/Prefabs/Building.prefab
  artifactKey: Guid(2ae2468adb9f6a5389c50b1ba9b8baae) Importer(815301076,1909f56bfc062723c751e8b465ee728b)
Start importing Assets/Project/Prefabs/Building.prefab using Guid(2ae2468adb9f6a5389c50b1ba9b8baae) Importer(815301076,1909f56bfc062723c751e8b465ee728b)  -> (artifact id: '8e7ad846d3ebac8139ff50c02704302e') in 0,028414 seconds
  Import took 0,036016 seconds .

========================================================================
Received Import Request.
  Time since last request: 8,659910 seconds.
  path: Assets/Project/Scripts/Enemy System
  artifactKey: Guid(99833bf53f9450ad59d6989308544448) Importer(815301076,1909f56bfc062723c751e8b465ee728b)
Start importing Assets/Project/Scripts/Enemy System using Guid(99833bf53f9450ad59d6989308544448) Importer(815301076,1909f56bfc062723c751e8b465ee728b)  -> (artifact id: '1072ece11c0fc224dea7d3138a6545c5') in 0,001196 seconds
  Import took 0,006341 seconds .

========================================================================
Received Prepare
Registering precompiled user dll's ...
Registered in 0,001460 seconds.
Begin MonoManager ReloadAssembly
Native extension for LinuxStandalone target not found
Native extension for WebGL target not found
Refreshing native plugins compatible for Editor in 0,63 ms, found 1 plugins.
Preloading 0 native plugins for Editor in 0,00 ms.
Mono: successfully reloaded assembly
- Completed reload, in  1,691 seconds
Platform modules already initialized, skipping
Switching build target platform(24) subTarget(0) extendedPlatform(0) -> platform(13) subTarget(537395200) extendedPlatform(0)
Refreshing native plugins compatible for Editor in 0,78 ms, found 1 plugins.
Preloading 0 native plugins for Editor in 0,00 ms.
Unloading 1826 Unused Serialized files (Serialized files now loaded: 0)
System memory in use before: 81,3 MB.
System memory in use after: 81,3 MB.

Unloading 12 unused Assets to reduce memory usage. Loaded Objects now: 2301.
Total: 10,344443 ms (FindLiveObjects: 0,512232 ms CreateObjectMapping: 0,101359 ms MarkObjects: 9,471057 ms  DeleteObjects: 0,257152 ms)

AssetImportParameters requested are different than current active one (requested -> active):
  custom:graphics/normal-map-encoding: 01000000000000000000000000000000 -> 02000000000000000000000000000000
========================================================================
Received Import Request.
  Time since last request: 14,645371 seconds.
  path: Assets/Project/Scripts/Enemy System/EnemyAttack.cs
  artifactKey: Guid(175e084f6c232e895b54b637ee967ff3) Importer(815301076,1909f56bfc062723c751e8b465ee728b)
Start importing Assets/Project/Scripts/Enemy System/EnemyAttack.cs using Guid(175e084f6c232e895b54b637ee967ff3) Importer(815301076,1909f56bfc062723c751e8b465ee728b)  -> (artifact id: '2adec7e0ce1a81f738d5fcd5813b155b') in 0,007188 seconds
  Import took 0,013621 seconds .

========================================================================
Received Prepare
Registering precompiled user dll's ...
Registered in 0,001887 seconds.
Begin MonoManager ReloadAssembly
Native extension for LinuxStandalone target not found
Native extension for WebGL target not found
Refreshing native plugins compatible for Editor in 0,87 ms, found 1 plugins.
Preloading 0 native plugins for Editor in 0,00 ms.
Mono: successfully reloaded assembly
- Completed reload, in  2,215 seconds
Platform modules already initialized, skipping
Switching build target platform(24) subTarget(0) extendedPlatform(0) -> platform(13) subTarget(537395200) extendedPlatform(0)
Refreshing native plugins compatible for Editor in 1,11 ms, found 1 plugins.
Preloading 0 native plugins for Editor in 0,00 ms.
Unloading 1826 Unused Serialized files (Serialized files now loaded: 0)
System memory in use before: 81,4 MB.
System memory in use after: 81,4 MB.

Unloading 12 unused Assets to reduce memory usage. Loaded Objects now: 2305.
Total: 11,371524 ms (FindLiveObjects: 0,617246 ms CreateObjectMapping: 0,115773 ms MarkObjects: 10,315235 ms  DeleteObjects: 0,319052 ms)

AssetImportParameters requested are different than current active one (requested -> active):
  custom:graphics/normal-map-encoding: 01000000000000000000000000000000 -> 02000000000000000000000000000000
========================================================================
Received Import Request.
  Time since last request: 6456,562409 seconds.
  path: Assets/Project/Scripts/Enemy System/EnemyAttack.cs
  artifactKey: Guid(175e084f6c232e895b54b637ee967ff3) Importer(815301076,1909f56bfc062723c751e8b465ee728b)
Start importing Assets/Project/Scripts/Enemy System/EnemyAttack.cs using Guid(175e084f6c232e895b54b637ee967ff3) Importer(815301076,1909f56bfc062723c751e8b465ee728b)  -> (artifact id: 'f00f159c8a821931d38563c77aec4e71') in 0,012028 seconds
  Import took 0,018942 seconds .

========================================================================
Received Import Request.
  Time since last request: 0,214519 seconds.
  path: Assets/Project/Scripts/Enemy System/EnemyAttack.cs
  artifactKey: Guid(175e084f6c232e895b54b637ee967ff3) Importer(815301076,1909f56bfc062723c751e8b465ee728b)
Start importing Assets/Project/Scripts/Enemy System/EnemyAttack.cs using Guid(175e084f6c232e895b54b637ee967ff3) Importer(815301076,1909f56bfc062723c751e8b465ee728b)  -> (artifact id: 'f00f159c8a821931d38563c77aec4e71') in 0,001470 seconds
  Import took 0,007875 seconds .

========================================================================
Received Prepare
Registering precompiled user dll's ...
Registered in 0,002201 seconds.
Begin MonoManager ReloadAssembly
Native extension for LinuxStandalone target not found
Native extension for WebGL target not found
Refreshing native plugins compatible for Editor in 0,84 ms, found 1 plugins.
Preloading 0 native plugins for Editor in 0,00 ms.
Mono: successfully reloaded assembly
- Completed reload, in  2,296 seconds
Platform modules already initialized, skipping
Switching build target platform(24) subTarget(0) extendedPlatform(0) -> platform(13) subTarget(537395200) extendedPlatform(0)
Refreshing native plugins compatible for Editor in 0,64 ms, found 1 plugins.
Preloading 0 native plugins for Editor in 0,00 ms.
Unloading 1826 Unused Serialized files (Serialized files now loaded: 0)
System memory in use before: 81,4 MB.
System memory in use after: 81,4 MB.

Unloading 12 unused Assets to reduce memory usage. Loaded Objects now: 2309.
Total: 10,474424 ms (FindLiveObjects: 0,588639 ms CreateObjectMapping: 0,140676 ms MarkObjects: 9,374320 ms  DeleteObjects: 0,366200 ms)

AssetImportParameters requested are different than current active one (requested -> active):
  custom:graphics/normal-map-encoding: 01000000000000000000000000000000 -> 02000000000000000000000000000000
========================================================================
Received Prepare
Registering precompiled user dll's ...
Registered in 0,001825 seconds.
Begin MonoManager ReloadAssembly
Native extension for LinuxStandalone target not found
Native extension for WebGL target not found
Refreshing native plugins compatible for Editor in 0,83 ms, found 1 plugins.
Preloading 0 native plugins for Editor in 0,00 ms.
Mono: successfully reloaded assembly
- Completed reload, in  2,312 seconds
Platform modules already initialized, skipping
Switching build target platform(24) subTarget(0) extendedPlatform(0) -> platform(13) subTarget(537395200) extendedPlatform(0)
Refreshing native plugins compatible for Editor in 0,83 ms, found 1 plugins.
Preloading 0 native plugins for Editor in 0,00 ms.
Unloading 1826 Unused Serialized files (Serialized files now loaded: 0)
System memory in use before: 81,4 MB.
System memory in use after: 81,4 MB.

Unloading 12 unused Assets to reduce memory usage. Loaded Objects now: 2313.
Total: 6,681602 ms (FindLiveObjects: 0,548791 ms CreateObjectMapping: 0,109777 ms MarkObjects: 5,762681 ms  DeleteObjects: 0,257019 ms)

AssetImportParameters requested are different than current active one (requested -> active):
  custom:graphics/normal-map-encoding: 01000000000000000000000000000000 -> 02000000000000000000000000000000
========================================================================
Received Prepare
Registering precompiled user dll's ...
Registered in 0,001834 seconds.
Begin MonoManager ReloadAssembly
Native extension for LinuxStandalone target not found
Native extension for WebGL target not found
Refreshing native plugins compatible for Editor in 0,91 ms, found 1 plugins.
Preloading 0 native plugins for Editor in 0,00 ms.
Mono: successfully reloaded assembly
- Completed reload, in  2,136 seconds
Platform modules already initialized, skipping
Switching build target platform(24) subTarget(0) extendedPlatform(0) -> platform(13) subTarget(537395200) extendedPlatform(0)
Refreshing native plugins compatible for Editor in 0,79 ms, found 1 plugins.
Preloading 0 native plugins for Editor in 0,00 ms.
Unloading 1826 Unused Serialized files (Serialized files now loaded: 0)
System memory in use before: 81,4 MB.
System memory in use after: 81,4 MB.

Unloading 12 unused Assets to reduce memory usage. Loaded Objects now: 2317.
Total: 4,253197 ms (FindLiveObjects: 0,475192 ms CreateObjectMapping: 0,107140 ms MarkObjects: 3,431416 ms  DeleteObjects: 0,235811 ms)

AssetImportParameters requested are different than current active one (requested -> active):
  custom:graphics/normal-map-encoding: 01000000000000000000000000000000 -> 02000000000000000000000000000000
========================================================================
Received Prepare
Registering precompiled user dll's ...
Registered in 0,001821 seconds.
Begin MonoManager ReloadAssembly
Native extension for LinuxStandalone target not found
Native extension for WebGL target not found
Refreshing native plugins compatible for Editor in 0,69 ms, found 1 plugins.
Preloading 0 native plugins for Editor in 0,00 ms.
Mono: successfully reloaded assembly
- Completed reload, in  2,247 seconds
Platform modules already initialized, skipping
Switching build target platform(24) subTarget(0) extendedPlatform(0) -> platform(13) subTarget(537395200) extendedPlatform(0)
Refreshing native plugins compatible for Editor in 0,83 ms, found 1 plugins.
Preloading 0 native plugins for Editor in 0,00 ms.
Unloading 1826 Unused Serialized files (Serialized files now loaded: 0)
System memory in use before: 81,4 MB.
System memory in use after: 81,4 MB.

Unloading 12 unused Assets to reduce memory usage. Loaded Objects now: 2321.
Total: 6,422495 ms (FindLiveObjects: 0,542080 ms CreateObjectMapping: 0,101543 ms MarkObjects: 5,490168 ms  DeleteObjects: 0,285078 ms)

AssetImportParameters requested are different than current active one (requested -> active):
  custom:graphics/normal-map-encoding: 01000000000000000000000000000000 -> 02000000000000000000000000000000
========================================================================
Received Prepare
Registering precompiled user dll's ...
Registered in 0,002464 seconds.
Begin MonoManager ReloadAssembly
Native extension for LinuxStandalone target not found
Native extension for WebGL target not found
Refreshing native plugins compatible for Editor in 0,86 ms, found 1 plugins.
Preloading 0 native plugins for Editor in 0,00 ms.
Mono: successfully reloaded assembly
- Completed reload, in  2,378 seconds
Platform modules already initialized, skipping
Switching build target platform(24) subTarget(0) extendedPlatform(0) -> platform(13) subTarget(537395200) extendedPlatform(0)
Refreshing native plugins compatible for Editor in 0,64 ms, found 1 plugins.
Preloading 0 native plugins for Editor in 0,00 ms.
Unloading 1826 Unused Serialized files (Serialized files now loaded: 0)
System memory in use before: 81,4 MB.
System memory in use after: 81,4 MB.

Unloading 12 unused Assets to reduce memory usage. Loaded Objects now: 2325.
Total: 6,709180 ms (FindLiveObjects: 0,638948 ms CreateObjectMapping: 0,112119 ms MarkObjects: 5,664390 ms  DeleteObjects: 0,289593 ms)

AssetImportParameters requested are different than current active one (requested -> active):
  custom:graphics/normal-map-encoding: 01000000000000000000000000000000 -> 02000000000000000000000000000000
========================================================================
Received Prepare
Registering precompiled user dll's ...
Registered in 0,002132 seconds.
Begin MonoManager ReloadAssembly
Native extension for LinuxStandalone target not found
Native extension for WebGL target not found
Refreshing native plugins compatible for Editor in 0,83 ms, found 1 plugins.
Preloading 0 native plugins for Editor in 0,00 ms.
Mono: successfully reloaded assembly
- Completed reload, in  2,315 seconds
Platform modules already initialized, skipping
Switching build target platform(24) subTarget(0) extendedPlatform(0) -> platform(13) subTarget(537395200) extendedPlatform(0)
Refreshing native plugins compatible for Editor in 0,85 ms, found 1 plugins.
Preloading 0 native plugins for Editor in 0,00 ms.
Unloading 1826 Unused Serialized files (Serialized files now loaded: 0)
System memory in use before: 81,4 MB.
System memory in use after: 81,4 MB.

Unloading 12 unused Assets to reduce memory usage. Loaded Objects now: 2329.
Total: 13,003307 ms (FindLiveObjects: 0,581187 ms CreateObjectMapping: 0,115297 ms MarkObjects: 11,961749 ms  DeleteObjects: 0,339685 ms)

AssetImportParameters requested are different than current active one (requested -> active):
  custom:graphics/normal-map-encoding: 01000000000000000000000000000000 -> 02000000000000000000000000000000
========================================================================
Received Import Request.
  Time since last request: 279,919094 seconds.
  path: Assets/Project/Prefabs/Building.prefab
  artifactKey: Guid(2ae2468adb9f6a5389c50b1ba9b8baae) Importer(815301076,1909f56bfc062723c751e8b465ee728b)
Start importing Assets/Project/Prefabs/Building.prefab using Guid(2ae2468adb9f6a5389c50b1ba9b8baae) Importer(815301076,1909f56bfc062723c751e8b465ee728b)  -> (artifact id: '18765b0afbc3cfbfff106a88ae9f3bb8') in 0,234673 seconds
  Import took 0,241526 seconds .

========================================================================
Received Prepare
Registering precompiled user dll's ...
Registered in 0,001766 seconds.
Begin MonoManager ReloadAssembly
Native extension for LinuxStandalone target not found
Native extension for WebGL target not found
Refreshing native plugins compatible for Editor in 0,85 ms, found 1 plugins.
Preloading 0 native plugins for Editor in 0,00 ms.
Mono: successfully reloaded assembly
- Completed reload, in  2,493 seconds
Platform modules already initialized, skipping
Switching build target platform(24) subTarget(0) extendedPlatform(0) -> platform(13) subTarget(537395200) extendedPlatform(0)
Refreshing native plugins compatible for Editor in 0,81 ms, found 1 plugins.
Preloading 0 native plugins for Editor in 0,00 ms.
Unloading 1826 Unused Serialized files (Serialized files now loaded: 0)
System memory in use before: 81,4 MB.
System memory in use after: 81,4 MB.

Unloading 12 unused Assets to reduce memory usage. Loaded Objects now: 2334.
Total: 4,845922 ms (FindLiveObjects: 0,424931 ms CreateObjectMapping: 0,105235 ms MarkObjects: 4,039180 ms  DeleteObjects: 0,272991 ms)

AssetImportParameters requested are different than current active one (requested -> active):
  custom:graphics/normal-map-encoding: 01000000000000000000000000000000 -> 02000000000000000000000000000000
========================================================================
Received Import Request.
  Time since last request: 91,992712 seconds.
  path: Assets/Project/Prefabs/Building.prefab
  artifactKey: Guid(2ae2468adb9f6a5389c50b1ba9b8baae) Importer(815301076,1909f56bfc062723c751e8b465ee728b)
Start importing Assets/Project/Prefabs/Building.prefab using Guid(2ae2468adb9f6a5389c50b1ba9b8baae) Importer(815301076,1909f56bfc062723c751e8b465ee728b)  -> (artifact id: '7988fd09133ecfb83ac7596a44173621') in 0,163390 seconds
  Import took 0,170295 seconds .

========================================================================
Received Prepare
Registering precompiled user dll's ...
Registered in 0,001868 seconds.
Begin MonoManager ReloadAssembly
Native extension for LinuxStandalone target not found
Native extension for WebGL target not found
Refreshing native plugins compatible for Editor in 0,85 ms, found 1 plugins.
Preloading 0 native plugins for Editor in 0,00 ms.
Mono: successfully reloaded assembly
- Completed reload, in  2,480 seconds
Platform modules already initialized, skipping
Switching build target platform(24) subTarget(0) extendedPlatform(0) -> platform(13) subTarget(537395200) extendedPlatform(0)
Refreshing native plugins compatible for Editor in 0,81 ms, found 1 plugins.
Preloading 0 native plugins for Editor in 0,00 ms.
Unloading 1826 Unused Serialized files (Serialized files now loaded: 0)
System memory in use before: 81,4 MB.
System memory in use after: 81,4 MB.

Unloading 12 unused Assets to reduce memory usage. Loaded Objects now: 2339.
Total: 4,834985 ms (FindLiveObjects: 0,369407 ms CreateObjectMapping: 0,097285 ms MarkObjects: 3,938025 ms  DeleteObjects: 0,426863 ms)

AssetImportParameters requested are different than current active one (requested -> active):
  custom:graphics/normal-map-encoding: 01000000000000000000000000000000 -> 02000000000000000000000000000000
========================================================================
Received Import Request.
  Time since last request: 15,581910 seconds.
  path: Assets/Project/Prefabs/Building.prefab
  artifactKey: Guid(2ae2468adb9f6a5389c50b1ba9b8baae) Importer(815301076,1909f56bfc062723c751e8b465ee728b)
Start importing Assets/Project/Prefabs/Building.prefab using Guid(2ae2468adb9f6a5389c50b1ba9b8baae) Importer(815301076,1909f56bfc062723c751e8b465ee728b)  -> (artifact id: '107fa0e38b152ef0fe1c64e3070c530a') in 0,207018 seconds
  Import took 0,214149 seconds .

========================================================================
Received Import Request.
  Time since last request: 0,056351 seconds.
  path: Assets/Project/Prefabs/Building.prefab
  artifactKey: Guid(2ae2468adb9f6a5389c50b1ba9b8baae) Importer(815301076,1909f56bfc062723c751e8b465ee728b)
Start importing Assets/Project/Prefabs/Building.prefab using Guid(2ae2468adb9f6a5389c50b1ba9b8baae) Importer(815301076,1909f56bfc062723c751e8b465ee728b)  -> (artifact id: '107fa0e38b152ef0fe1c64e3070c530a') in 0,039174 seconds
  Import took 0,053000 seconds .

========================================================================
Received Import Request.
  Time since last request: 8,070158 seconds.
  path: Assets/Project/Prefabs/Enemy Prefabs/Enemy.prefab
  artifactKey: Guid(7b15520c9d8ac49bf908d89d3bdcf321) Importer(815301076,1909f56bfc062723c751e8b465ee728b)
Start importing Assets/Project/Prefabs/Enemy Prefabs/Enemy.prefab using Guid(7b15520c9d8ac49bf908d89d3bdcf321) Importer(815301076,1909f56bfc062723c751e8b465ee728b)  -> (artifact id: 'a0eac63ffdec237caf0fda2fd4c8cf65') in 0,032635 seconds
  Import took 0,040036 seconds .

========================================================================
Received Import Request.
  Time since last request: 0,000322 seconds.
  path: Assets/Project/Prefabs/Enemy Prefabs/Enemy3.prefab
  artifactKey: Guid(c0c6454c7692020a4b0b532d168d0daa) Importer(815301076,1909f56bfc062723c751e8b465ee728b)
Start importing Assets/Project/Prefabs/Enemy Prefabs/Enemy3.prefab using Guid(c0c6454c7692020a4b0b532d168d0daa) Importer(815301076,1909f56bfc062723c751e8b465ee728b)  -> (artifact id: 'c986181acca01a30c40d0e76b9b547ac') in 0,028276 seconds
  Import took 0,036304 seconds .

========================================================================
Received Prepare
Registering precompiled user dll's ...
Registered in 0,002187 seconds.
Begin MonoManager ReloadAssembly
Native extension for LinuxStandalone target not found
Native extension for WebGL target not found
Refreshing native plugins compatible for Editor in 0,81 ms, found 1 plugins.
Preloading 0 native plugins for Editor in 0,00 ms.
Mono: successfully reloaded assembly
- Completed reload, in  2,290 seconds
Platform modules already initialized, skipping
Switching build target platform(24) subTarget(0) extendedPlatform(0) -> platform(13) subTarget(537395200) extendedPlatform(0)
Refreshing native plugins compatible for Editor in 0,83 ms, found 1 plugins.
Preloading 0 native plugins for Editor in 0,00 ms.
Unloading 1826 Unused Serialized files (Serialized files now loaded: 0)
System memory in use before: 81,4 MB.
System memory in use after: 81,4 MB.

Unloading 12 unused Assets to reduce memory usage. Loaded Objects now: 2344.
Total: 26,528957 ms (FindLiveObjects: 0,657206 ms CreateObjectMapping: 0,116481 ms MarkObjects: 25,258789 ms  DeleteObjects: 0,492017 ms)

AssetImportParameters requested are different than current active one (requested -> active):
  custom:graphics/normal-map-encoding: 01000000000000000000000000000000 -> 02000000000000000000000000000000
========================================================================
Received Import Request.
  Time since last request: 30,850348 seconds.
  path: Assets/Project/Prefabs/Enemy Prefabs/Enemy.prefab
  artifactKey: Guid(7b15520c9d8ac49bf908d89d3bdcf321) Importer(815301076,1909f56bfc062723c751e8b465ee728b)
Start importing Assets/Project/Prefabs/Enemy Prefabs/Enemy.prefab using Guid(7b15520c9d8ac49bf908d89d3bdcf321) Importer(815301076,1909f56bfc062723c751e8b465ee728b)  -> (artifact id: '575322c22941562a327cd50b0be12d37') in 0,146352 seconds
  Import took 0,153479 seconds .

========================================================================
Received Import Request.
  Time since last request: 0,000282 seconds.
  path: Assets/Project/Prefabs/Enemy Prefabs/Enemy3.prefab
  artifactKey: Guid(c0c6454c7692020a4b0b532d168d0daa) Importer(815301076,1909f56bfc062723c751e8b465ee728b)
Start importing Assets/Project/Prefabs/Enemy Prefabs/Enemy3.prefab using Guid(c0c6454c7692020a4b0b532d168d0daa) Importer(815301076,1909f56bfc062723c751e8b465ee728b)  -> (artifact id: '50fe03c358c37d16d7899b33055cd5fc') in 0,023055 seconds
  Import took 0,029852 seconds .

========================================================================
Received Import Request.
  Time since last request: 0,412131 seconds.
  path: Assets/Project/Prefabs/Enemy Prefabs/Enemy.prefab
  artifactKey: Guid(7b15520c9d8ac49bf908d89d3bdcf321) Importer(815301076,1909f56bfc062723c751e8b465ee728b)
Start importing Assets/Project/Prefabs/Enemy Prefabs/Enemy.prefab using Guid(7b15520c9d8ac49bf908d89d3bdcf321) Importer(815301076,1909f56bfc062723c751e8b465ee728b)  -> (artifact id: '575322c22941562a327cd50b0be12d37') in 0,023839 seconds
  Import took 0,030788 seconds .

========================================================================
Received Import Request.
  Time since last request: 182,006874 seconds.
  path: Assets/Project/Prefabs/Enemy Prefabs/Enemy.prefab
  artifactKey: Guid(7b15520c9d8ac49bf908d89d3bdcf321) Importer(815301076,1909f56bfc062723c751e8b465ee728b)
Start importing Assets/Project/Prefabs/Enemy Prefabs/Enemy.prefab using Guid(7b15520c9d8ac49bf908d89d3bdcf321) Importer(815301076,1909f56bfc062723c751e8b465ee728b)  -> (artifact id: '2a95c9901e0984c3dcb830d8ce6611a0') in 0,036456 seconds
  Import took 0,043320 seconds .

========================================================================
Received Import Request.
  Time since last request: 5,852052 seconds.
  path: Assets/Project/Prefabs/Enemy Prefabs/Enemy3.prefab
  artifactKey: Guid(c0c6454c7692020a4b0b532d168d0daa) Importer(815301076,1909f56bfc062723c751e8b465ee728b)
Start importing Assets/Project/Prefabs/Enemy Prefabs/Enemy3.prefab using Guid(c0c6454c7692020a4b0b532d168d0daa) Importer(815301076,1909f56bfc062723c751e8b465ee728b)  -> (artifact id: 'fe83e0b655e75ec245bd941d949f138a') in 0,043602 seconds
  Import took 0,054494 seconds .

========================================================================
Received Prepare
Registering precompiled user dll's ...
Registered in 0,001430 seconds.
Begin MonoManager ReloadAssembly
Native extension for LinuxStandalone target not found
Native extension for WebGL target not found
Refreshing native plugins compatible for Editor in 0,84 ms, found 1 plugins.
Preloading 0 native plugins for Editor in 0,00 ms.
Mono: successfully reloaded assembly
- Completed reload, in  2,439 seconds
Platform modules already initialized, skipping
Switching build target platform(24) subTarget(0) extendedPlatform(0) -> platform(13) subTarget(537395200) extendedPlatform(0)
Refreshing native plugins compatible for Editor in 0,81 ms, found 1 plugins.
Preloading 0 native plugins for Editor in 0,00 ms.
Unloading 1826 Unused Serialized files (Serialized files now loaded: 0)
System memory in use before: 81,5 MB.
System memory in use after: 81,5 MB.

Unloading 12 unused Assets to reduce memory usage. Loaded Objects now: 2349.
Total: 6,827543 ms (FindLiveObjects: 0,337095 ms CreateObjectMapping: 0,105886 ms MarkObjects: 6,093480 ms  DeleteObjects: 0,287401 ms)

AssetImportParameters requested are different than current active one (requested -> active):
  custom:graphics/normal-map-encoding: 01000000000000000000000000000000 -> 02000000000000000000000000000000
========================================================================
Received Prepare
Registering precompiled user dll's ...
Registered in 0,001862 seconds.
Begin MonoManager ReloadAssembly
Native extension for LinuxStandalone target not found
Native extension for WebGL target not found
Refreshing native plugins compatible for Editor in 0,84 ms, found 1 plugins.
Preloading 0 native plugins for Editor in 0,00 ms.
Mono: successfully reloaded assembly
- Completed reload, in  2,310 seconds
Platform modules already initialized, skipping
Switching build target platform(24) subTarget(0) extendedPlatform(0) -> platform(13) subTarget(537395200) extendedPlatform(0)
Refreshing native plugins compatible for Editor in 0,72 ms, found 1 plugins.
Preloading 0 native plugins for Editor in 0,00 ms.
Unloading 1826 Unused Serialized files (Serialized files now loaded: 0)
System memory in use before: 81,5 MB.
System memory in use after: 81,5 MB.

Unloading 12 unused Assets to reduce memory usage. Loaded Objects now: 2353.
Total: 12,594408 ms (FindLiveObjects: 0,596797 ms CreateObjectMapping: 0,121870 ms MarkObjects: 11,533071 ms  DeleteObjects: 0,338229 ms)

AssetImportParameters requested are different than current active one (requested -> active):
  custom:graphics/normal-map-encoding: 01000000000000000000000000000000 -> 02000000000000000000000000000000
========================================================================
Received Import Request.
  Time since last request: 59,095302 seconds.
  path: Assets/Project/Prefabs/Enemy Prefabs/Enemy.prefab
  artifactKey: Guid(7b15520c9d8ac49bf908d89d3bdcf321) Importer(815301076,1909f56bfc062723c751e8b465ee728b)
Start importing Assets/Project/Prefabs/Enemy Prefabs/Enemy.prefab using Guid(7b15520c9d8ac49bf908d89d3bdcf321) Importer(815301076,1909f56bfc062723c751e8b465ee728b)  -> (artifact id: 'f511ea3b5fc8154849de39158289bb6c') in 0,159894 seconds
  Import took 0,167241 seconds .

========================================================================
Received Import Request.
  Time since last request: 24,765271 seconds.
  path: Assets/Project/Prefabs/Enemy Prefabs/Enemy.prefab
  artifactKey: Guid(7b15520c9d8ac49bf908d89d3bdcf321) Importer(815301076,1909f56bfc062723c751e8b465ee728b)
Start importing Assets/Project/Prefabs/Enemy Prefabs/Enemy.prefab using Guid(7b15520c9d8ac49bf908d89d3bdcf321) Importer(815301076,1909f56bfc062723c751e8b465ee728b)  -> (artifact id: '8ec337a672fadcaf09d3edf914904263') in 0,052577 seconds
  Import took 0,061126 seconds .

========================================================================
Received Import Request.
  Time since last request: 2,290576 seconds.
  path: Assets/Project/Prefabs/Enemy Prefabs/Enemy.prefab
  artifactKey: Guid(7b15520c9d8ac49bf908d89d3bdcf321) Importer(815301076,1909f56bfc062723c751e8b465ee728b)
Start importing Assets/Project/Prefabs/Enemy Prefabs/Enemy.prefab using Guid(7b15520c9d8ac49bf908d89d3bdcf321) Importer(815301076,1909f56bfc062723c751e8b465ee728b)  -> (artifact id: '5a23ce152b8d26e4d30b40ac7b792739') in 0,040080 seconds
  Import took 0,047571 seconds .

========================================================================
Received Import Request.
  Time since last request: 2,595758 seconds.
  path: Assets/Project/Prefabs/Enemy Prefabs/Enemy.prefab
  artifactKey: Guid(7b15520c9d8ac49bf908d89d3bdcf321) Importer(815301076,1909f56bfc062723c751e8b465ee728b)
Start importing Assets/Project/Prefabs/Enemy Prefabs/Enemy.prefab using Guid(7b15520c9d8ac49bf908d89d3bdcf321) Importer(815301076,1909f56bfc062723c751e8b465ee728b)  -> (artifact id: 'de0c073c1c382c7ea022baa699c1ece6') in 0,028850 seconds
  Import took 0,041041 seconds .

========================================================================
Received Import Request.
  Time since last request: 2,862077 seconds.
  path: Assets/Project/Prefabs/Enemy Prefabs/Enemy.prefab
  artifactKey: Guid(7b15520c9d8ac49bf908d89d3bdcf321) Importer(815301076,1909f56bfc062723c751e8b465ee728b)
Start importing Assets/Project/Prefabs/Enemy Prefabs/Enemy.prefab using Guid(7b15520c9d8ac49bf908d89d3bdcf321) Importer(815301076,1909f56bfc062723c751e8b465ee728b)  -> (artifact id: 'fdabb155ed8d302813444fb131779ec4') in 0,040485 seconds
  Import took 0,047331 seconds .

========================================================================
Received Import Request.
  Time since last request: 11,338666 seconds.
  path: Assets/Project/Prefabs/Enemy Prefabs/Enemy.prefab
  artifactKey: Guid(7b15520c9d8ac49bf908d89d3bdcf321) Importer(815301076,1909f56bfc062723c751e8b465ee728b)
Start importing Assets/Project/Prefabs/Enemy Prefabs/Enemy.prefab using Guid(7b15520c9d8ac49bf908d89d3bdcf321) Importer(815301076,1909f56bfc062723c751e8b465ee728b)  -> (artifact id: '8af86d4a04a86f09aa13b4db5fc15c73') in 0,028578 seconds
  Import took 0,035384 seconds .

========================================================================
Received Import Request.
  Time since last request: 20,660799 seconds.
  path: Assets/Project/Prefabs/Enemy Prefabs/Enemy.prefab
  artifactKey: Guid(7b15520c9d8ac49bf908d89d3bdcf321) Importer(815301076,1909f56bfc062723c751e8b465ee728b)
Start importing Assets/Project/Prefabs/Enemy Prefabs/Enemy.prefab using Guid(7b15520c9d8ac49bf908d89d3bdcf321) Importer(815301076,1909f56bfc062723c751e8b465ee728b)  -> (artifact id: 'b144d49dd41136ab91a1ce1d2efb2b60') in 0,032086 seconds
  Import took 0,040036 seconds .

========================================================================
Received Import Request.
  Time since last request: 4,211784 seconds.
  path: Assets/Project/Prefabs/Enemy Prefabs/Enemy3.prefab
  artifactKey: Guid(c0c6454c7692020a4b0b532d168d0daa) Importer(815301076,1909f56bfc062723c751e8b465ee728b)
Start importing Assets/Project/Prefabs/Enemy Prefabs/Enemy3.prefab using Guid(c0c6454c7692020a4b0b532d168d0daa) Importer(815301076,1909f56bfc062723c751e8b465ee728b)  -> (artifact id: '77bf99222d7fabeb8035c9410f7ecada') in 0,028311 seconds
  Import took 0,035315 seconds .

========================================================================
Received Import Request.
  Time since last request: 0,735380 seconds.
  path: Assets/Project/Prefabs/Enemy Prefabs/Enemy3.prefab
  artifactKey: Guid(c0c6454c7692020a4b0b532d168d0daa) Importer(815301076,1909f56bfc062723c751e8b465ee728b)
Start importing Assets/Project/Prefabs/Enemy Prefabs/Enemy3.prefab using Guid(c0c6454c7692020a4b0b532d168d0daa) Importer(815301076,1909f56bfc062723c751e8b465ee728b)  -> (artifact id: 'c4a62ddb5c9de2b69a855513aba95009') in 0,033394 seconds
  Import took 0,040274 seconds .

========================================================================
Received Import Request.
  Time since last request: 3,759918 seconds.
  path: Assets/Project/Prefabs/Enemy Prefabs/Enemy3.prefab
  artifactKey: Guid(c0c6454c7692020a4b0b532d168d0daa) Importer(815301076,1909f56bfc062723c751e8b465ee728b)
Start importing Assets/Project/Prefabs/Enemy Prefabs/Enemy3.prefab using Guid(c0c6454c7692020a4b0b532d168d0daa) Importer(815301076,1909f56bfc062723c751e8b465ee728b)  -> (artifact id: 'f0c793df9354486426ef0c20b9716666') in 0,033512 seconds
  Import took 0,040430 seconds .

========================================================================
Received Import Request.
  Time since last request: 3,380509 seconds.
  path: Assets/Project/Prefabs/Enemy Prefabs/Enemy3.prefab
  artifactKey: Guid(c0c6454c7692020a4b0b532d168d0daa) Importer(815301076,1909f56bfc062723c751e8b465ee728b)
Start importing Assets/Project/Prefabs/Enemy Prefabs/Enemy3.prefab using Guid(c0c6454c7692020a4b0b532d168d0daa) Importer(815301076,1909f56bfc062723c751e8b465ee728b)  -> (artifact id: '1afe9271851c6650ed52e5a002d18625') in 0,031807 seconds
  Import took 0,042013 seconds .

========================================================================
Received Import Request.
  Time since last request: 1,676476 seconds.
  path: Assets/Project/Prefabs/Enemy Prefabs/Enemy3.prefab
  artifactKey: Guid(c0c6454c7692020a4b0b532d168d0daa) Importer(815301076,1909f56bfc062723c751e8b465ee728b)
Start importing Assets/Project/Prefabs/Enemy Prefabs/Enemy3.prefab using Guid(c0c6454c7692020a4b0b532d168d0daa) Importer(815301076,1909f56bfc062723c751e8b465ee728b)  -> (artifact id: '84fee80daaf1cc9f8fc7cf8b93ee5529') in 0,034729 seconds
  Import took 0,041812 seconds .

========================================================================
Received Import Request.
  Time since last request: 16,072803 seconds.
  path: Assets/Project/Prefabs/Enemy Prefabs/Enemy3.prefab
  artifactKey: Guid(c0c6454c7692020a4b0b532d168d0daa) Importer(815301076,1909f56bfc062723c751e8b465ee728b)
Start importing Assets/Project/Prefabs/Enemy Prefabs/Enemy3.prefab using Guid(c0c6454c7692020a4b0b532d168d0daa) Importer(815301076,1909f56bfc062723c751e8b465ee728b)  -> (artifact id: '576a1913a2daa96bdf7008c80f760eb2') in 0,025869 seconds
  Import took 0,033253 seconds .

========================================================================
Received Import Request.
  Time since last request: 16,729612 seconds.
  path: Assets/Project/Prefabs/Enemy Prefabs/Enemy3.prefab
  artifactKey: Guid(c0c6454c7692020a4b0b532d168d0daa) Importer(815301076,1909f56bfc062723c751e8b465ee728b)
Start importing Assets/Project/Prefabs/Enemy Prefabs/Enemy3.prefab using Guid(c0c6454c7692020a4b0b532d168d0daa) Importer(815301076,1909f56bfc062723c751e8b465ee728b)  -> (artifact id: 'a6190a37bbe1aa630c5b1b1f4002e3e7') in 0,034822 seconds
  Import took 0,041962 seconds .

========================================================================
Received Import Request.
  Time since last request: 2,045968 seconds.
  path: Assets/Project/Prefabs/Enemy Prefabs/Enemy3.prefab
  artifactKey: Guid(c0c6454c7692020a4b0b532d168d0daa) Importer(815301076,1909f56bfc062723c751e8b465ee728b)
Start importing Assets/Project/Prefabs/Enemy Prefabs/Enemy3.prefab using Guid(c0c6454c7692020a4b0b532d168d0daa) Importer(815301076,1909f56bfc062723c751e8b465ee728b)  -> (artifact id: 'df94f9d0088fd88bc1abb92c706696e3') in 0,029624 seconds
  Import took 0,036898 seconds .

========================================================================
Received Import Request.
  Time since last request: 2,363853 seconds.
  path: Assets/Project/Prefabs/Enemy Prefabs/Enemy3.prefab
  artifactKey: Guid(c0c6454c7692020a4b0b532d168d0daa) Importer(815301076,1909f56bfc062723c751e8b465ee728b)
Start importing Assets/Project/Prefabs/Enemy Prefabs/Enemy3.prefab using Guid(c0c6454c7692020a4b0b532d168d0daa) Importer(815301076,1909f56bfc062723c751e8b465ee728b)  -> (artifact id: 'cb29cab02084ad9fdba5dd65bf14e2d3') in 0,035569 seconds
  Import took 0,044445 seconds .

========================================================================
Received Import Request.
  Time since last request: 10,523158 seconds.
  path: Assets/Project/Prefabs/Enemy Prefabs/Enemy.prefab
  artifactKey: Guid(7b15520c9d8ac49bf908d89d3bdcf321) Importer(815301076,1909f56bfc062723c751e8b465ee728b)
Start importing Assets/Project/Prefabs/Enemy Prefabs/Enemy.prefab using Guid(7b15520c9d8ac49bf908d89d3bdcf321) Importer(815301076,1909f56bfc062723c751e8b465ee728b)  -> (artifact id: 'cd791d80b5f27c55dd810a36990fbfff') in 0,025790 seconds
  Import took 0,033091 seconds .

========================================================================
Received Prepare
Registering precompiled user dll's ...
Registered in 0,001862 seconds.
Begin MonoManager ReloadAssembly
Native extension for LinuxStandalone target not found
Native extension for WebGL target not found
Refreshing native plugins compatible for Editor in 0,85 ms, found 1 plugins.
Preloading 0 native plugins for Editor in 0,00 ms.
Mono: successfully reloaded assembly
- Completed reload, in  2,417 seconds
Platform modules already initialized, skipping
Switching build target platform(24) subTarget(0) extendedPlatform(0) -> platform(13) subTarget(537395200) extendedPlatform(0)
Refreshing native plugins compatible for Editor in 0,63 ms, found 1 plugins.
Preloading 0 native plugins for Editor in 0,00 ms.
Unloading 1826 Unused Serialized files (Serialized files now loaded: 0)
System memory in use before: 81,5 MB.
System memory in use after: 81,5 MB.

Unloading 12 unused Assets to reduce memory usage. Loaded Objects now: 2358.
Total: 10,352843 ms (FindLiveObjects: 0,337482 ms CreateObjectMapping: 0,097582 ms MarkObjects: 9,634037 ms  DeleteObjects: 0,280267 ms)

AssetImportParameters requested are different than current active one (requested -> active):
  custom:graphics/normal-map-encoding: 01000000000000000000000000000000 -> 02000000000000000000000000000000
========================================================================
Received Prepare
Registering precompiled user dll's ...
Registered in 0,001895 seconds.
Begin MonoManager ReloadAssembly
Native extension for LinuxStandalone target not found
Native extension for WebGL target not found
Refreshing native plugins compatible for Editor in 0,82 ms, found 1 plugins.
Preloading 0 native plugins for Editor in 0,00 ms.
Mono: successfully reloaded assembly
- Completed reload, in  2,505 seconds
Platform modules already initialized, skipping
Switching build target platform(24) subTarget(0) extendedPlatform(0) -> platform(13) subTarget(537395200) extendedPlatform(0)
Refreshing native plugins compatible for Editor in 0,86 ms, found 1 plugins.
Preloading 0 native plugins for Editor in 0,00 ms.
Unloading 1826 Unused Serialized files (Serialized files now loaded: 0)
System memory in use before: 81,5 MB.
System memory in use after: 81,5 MB.

Unloading 12 unused Assets to reduce memory usage. Loaded Objects now: 2362.
Total: 8,297122 ms (FindLiveObjects: 0,594111 ms CreateObjectMapping: 0,111656 ms MarkObjects: 7,330654 ms  DeleteObjects: 0,255383 ms)

AssetImportParameters requested are different than current active one (requested -> active):
  custom:graphics/normal-map-encoding: 01000000000000000000000000000000 -> 02000000000000000000000000000000
========================================================================
Received Import Request.
  Time since last request: 191,856137 seconds.
  path: Assets/Project/Prefabs/Enemy Prefabs/Enemy.prefab
  artifactKey: Guid(7b15520c9d8ac49bf908d89d3bdcf321) Importer(815301076,1909f56bfc062723c751e8b465ee728b)
Start importing Assets/Project/Prefabs/Enemy Prefabs/Enemy.prefab using Guid(7b15520c9d8ac49bf908d89d3bdcf321) Importer(815301076,1909f56bfc062723c751e8b465ee728b)  -> (artifact id: '0e02c4921c8846b16a92097612043827') in 0,188051 seconds
  Import took 0,196651 seconds .

========================================================================
Received Import Request.
  Time since last request: 0,000421 seconds.
  path: Assets/Project/Prefabs/Enemy Prefabs/Enemy3.prefab
  artifactKey: Guid(c0c6454c7692020a4b0b532d168d0daa) Importer(815301076,1909f56bfc062723c751e8b465ee728b)
Start importing Assets/Project/Prefabs/Enemy Prefabs/Enemy3.prefab using Guid(c0c6454c7692020a4b0b532d168d0daa) Importer(815301076,1909f56bfc062723c751e8b465ee728b)  -> (artifact id: 'f0997207e2991bc615da64bf23cc541d') in 0,028585 seconds
  Import took 0,036102 seconds .

========================================================================
Received Prepare
Registering precompiled user dll's ...
Registered in 0,002754 seconds.
Begin MonoManager ReloadAssembly
Native extension for LinuxStandalone target not found
Native extension for WebGL target not found
Refreshing native plugins compatible for Editor in 0,83 ms, found 1 plugins.
Preloading 0 native plugins for Editor in 0,00 ms.
Mono: successfully reloaded assembly
- Completed reload, in  2,408 seconds
Platform modules already initialized, skipping
Switching build target platform(24) subTarget(0) extendedPlatform(0) -> platform(13) subTarget(537395200) extendedPlatform(0)
Refreshing native plugins compatible for Editor in 0,74 ms, found 1 plugins.
Preloading 0 native plugins for Editor in 0,00 ms.
Unloading 1826 Unused Serialized files (Serialized files now loaded: 0)
System memory in use before: 81,5 MB.
System memory in use after: 81,5 MB.

Unloading 12 unused Assets to reduce memory usage. Loaded Objects now: 2367.
Total: 7,186602 ms (FindLiveObjects: 0,589717 ms CreateObjectMapping: 0,116029 ms MarkObjects: 6,161111 ms  DeleteObjects: 0,316031 ms)

AssetImportParameters requested are different than current active one (requested -> active):
  custom:graphics/normal-map-encoding: 01000000000000000000000000000000 -> 02000000000000000000000000000000
========================================================================
Received Import Request.
  Time since last request: 34,295313 seconds.
  path: Assets/Project/Prefabs/Enemy Prefabs/Enemy.prefab
  artifactKey: Guid(7b15520c9d8ac49bf908d89d3bdcf321) Importer(815301076,1909f56bfc062723c751e8b465ee728b)
Start importing Assets/Project/Prefabs/Enemy Prefabs/Enemy.prefab using Guid(7b15520c9d8ac49bf908d89d3bdcf321) Importer(815301076,1909f56bfc062723c751e8b465ee728b)  -> (artifact id: 'cb05d57aac523992e1369e7d69282b13') in 0,218773 seconds
  Import took 0,226737 seconds .

========================================================================
Received Prepare
Registering precompiled user dll's ...
Registered in 0,001863 seconds.
Begin MonoManager ReloadAssembly
Native extension for LinuxStandalone target not found
Native extension for WebGL target not found
Refreshing native plugins compatible for Editor in 0,81 ms, found 1 plugins.
Preloading 0 native plugins for Editor in 0,00 ms.
Mono: successfully reloaded assembly
- Completed reload, in  2,309 seconds
Platform modules already initialized, skipping
Switching build target platform(24) subTarget(0) extendedPlatform(0) -> platform(13) subTarget(537395200) extendedPlatform(0)
Refreshing native plugins compatible for Editor in 0,80 ms, found 1 plugins.
Preloading 0 native plugins for Editor in 0,00 ms.
Unloading 1826 Unused Serialized files (Serialized files now loaded: 0)
System memory in use before: 81,5 MB.
System memory in use after: 81,5 MB.

Unloading 12 unused Assets to reduce memory usage. Loaded Objects now: 2372.
Total: 20,894493 ms (FindLiveObjects: 0,629022 ms CreateObjectMapping: 0,122572 ms MarkObjects: 19,835699 ms  DeleteObjects: 0,302024 ms)

AssetImportParameters requested are different than current active one (requested -> active):
  custom:graphics/normal-map-encoding: 01000000000000000000000000000000 -> 02000000000000000000000000000000
========================================================================
Received Import Request.
  Time since last request: 122,113512 seconds.
  path: Assets/Project/Prefabs/Enemy Prefabs/Enemy.prefab
  artifactKey: Guid(7b15520c9d8ac49bf908d89d3bdcf321) Importer(815301076,1909f56bfc062723c751e8b465ee728b)
Start importing Assets/Project/Prefabs/Enemy Prefabs/Enemy.prefab using Guid(7b15520c9d8ac49bf908d89d3bdcf321) Importer(815301076,1909f56bfc062723c751e8b465ee728b)  -> (artifact id: '5a576b136dd65655d66f43c7f51cdc2d') in 0,156945 seconds
  Import took 0,168374 seconds .

========================================================================
Received Import Request.
  Time since last request: 29,110814 seconds.
  path: Assets/Project/Prefabs/Enemy Prefabs/Enemy3.prefab
  artifactKey: Guid(c0c6454c7692020a4b0b532d168d0daa) Importer(815301076,1909f56bfc062723c751e8b465ee728b)
Start importing Assets/Project/Prefabs/Enemy Prefabs/Enemy3.prefab using Guid(c0c6454c7692020a4b0b532d168d0daa) Importer(815301076,1909f56bfc062723c751e8b465ee728b)  -> (artifact id: '83b588612ba43a5e0f797a56ba24381c') in 0,034401 seconds
  Import took 0,041934 seconds .

========================================================================
Received Import Request.
  Time since last request: 21,562501 seconds.
  path: Assets/Project/Prefabs/Enemy Prefabs/Enemy3.prefab
  artifactKey: Guid(c0c6454c7692020a4b0b532d168d0daa) Importer(815301076,1909f56bfc062723c751e8b465ee728b)
Start importing Assets/Project/Prefabs/Enemy Prefabs/Enemy3.prefab using Guid(c0c6454c7692020a4b0b532d168d0daa) Importer(815301076,1909f56bfc062723c751e8b465ee728b)  -> (artifact id: '3fe183be31183a8cd9560f4a62e47185') in 0,031142 seconds
  Import took 0,038737 seconds .

========================================================================
Received Prepare
Registering precompiled user dll's ...
Registered in 0,002086 seconds.
Begin MonoManager ReloadAssembly
Native extension for LinuxStandalone target not found
Native extension for WebGL target not found
Refreshing native plugins compatible for Editor in 0,83 ms, found 1 plugins.
Preloading 0 native plugins for Editor in 0,00 ms.
Mono: successfully reloaded assembly
- Completed reload, in  2,422 seconds
Platform modules already initialized, skipping
Switching build target platform(24) subTarget(0) extendedPlatform(0) -> platform(13) subTarget(537395200) extendedPlatform(0)
Refreshing native plugins compatible for Editor in 0,80 ms, found 1 plugins.
Preloading 0 native plugins for Editor in 0,00 ms.
Unloading 1826 Unused Serialized files (Serialized files now loaded: 0)
System memory in use before: 81,5 MB.
System memory in use after: 81,5 MB.

Unloading 12 unused Assets to reduce memory usage. Loaded Objects now: 2377.
Total: 12,046458 ms (FindLiveObjects: 1,058916 ms CreateObjectMapping: 0,170552 ms MarkObjects: 10,583305 ms  DeleteObjects: 0,229028 ms)

AssetImportParameters requested are different than current active one (requested -> active):
  custom:graphics/normal-map-encoding: 01000000000000000000000000000000 -> 02000000000000000000000000000000
========================================================================
Received Prepare
Registering precompiled user dll's ...
Registered in 0,001873 seconds.
Begin MonoManager ReloadAssembly
Native extension for LinuxStandalone target not found
Native extension for WebGL target not found
Refreshing native plugins compatible for Editor in 0,81 ms, found 1 plugins.
Preloading 0 native plugins for Editor in 0,00 ms.
Mono: successfully reloaded assembly
- Completed reload, in  2,443 seconds
Platform modules already initialized, skipping
Switching build target platform(24) subTarget(0) extendedPlatform(0) -> platform(13) subTarget(537395200) extendedPlatform(0)
Refreshing native plugins compatible for Editor in 0,86 ms, found 1 plugins.
Preloading 0 native plugins for Editor in 0,00 ms.
Unloading 1826 Unused Serialized files (Serialized files now loaded: 0)
System memory in use before: 81,6 MB.
System memory in use after: 81,5 MB.

Unloading 12 unused Assets to reduce memory usage. Loaded Objects now: 2381.
Total: 9,684943 ms (FindLiveObjects: 0,593110 ms CreateObjectMapping: 0,114668 ms MarkObjects: 8,644765 ms  DeleteObjects: 0,327154 ms)

AssetImportParameters requested are different than current active one (requested -> active):
  custom:graphics/normal-map-encoding: 01000000000000000000000000000000 -> 02000000000000000000000000000000
========================================================================
Received Prepare
Registering precompiled user dll's ...
Registered in 0,002260 seconds.
Begin MonoManager ReloadAssembly
Native extension for LinuxStandalone target not found
Native extension for WebGL target not found
Refreshing native plugins compatible for Editor in 0,84 ms, found 1 plugins.
Preloading 0 native plugins for Editor in 0,00 ms.
Mono: successfully reloaded assembly
- Completed reload, in  2,522 seconds
Platform modules already initialized, skipping
Switching build target platform(24) subTarget(0) extendedPlatform(0) -> platform(13) subTarget(537395200) extendedPlatform(0)
Refreshing native plugins compatible for Editor in 0,82 ms, found 1 plugins.
Preloading 0 native plugins for Editor in 0,00 ms.
Unloading 1826 Unused Serialized files (Serialized files now loaded: 0)
System memory in use before: 81,6 MB.
System memory in use after: 81,6 MB.

Unloading 12 unused Assets to reduce memory usage. Loaded Objects now: 2385.
Total: 7,624448 ms (FindLiveObjects: 0,619418 ms CreateObjectMapping: 0,102930 ms MarkObjects: 6,601898 ms  DeleteObjects: 0,296848 ms)

AssetImportParameters requested are different than current active one (requested -> active):
  custom:graphics/normal-map-encoding: 01000000000000000000000000000000 -> 02000000000000000000000000000000
========================================================================
Received Prepare
Registering precompiled user dll's ...
Registered in 0,001830 seconds.
Begin MonoManager ReloadAssembly
Native extension for LinuxStandalone target not found
Native extension for WebGL target not found
Refreshing native plugins compatible for Editor in 1,41 ms, found 1 plugins.
Preloading 0 native plugins for Editor in 0,00 ms.
Mono: successfully reloaded assembly
- Completed reload, in  2,458 seconds
Platform modules already initialized, skipping
Switching build target platform(24) subTarget(0) extendedPlatform(0) -> platform(13) subTarget(537395200) extendedPlatform(0)
Refreshing native plugins compatible for Editor in 0,81 ms, found 1 plugins.
Preloading 0 native plugins for Editor in 0,00 ms.
Unloading 1826 Unused Serialized files (Serialized files now loaded: 0)
System memory in use before: 81,6 MB.
System memory in use after: 81,6 MB.

Unloading 12 unused Assets to reduce memory usage. Loaded Objects now: 2389.
Total: 6,423060 ms (FindLiveObjects: 0,367481 ms CreateObjectMapping: 0,098272 ms MarkObjects: 5,669281 ms  DeleteObjects: 0,284206 ms)

AssetImportParameters requested are different than current active one (requested -> active):
  custom:graphics/normal-map-encoding: 01000000000000000000000000000000 -> 02000000000000000000000000000000
========================================================================
Received Prepare
Registering precompiled user dll's ...
Registered in 0,001674 seconds.
Begin MonoManager ReloadAssembly
Native extension for LinuxStandalone target not found
Native extension for WebGL target not found
Refreshing native plugins compatible for Editor in 0,82 ms, found 1 plugins.
Preloading 0 native plugins for Editor in 0,00 ms.
Mono: successfully reloaded assembly
- Completed reload, in  2,497 seconds
Platform modules already initialized, skipping
Switching build target platform(24) subTarget(0) extendedPlatform(0) -> platform(13) subTarget(537395200) extendedPlatform(0)
Refreshing native plugins compatible for Editor in 1,97 ms, found 1 plugins.
Preloading 0 native plugins for Editor in 0,00 ms.
Unloading 1826 Unused Serialized files (Serialized files now loaded: 0)
System memory in use before: 81,6 MB.
System memory in use after: 81,6 MB.

Unloading 12 unused Assets to reduce memory usage. Loaded Objects now: 2393.
Total: 7,244761 ms (FindLiveObjects: 0,612730 ms CreateObjectMapping: 0,119378 ms MarkObjects: 6,222789 ms  DeleteObjects: 0,286431 ms)

AssetImportParameters requested are different than current active one (requested -> active):
  custom:graphics/normal-map-encoding: 01000000000000000000000000000000 -> 02000000000000000000000000000000
========================================================================
Received Prepare
Registering precompiled user dll's ...
Registered in 0,001771 seconds.
Begin MonoManager ReloadAssembly
Native extension for LinuxStandalone target not found
Native extension for WebGL target not found
Refreshing native plugins compatible for Editor in 0,82 ms, found 1 plugins.
Preloading 0 native plugins for Editor in 0,00 ms.
Mono: successfully reloaded assembly
- Completed reload, in  2,603 seconds
Platform modules already initialized, skipping
Switching build target platform(24) subTarget(0) extendedPlatform(0) -> platform(13) subTarget(537395200) extendedPlatform(0)
Refreshing native plugins compatible for Editor in 0,85 ms, found 1 plugins.
Preloading 0 native plugins for Editor in 0,00 ms.
Unloading 1826 Unused Serialized files (Serialized files now loaded: 0)
System memory in use before: 81,6 MB.
System memory in use after: 81,6 MB.

Unloading 12 unused Assets to reduce memory usage. Loaded Objects now: 2397.
Total: 7,177590 ms (FindLiveObjects: 0,619101 ms CreateObjectMapping: 0,112000 ms MarkObjects: 6,143768 ms  DeleteObjects: 0,298381 ms)

AssetImportParameters requested are different than current active one (requested -> active):
  custom:graphics/normal-map-encoding: 01000000000000000000000000000000 -> 02000000000000000000000000000000
========================================================================
Received Prepare
Registering precompiled user dll's ...
Registered in 0,001792 seconds.
Begin MonoManager ReloadAssembly
Native extension for LinuxStandalone target not found
Native extension for WebGL target not found
Refreshing native plugins compatible for Editor in 0,86 ms, found 1 plugins.
Preloading 0 native plugins for Editor in 0,00 ms.
Mono: successfully reloaded assembly
- Completed reload, in  2,440 seconds
Platform modules already initialized, skipping
Switching build target platform(24) subTarget(0) extendedPlatform(0) -> platform(13) subTarget(537395200) extendedPlatform(0)
Refreshing native plugins compatible for Editor in 0,84 ms, found 1 plugins.
Preloading 0 native plugins for Editor in 0,00 ms.
Unloading 1826 Unused Serialized files (Serialized files now loaded: 0)
System memory in use before: 81,6 MB.
System memory in use after: 81,6 MB.

Unloading 12 unused Assets to reduce memory usage. Loaded Objects now: 2401.
Total: 19,865095 ms (FindLiveObjects: 0,595787 ms CreateObjectMapping: 0,112411 ms MarkObjects: 18,809956 ms  DeleteObjects: 0,342316 ms)

AssetImportParameters requested are different than current active one (requested -> active):
  custom:graphics/normal-map-encoding: 01000000000000000000000000000000 -> 02000000000000000000000000000000
========================================================================
Received Prepare
Registering precompiled user dll's ...
Registered in 0,001869 seconds.
Begin MonoManager ReloadAssembly
Native extension for LinuxStandalone target not found
Native extension for WebGL target not found
Refreshing native plugins compatible for Editor in 0,88 ms, found 1 plugins.
Preloading 0 native plugins for Editor in 0,00 ms.
Mono: successfully reloaded assembly
- Completed reload, in  2,538 seconds
Platform modules already initialized, skipping
Switching build target platform(24) subTarget(0) extendedPlatform(0) -> platform(13) subTarget(537395200) extendedPlatform(0)
Refreshing native plugins compatible for Editor in 0,89 ms, found 1 plugins.
Preloading 0 native plugins for Editor in 0,00 ms.
Unloading 1826 Unused Serialized files (Serialized files now loaded: 0)
System memory in use before: 81,6 MB.
System memory in use after: 81,6 MB.

Unloading 12 unused Assets to reduce memory usage. Loaded Objects now: 2405.
Total: 8,641527 ms (FindLiveObjects: 0,617677 ms CreateObjectMapping: 0,116353 ms MarkObjects: 7,471688 ms  DeleteObjects: 0,431832 ms)

AssetImportParameters requested are different than current active one (requested -> active):
  custom:graphics/normal-map-encoding: 01000000000000000000000000000000 -> 02000000000000000000000000000000
========================================================================
Received Prepare
Registering precompiled user dll's ...
Registered in 0,001321 seconds.
Begin MonoManager ReloadAssembly
Native extension for LinuxStandalone target not found
Native extension for WebGL target not found
Refreshing native plugins compatible for Editor in 0,84 ms, found 1 plugins.
Preloading 0 native plugins for Editor in 0,00 ms.
Mono: successfully reloaded assembly
- Completed reload, in  2,530 seconds
Platform modules already initialized, skipping
Switching build target platform(24) subTarget(0) extendedPlatform(0) -> platform(13) subTarget(537395200) extendedPlatform(0)
Refreshing native plugins compatible for Editor in 0,78 ms, found 1 plugins.
Preloading 0 native plugins for Editor in 0,00 ms.
Unloading 1826 Unused Serialized files (Serialized files now loaded: 0)
System memory in use before: 81,6 MB.
System memory in use after: 81,6 MB.

Unloading 12 unused Assets to reduce memory usage. Loaded Objects now: 2409.
Total: 9,522984 ms (FindLiveObjects: 0,490948 ms CreateObjectMapping: 0,102365 ms MarkObjects: 8,661137 ms  DeleteObjects: 0,264803 ms)

AssetImportParameters requested are different than current active one (requested -> active):
  custom:graphics/normal-map-encoding: 01000000000000000000000000000000 -> 02000000000000000000000000000000
========================================================================
Received Prepare
Registering precompiled user dll's ...
Registered in 0,002045 seconds.
Begin MonoManager ReloadAssembly
Native extension for LinuxStandalone target not found
Native extension for WebGL target not found
Refreshing native plugins compatible for Editor in 0,87 ms, found 1 plugins.
Preloading 0 native plugins for Editor in 0,00 ms.
Mono: successfully reloaded assembly
- Completed reload, in  2,622 seconds
Platform modules already initialized, skipping
Switching build target platform(24) subTarget(0) extendedPlatform(0) -> platform(13) subTarget(537395200) extendedPlatform(0)
Refreshing native plugins compatible for Editor in 0,85 ms, found 1 plugins.
Preloading 0 native plugins for Editor in 0,00 ms.
Unloading 1826 Unused Serialized files (Serialized files now loaded: 0)
System memory in use before: 81,6 MB.
System memory in use after: 81,6 MB.

Unloading 12 unused Assets to reduce memory usage. Loaded Objects now: 2413.
Total: 13,388445 ms (FindLiveObjects: 0,617371 ms CreateObjectMapping: 0,127952 ms MarkObjects: 12,292071 ms  DeleteObjects: 0,346644 ms)

AssetImportParameters requested are different than current active one (requested -> active):
  custom:graphics/normal-map-encoding: 01000000000000000000000000000000 -> 02000000000000000000000000000000
========================================================================
Received Import Request.
  Time since last request: 506,191020 seconds.
  path: Assets/Project/Prefabs/Building.prefab
  artifactKey: Guid(2ae2468adb9f6a5389c50b1ba9b8baae) Importer(815301076,1909f56bfc062723c751e8b465ee728b)
Start importing Assets/Project/Prefabs/Building.prefab using Guid(2ae2468adb9f6a5389c50b1ba9b8baae) Importer(815301076,1909f56bfc062723c751e8b465ee728b)  -> (artifact id: '01365a9490b00c352f8e9323738d6238') in 0,160137 seconds
  Import took 0,167725 seconds .

========================================================================
Received Import Request.
  Time since last request: 0,014692 seconds.
  path: Assets/Project/Prefabs/Building.prefab
  artifactKey: Guid(2ae2468adb9f6a5389c50b1ba9b8baae) Importer(815301076,1909f56bfc062723c751e8b465ee728b)
Start importing Assets/Project/Prefabs/Building.prefab using Guid(2ae2468adb9f6a5389c50b1ba9b8baae) Importer(815301076,1909f56bfc062723c751e8b465ee728b)  -> (artifact id: '01365a9490b00c352f8e9323738d6238') in 0,026741 seconds
  Import took 0,033837 seconds .

========================================================================
Received Prepare
Registering precompiled user dll's ...
Registered in 0,001867 seconds.
Begin MonoManager ReloadAssembly
Native extension for LinuxStandalone target not found
Native extension for WebGL target not found
Refreshing native plugins compatible for Editor in 0,84 ms, found 1 plugins.
Preloading 0 native plugins for Editor in 0,00 ms.
Mono: successfully reloaded assembly
- Completed reload, in  2,657 seconds
Platform modules already initialized, skipping
Switching build target platform(24) subTarget(0) extendedPlatform(0) -> platform(13) subTarget(537395200) extendedPlatform(0)
Refreshing native plugins compatible for Editor in 0,85 ms, found 1 plugins.
Preloading 0 native plugins for Editor in 0,00 ms.
Unloading 1826 Unused Serialized files (Serialized files now loaded: 0)
System memory in use before: 81,6 MB.
System memory in use after: 81,6 MB.

Unloading 12 unused Assets to reduce memory usage. Loaded Objects now: 2418.
Total: 15,766432 ms (FindLiveObjects: 1,389412 ms CreateObjectMapping: 0,272351 ms MarkObjects: 13,817679 ms  DeleteObjects: 0,283098 ms)

AssetImportParameters requested are different than current active one (requested -> active):
  custom:graphics/normal-map-encoding: 01000000000000000000000000000000 -> 02000000000000000000000000000000
========================================================================
Received Prepare
Registering precompiled user dll's ...
Registered in 0,002361 seconds.
Begin MonoManager ReloadAssembly
Native extension for LinuxStandalone target not found
Native extension for WebGL target not found
Refreshing native plugins compatible for Editor in 0,81 ms, found 1 plugins.
Preloading 0 native plugins for Editor in 0,00 ms.
Mono: successfully reloaded assembly
- Completed reload, in  2,610 seconds
Platform modules already initialized, skipping
Switching build target platform(24) subTarget(0) extendedPlatform(0) -> platform(13) subTarget(537395200) extendedPlatform(0)
Refreshing native plugins compatible for Editor in 0,81 ms, found 1 plugins.
Preloading 0 native plugins for Editor in 0,00 ms.
Unloading 1826 Unused Serialized files (Serialized files now loaded: 0)
System memory in use before: 81,6 MB.
System memory in use after: 81,6 MB.

Unloading 12 unused Assets to reduce memory usage. Loaded Objects now: 2422.
Total: 14,470961 ms (FindLiveObjects: 0,776545 ms CreateObjectMapping: 0,118745 ms MarkObjects: 13,052090 ms  DeleteObjects: 0,518753 ms)

AssetImportParameters requested are different than current active one (requested -> active):
  custom:graphics/normal-map-encoding: 01000000000000000000000000000000 -> 02000000000000000000000000000000
========================================================================
Received Prepare
Registering precompiled user dll's ...
Registered in 0,001849 seconds.
Begin MonoManager ReloadAssembly
Native extension for LinuxStandalone target not found
Native extension for WebGL target not found
Refreshing native plugins compatible for Editor in 0,82 ms, found 1 plugins.
Preloading 0 native plugins for Editor in 0,00 ms.
Mono: successfully reloaded assembly
- Completed reload, in  2,751 seconds
Platform modules already initialized, skipping
Switching build target platform(24) subTarget(0) extendedPlatform(0) -> platform(13) subTarget(537395200) extendedPlatform(0)
Refreshing native plugins compatible for Editor in 0,82 ms, found 1 plugins.
Preloading 0 native plugins for Editor in 0,00 ms.
Unloading 1826 Unused Serialized files (Serialized files now loaded: 0)
System memory in use before: 81,6 MB.
System memory in use after: 81,6 MB.

Unloading 12 unused Assets to reduce memory usage. Loaded Objects now: 2426.
Total: 10,457536 ms (FindLiveObjects: 0,620391 ms CreateObjectMapping: 0,126602 ms MarkObjects: 9,349573 ms  DeleteObjects: 0,355904 ms)

AssetImportParameters requested are different than current active one (requested -> active):
  custom:graphics/normal-map-encoding: 01000000000000000000000000000000 -> 02000000000000000000000000000000
========================================================================
Received Prepare
Registering precompiled user dll's ...
Registered in 0,001705 seconds.
Begin MonoManager ReloadAssembly
Native extension for LinuxStandalone target not found
Native extension for WebGL target not found
Refreshing native plugins compatible for Editor in 0,98 ms, found 1 plugins.
Preloading 0 native plugins for Editor in 0,00 ms.
Mono: successfully reloaded assembly
- Completed reload, in  2,557 seconds
Platform modules already initialized, skipping
Switching build target platform(24) subTarget(0) extendedPlatform(0) -> platform(13) subTarget(537395200) extendedPlatform(0)
Refreshing native plugins compatible for Editor in 0,86 ms, found 1 plugins.
Preloading 0 native plugins for Editor in 0,00 ms.
Unloading 1826 Unused Serialized files (Serialized files now loaded: 0)
System memory in use before: 81,6 MB.
System memory in use after: 81,6 MB.

Unloading 12 unused Assets to reduce memory usage. Loaded Objects now: 2430.
Total: 7,324086 ms (FindLiveObjects: 0,722355 ms CreateObjectMapping: 0,204297 ms MarkObjects: 6,095088 ms  DeleteObjects: 0,298531 ms)

AssetImportParameters requested are different than current active one (requested -> active):
  custom:graphics/normal-map-encoding: 01000000000000000000000000000000 -> 02000000000000000000000000000000
========================================================================
Received Prepare
Registering precompiled user dll's ...
Registered in 0,001808 seconds.
Begin MonoManager ReloadAssembly
Native extension for LinuxStandalone target not found
Native extension for WebGL target not found
Refreshing native plugins compatible for Editor in 0,84 ms, found 1 plugins.
Preloading 0 native plugins for Editor in 0,00 ms.
Mono: successfully reloaded assembly
- Completed reload, in  2,684 seconds
Platform modules already initialized, skipping
Switching build target platform(24) subTarget(0) extendedPlatform(0) -> platform(13) subTarget(537395200) extendedPlatform(0)
Refreshing native plugins compatible for Editor in 0,82 ms, found 1 plugins.
Preloading 0 native plugins for Editor in 0,00 ms.
Unloading 1826 Unused Serialized files (Serialized files now loaded: 0)
System memory in use before: 81,6 MB.
System memory in use after: 81,6 MB.

Unloading 12 unused Assets to reduce memory usage. Loaded Objects now: 2434.
Total: 5,643419 ms (FindLiveObjects: 0,458677 ms CreateObjectMapping: 0,118989 ms MarkObjects: 4,759907 ms  DeleteObjects: 0,301776 ms)

AssetImportParameters requested are different than current active one (requested -> active):
  custom:graphics/normal-map-encoding: 01000000000000000000000000000000 -> 02000000000000000000000000000000
========================================================================
Received Prepare
Registering precompiled user dll's ...
Registered in 0,001777 seconds.
Begin MonoManager ReloadAssembly
Native extension for LinuxStandalone target not found
Native extension for WebGL target not found
Refreshing native plugins compatible for Editor in 0,81 ms, found 1 plugins.
Preloading 0 native plugins for Editor in 0,00 ms.
Mono: successfully reloaded assembly
- Completed reload, in  2,623 seconds
Platform modules already initialized, skipping
Switching build target platform(24) subTarget(0) extendedPlatform(0) -> platform(13) subTarget(537395200) extendedPlatform(0)
Refreshing native plugins compatible for Editor in 0,83 ms, found 1 plugins.
Preloading 0 native plugins for Editor in 0,00 ms.
Unloading 1826 Unused Serialized files (Serialized files now loaded: 0)
System memory in use before: 81,7 MB.
System memory in use after: 81,7 MB.

Unloading 12 unused Assets to reduce memory usage. Loaded Objects now: 2438.
Total: 14,992061 ms (FindLiveObjects: 0,618736 ms CreateObjectMapping: 0,127580 ms MarkObjects: 13,861980 ms  DeleteObjects: 0,378584 ms)

AssetImportParameters requested are different than current active one (requested -> active):
  custom:graphics/normal-map-encoding: 01000000000000000000000000000000 -> 02000000000000000000000000000000
========================================================================
Received Prepare
Registering precompiled user dll's ...
Registered in 0,001903 seconds.
Begin MonoManager ReloadAssembly
Native extension for LinuxStandalone target not found
Native extension for WebGL target not found
Refreshing native plugins compatible for Editor in 0,80 ms, found 1 plugins.
Preloading 0 native plugins for Editor in 0,00 ms.
Mono: successfully reloaded assembly
- Completed reload, in  2,693 seconds
Platform modules already initialized, skipping
Switching build target platform(24) subTarget(0) extendedPlatform(0) -> platform(13) subTarget(537395200) extendedPlatform(0)
Refreshing native plugins compatible for Editor in 0,80 ms, found 1 plugins.
Preloading 0 native plugins for Editor in 0,00 ms.
Unloading 1826 Unused Serialized files (Serialized files now loaded: 0)
System memory in use before: 81,7 MB.
System memory in use after: 81,7 MB.

Unloading 12 unused Assets to reduce memory usage. Loaded Objects now: 2442.
Total: 10,220324 ms (FindLiveObjects: 0,561704 ms CreateObjectMapping: 0,111967 ms MarkObjects: 9,263961 ms  DeleteObjects: 0,278901 ms)

AssetImportParameters requested are different than current active one (requested -> active):
  custom:graphics/normal-map-encoding: 01000000000000000000000000000000 -> 02000000000000000000000000000000
========================================================================
Received Prepare
Registering precompiled user dll's ...
Registered in 0,002029 seconds.
Begin MonoManager ReloadAssembly
Native extension for LinuxStandalone target not found
Native extension for WebGL target not found
Refreshing native plugins compatible for Editor in 0,86 ms, found 1 plugins.
Preloading 0 native plugins for Editor in 0,00 ms.
Mono: successfully reloaded assembly
- Completed reload, in  2,734 seconds
Platform modules already initialized, skipping
Switching build target platform(24) subTarget(0) extendedPlatform(0) -> platform(13) subTarget(537395200) extendedPlatform(0)
Refreshing native plugins compatible for Editor in 0,81 ms, found 1 plugins.
Preloading 0 native plugins for Editor in 0,00 ms.
Unloading 1826 Unused Serialized files (Serialized files now loaded: 0)
System memory in use before: 81,7 MB.
System memory in use after: 81,7 MB.

Unloading 12 unused Assets to reduce memory usage. Loaded Objects now: 2446.
Total: 7,068351 ms (FindLiveObjects: 0,767255 ms CreateObjectMapping: 0,114772 ms MarkObjects: 5,885987 ms  DeleteObjects: 0,296346 ms)

AssetImportParameters requested are different than current active one (requested -> active):
  custom:graphics/normal-map-encoding: 01000000000000000000000000000000 -> 02000000000000000000000000000000
========================================================================
Received Prepare
Registering precompiled user dll's ...
Registered in 0,001749 seconds.
Begin MonoManager ReloadAssembly
Native extension for LinuxStandalone target not found
Native extension for WebGL target not found
Refreshing native plugins compatible for Editor in 0,81 ms, found 1 plugins.
Preloading 0 native plugins for Editor in 0,00 ms.
Mono: successfully reloaded assembly
- Completed reload, in  2,660 seconds
Platform modules already initialized, skipping
Switching build target platform(24) subTarget(0) extendedPlatform(0) -> platform(13) subTarget(537395200) extendedPlatform(0)
Refreshing native plugins compatible for Editor in 0,87 ms, found 1 plugins.
Preloading 0 native plugins for Editor in 0,00 ms.
Unloading 1826 Unused Serialized files (Serialized files now loaded: 0)
System memory in use before: 81,7 MB.
System memory in use after: 81,7 MB.

Unloading 12 unused Assets to reduce memory usage. Loaded Objects now: 2450.
Total: 17,775693 ms (FindLiveObjects: 0,603801 ms CreateObjectMapping: 0,120602 ms MarkObjects: 16,745049 ms  DeleteObjects: 0,302548 ms)

AssetImportParameters requested are different than current active one (requested -> active):
  custom:graphics/normal-map-encoding: 01000000000000000000000000000000 -> 02000000000000000000000000000000
========================================================================
Received Prepare
Registering precompiled user dll's ...
Registered in 0,001759 seconds.
Begin MonoManager ReloadAssembly
Native extension for LinuxStandalone target not found
Native extension for WebGL target not found
Refreshing native plugins compatible for Editor in 0,82 ms, found 1 plugins.
Preloading 0 native plugins for Editor in 0,00 ms.
Mono: successfully reloaded assembly
- Completed reload, in  2,642 seconds
Platform modules already initialized, skipping
Switching build target platform(24) subTarget(0) extendedPlatform(0) -> platform(13) subTarget(537395200) extendedPlatform(0)
Refreshing native plugins compatible for Editor in 0,70 ms, found 1 plugins.
Preloading 0 native plugins for Editor in 0,00 ms.
Unloading 1826 Unused Serialized files (Serialized files now loaded: 0)
System memory in use before: 81,7 MB.
System memory in use after: 81,7 MB.

Unloading 12 unused Assets to reduce memory usage. Loaded Objects now: 2454.
Total: 10,486719 ms (FindLiveObjects: 0,605623 ms CreateObjectMapping: 0,118883 ms MarkObjects: 8,925943 ms  DeleteObjects: 0,831645 ms)

AssetImportParameters requested are different than current active one (requested -> active):
  custom:graphics/normal-map-encoding: 01000000000000000000000000000000 -> 02000000000000000000000000000000
========================================================================
Received Prepare
Registering precompiled user dll's ...
Registered in 0,001762 seconds.
Begin MonoManager ReloadAssembly
Native extension for LinuxStandalone target not found
Native extension for WebGL target not found
Refreshing native plugins compatible for Editor in 0,83 ms, found 1 plugins.
Preloading 0 native plugins for Editor in 0,00 ms.
Mono: successfully reloaded assembly
- Completed reload, in  2,712 seconds
Platform modules already initialized, skipping
Switching build target platform(24) subTarget(0) extendedPlatform(0) -> platform(13) subTarget(537395200) extendedPlatform(0)
Refreshing native plugins compatible for Editor in 0,80 ms, found 1 plugins.
Preloading 0 native plugins for Editor in 0,00 ms.
Unloading 1826 Unused Serialized files (Serialized files now loaded: 0)
System memory in use before: 81,7 MB.
System memory in use after: 81,7 MB.

Unloading 12 unused Assets to reduce memory usage. Loaded Objects now: 2458.
Total: 9,911730 ms (FindLiveObjects: 1,011172 ms CreateObjectMapping: 0,145715 ms MarkObjects: 8,224009 ms  DeleteObjects: 0,525924 ms)

AssetImportParameters requested are different than current active one (requested -> active):
  custom:graphics/normal-map-encoding: 01000000000000000000000000000000 -> 02000000000000000000000000000000
========================================================================
Received Prepare
Registering precompiled user dll's ...
Registered in 0,001834 seconds.
Begin MonoManager ReloadAssembly
Native extension for LinuxStandalone target not found
Native extension for WebGL target not found
Refreshing native plugins compatible for Editor in 0,69 ms, found 1 plugins.
Preloading 0 native plugins for Editor in 0,00 ms.
Mono: successfully reloaded assembly
- Completed reload, in  2,441 seconds
Platform modules already initialized, skipping
Switching build target platform(24) subTarget(0) extendedPlatform(0) -> platform(13) subTarget(537395200) extendedPlatform(0)
Refreshing native plugins compatible for Editor in 0,83 ms, found 1 plugins.
Preloading 0 native plugins for Editor in 0,00 ms.
Unloading 1826 Unused Serialized files (Serialized files now loaded: 0)
System memory in use before: 81,7 MB.
System memory in use after: 81,7 MB.

Unloading 12 unused Assets to reduce memory usage. Loaded Objects now: 2462.
Total: 9,179108 ms (FindLiveObjects: 0,594264 ms CreateObjectMapping: 0,104235 ms MarkObjects: 8,206207 ms  DeleteObjects: 0,270962 ms)

AssetImportParameters requested are different than current active one (requested -> active):
  custom:graphics/normal-map-encoding: 01000000000000000000000000000000 -> 02000000000000000000000000000000
========================================================================
Received Prepare
Registering precompiled user dll's ...
Registered in 0,001714 seconds.
Begin MonoManager ReloadAssembly
Native extension for LinuxStandalone target not found
Native extension for WebGL target not found
Refreshing native plugins compatible for Editor in 0,84 ms, found 1 plugins.
Preloading 0 native plugins for Editor in 0,00 ms.
Mono: successfully reloaded assembly
- Completed reload, in  2,570 seconds
Platform modules already initialized, skipping
Switching build target platform(24) subTarget(0) extendedPlatform(0) -> platform(13) subTarget(537395200) extendedPlatform(0)
Refreshing native plugins compatible for Editor in 0,82 ms, found 1 plugins.
Preloading 0 native plugins for Editor in 0,00 ms.
Unloading 1826 Unused Serialized files (Serialized files now loaded: 0)
System memory in use before: 81,7 MB.
System memory in use after: 81,7 MB.

Unloading 12 unused Assets to reduce memory usage. Loaded Objects now: 2466.
Total: 7,501048 ms (FindLiveObjects: 0,755193 ms CreateObjectMapping: 0,131042 ms MarkObjects: 6,303055 ms  DeleteObjects: 0,307289 ms)

AssetImportParameters requested are different than current active one (requested -> active):
  custom:graphics/normal-map-encoding: 01000000000000000000000000000000 -> 02000000000000000000000000000000
========================================================================
Received Prepare
Registering precompiled user dll's ...
Registered in 0,001776 seconds.
Begin MonoManager ReloadAssembly
Native extension for LinuxStandalone target not found
Native extension for WebGL target not found
Refreshing native plugins compatible for Editor in 0,91 ms, found 1 plugins.
Preloading 0 native plugins for Editor in 0,00 ms.
Mono: successfully reloaded assembly
- Completed reload, in  2,642 seconds
Platform modules already initialized, skipping
Switching build target platform(24) subTarget(0) extendedPlatform(0) -> platform(13) subTarget(537395200) extendedPlatform(0)
Refreshing native plugins compatible for Editor in 0,82 ms, found 1 plugins.
Preloading 0 native plugins for Editor in 0,00 ms.
Unloading 1826 Unused Serialized files (Serialized files now loaded: 0)
System memory in use before: 81,7 MB.
System memory in use after: 81,7 MB.

Unloading 12 unused Assets to reduce memory usage. Loaded Objects now: 2470.
Total: 7,498868 ms (FindLiveObjects: 0,646015 ms CreateObjectMapping: 0,129035 ms MarkObjects: 6,418894 ms  DeleteObjects: 0,300870 ms)

AssetImportParameters requested are different than current active one (requested -> active):
  custom:graphics/normal-map-encoding: 01000000000000000000000000000000 -> 02000000000000000000000000000000
========================================================================
Received Prepare
Registering precompiled user dll's ...
Registered in 0,001768 seconds.
Begin MonoManager ReloadAssembly
Native extension for LinuxStandalone target not found
Native extension for WebGL target not found
Refreshing native plugins compatible for Editor in 1,04 ms, found 1 plugins.
Preloading 0 native plugins for Editor in 0,00 ms.
Mono: successfully reloaded assembly
- Completed reload, in  2,732 seconds
Platform modules already initialized, skipping
Switching build target platform(24) subTarget(0) extendedPlatform(0) -> platform(13) subTarget(537395200) extendedPlatform(0)
Refreshing native plugins compatible for Editor in 0,80 ms, found 1 plugins.
Preloading 0 native plugins for Editor in 0,00 ms.
Unloading 1826 Unused Serialized files (Serialized files now loaded: 0)
System memory in use before: 81,7 MB.
System memory in use after: 81,7 MB.

Unloading 12 unused Assets to reduce memory usage. Loaded Objects now: 2474.
Total: 14,375942 ms (FindLiveObjects: 0,591197 ms CreateObjectMapping: 0,115762 ms MarkObjects: 13,277832 ms  DeleteObjects: 0,387369 ms)

AssetImportParameters requested are different than current active one (requested -> active):
  custom:graphics/normal-map-encoding: 01000000000000000000000000000000 -> 02000000000000000000000000000000
========================================================================
Received Prepare
Registering precompiled user dll's ...
Registered in 0,001657 seconds.
Begin MonoManager ReloadAssembly
Native extension for LinuxStandalone target not found
Native extension for WebGL target not found
Refreshing native plugins compatible for Editor in 0,85 ms, found 1 plugins.
Preloading 0 native plugins for Editor in 0,00 ms.
Mono: successfully reloaded assembly
- Completed reload, in  2,742 seconds
Platform modules already initialized, skipping
Switching build target platform(24) subTarget(0) extendedPlatform(0) -> platform(13) subTarget(537395200) extendedPlatform(0)
Refreshing native plugins compatible for Editor in 0,80 ms, found 1 plugins.
Preloading 0 native plugins for Editor in 0,00 ms.
Unloading 1826 Unused Serialized files (Serialized files now loaded: 0)
System memory in use before: 81,7 MB.
System memory in use after: 81,7 MB.

Unloading 12 unused Assets to reduce memory usage. Loaded Objects now: 2478.
Total: 10,123300 ms (FindLiveObjects: 0,658100 ms CreateObjectMapping: 0,116672 ms MarkObjects: 9,042219 ms  DeleteObjects: 0,302298 ms)

AssetImportParameters requested are different than current active one (requested -> active):
  custom:graphics/normal-map-encoding: 01000000000000000000000000000000 -> 02000000000000000000000000000000
========================================================================
Received Prepare
Registering precompiled user dll's ...
Registered in 0,001710 seconds.
Begin MonoManager ReloadAssembly
Native extension for LinuxStandalone target not found
Native extension for WebGL target not found
Refreshing native plugins compatible for Editor in 0,86 ms, found 1 plugins.
Preloading 0 native plugins for Editor in 0,00 ms.
Mono: successfully reloaded assembly
- Completed reload, in  2,858 seconds
Platform modules already initialized, skipping
Switching build target platform(24) subTarget(0) extendedPlatform(0) -> platform(13) subTarget(537395200) extendedPlatform(0)
Refreshing native plugins compatible for Editor in 0,80 ms, found 1 plugins.
Preloading 0 native plugins for Editor in 0,00 ms.
Unloading 1826 Unused Serialized files (Serialized files now loaded: 0)
System memory in use before: 81,7 MB.
System memory in use after: 81,7 MB.

Unloading 12 unused Assets to reduce memory usage. Loaded Objects now: 2482.
Total: 12,635866 ms (FindLiveObjects: 0,849939 ms CreateObjectMapping: 0,138995 ms MarkObjects: 11,336819 ms  DeleteObjects: 0,305743 ms)

AssetImportParameters requested are different than current active one (requested -> active):
  custom:graphics/normal-map-encoding: 01000000000000000000000000000000 -> 02000000000000000000000000000000
========================================================================
Received Prepare
Registering precompiled user dll's ...
Registered in 0,001998 seconds.
Begin MonoManager ReloadAssembly
Native extension for LinuxStandalone target not found
Native extension for WebGL target not found
Refreshing native plugins compatible for Editor in 0,80 ms, found 1 plugins.
Preloading 0 native plugins for Editor in 0,00 ms.
Mono: successfully reloaded assembly
- Completed reload, in  2,669 seconds
Platform modules already initialized, skipping
Switching build target platform(24) subTarget(0) extendedPlatform(0) -> platform(13) subTarget(537395200) extendedPlatform(0)
Refreshing native plugins compatible for Editor in 0,82 ms, found 1 plugins.
Preloading 0 native plugins for Editor in 0,00 ms.
Unloading 1826 Unused Serialized files (Serialized files now loaded: 0)
System memory in use before: 81,7 MB.
System memory in use after: 81,7 MB.

Unloading 12 unused Assets to reduce memory usage. Loaded Objects now: 2486.
Total: 7,176166 ms (FindLiveObjects: 0,631788 ms CreateObjectMapping: 0,116119 ms MarkObjects: 6,116889 ms  DeleteObjects: 0,307386 ms)

AssetImportParameters requested are different than current active one (requested -> active):
  custom:graphics/normal-map-encoding: 01000000000000000000000000000000 -> 02000000000000000000000000000000
========================================================================
Received Prepare
Registering precompiled user dll's ...
Registered in 0,001804 seconds.
Begin MonoManager ReloadAssembly
Native extension for LinuxStandalone target not found
Native extension for WebGL target not found
Refreshing native plugins compatible for Editor in 1,39 ms, found 1 plugins.
Preloading 0 native plugins for Editor in 0,00 ms.
Mono: successfully reloaded assembly
- Completed reload, in  2,696 seconds
Platform modules already initialized, skipping
Switching build target platform(24) subTarget(0) extendedPlatform(0) -> platform(13) subTarget(537395200) extendedPlatform(0)
Refreshing native plugins compatible for Editor in 0,82 ms, found 1 plugins.
Preloading 0 native plugins for Editor in 0,00 ms.
Unloading 1826 Unused Serialized files (Serialized files now loaded: 0)
System memory in use before: 81,8 MB.
System memory in use after: 81,8 MB.

Unloading 12 unused Assets to reduce memory usage. Loaded Objects now: 2490.
Total: 6,650381 ms (FindLiveObjects: 0,653544 ms CreateObjectMapping: 0,138850 ms MarkObjects: 5,556816 ms  DeleteObjects: 0,297526 ms)

AssetImportParameters requested are different than current active one (requested -> active):
  custom:graphics/normal-map-encoding: 01000000000000000000000000000000 -> 02000000000000000000000000000000
========================================================================
Received Prepare
Registering precompiled user dll's ...
Registered in 0,001785 seconds.
Begin MonoManager ReloadAssembly
Native extension for LinuxStandalone target not found
Native extension for WebGL target not found
Refreshing native plugins compatible for Editor in 0,86 ms, found 1 plugins.
Preloading 0 native plugins for Editor in 0,00 ms.
Mono: successfully reloaded assembly
- Completed reload, in  2,857 seconds
Platform modules already initialized, skipping
Switching build target platform(24) subTarget(0) extendedPlatform(0) -> platform(13) subTarget(537395200) extendedPlatform(0)
Refreshing native plugins compatible for Editor in 0,80 ms, found 1 plugins.
Preloading 0 native plugins for Editor in 0,00 ms.
Unloading 1826 Unused Serialized files (Serialized files now loaded: 0)
System memory in use before: 81,8 MB.
System memory in use after: 81,8 MB.

Unloading 12 unused Assets to reduce memory usage. Loaded Objects now: 2494.
Total: 6,687662 ms (FindLiveObjects: 0,641625 ms CreateObjectMapping: 0,117310 ms MarkObjects: 5,617066 ms  DeleteObjects: 0,307254 ms)

AssetImportParameters requested are different than current active one (requested -> active):
  custom:graphics/normal-map-encoding: 01000000000000000000000000000000 -> 02000000000000000000000000000000
========================================================================
Received Prepare
Registering precompiled user dll's ...
Registered in 0,001841 seconds.
Begin MonoManager ReloadAssembly
Native extension for LinuxStandalone target not found
Native extension for WebGL target not found
Refreshing native plugins compatible for Editor in 0,83 ms, found 1 plugins.
Preloading 0 native plugins for Editor in 0,00 ms.
Mono: successfully reloaded assembly
- Completed reload, in  2,736 seconds
Platform modules already initialized, skipping
Switching build target platform(24) subTarget(0) extendedPlatform(0) -> platform(13) subTarget(537395200) extendedPlatform(0)
Refreshing native plugins compatible for Editor in 0,82 ms, found 1 plugins.
Preloading 0 native plugins for Editor in 0,00 ms.
Unloading 1826 Unused Serialized files (Serialized files now loaded: 0)
System memory in use before: 81,8 MB.
System memory in use after: 81,8 MB.

Unloading 12 unused Assets to reduce memory usage. Loaded Objects now: 2498.
Total: 6,561877 ms (FindLiveObjects: 0,654585 ms CreateObjectMapping: 0,117320 ms MarkObjects: 5,490654 ms  DeleteObjects: 0,295546 ms)

AssetImportParameters requested are different than current active one (requested -> active):
  custom:graphics/normal-map-encoding: 01000000000000000000000000000000 -> 02000000000000000000000000000000
========================================================================
Received Prepare
Registering precompiled user dll's ...
Registered in 0,001880 seconds.
Begin MonoManager ReloadAssembly
Native extension for LinuxStandalone target not found
Native extension for WebGL target not found
Refreshing native plugins compatible for Editor in 0,87 ms, found 1 plugins.
Preloading 0 native plugins for Editor in 0,00 ms.
Mono: successfully reloaded assembly
- Completed reload, in  2,932 seconds
Platform modules already initialized, skipping
Switching build target platform(24) subTarget(0) extendedPlatform(0) -> platform(13) subTarget(537395200) extendedPlatform(0)
Refreshing native plugins compatible for Editor in 0,69 ms, found 1 plugins.
Preloading 0 native plugins for Editor in 0,00 ms.
Unloading 1826 Unused Serialized files (Serialized files now loaded: 0)
System memory in use before: 81,8 MB.
System memory in use after: 81,8 MB.

Unloading 12 unused Assets to reduce memory usage. Loaded Objects now: 2502.
Total: 10,396187 ms (FindLiveObjects: 0,651056 ms CreateObjectMapping: 0,130496 ms MarkObjects: 8,256518 ms  DeleteObjects: 1,354133 ms)

AssetImportParameters requested are different than current active one (requested -> active):
  custom:graphics/normal-map-encoding: 01000000000000000000000000000000 -> 02000000000000000000000000000000
========================================================================
Received Prepare
Registering precompiled user dll's ...
Registered in 0,001895 seconds.
Begin MonoManager ReloadAssembly
Native extension for LinuxStandalone target not found
Native extension for WebGL target not found
Refreshing native plugins compatible for Editor in 0,82 ms, found 1 plugins.
Preloading 0 native plugins for Editor in 0,00 ms.
Mono: successfully reloaded assembly
- Completed reload, in  2,787 seconds
Platform modules already initialized, skipping
Switching build target platform(24) subTarget(0) extendedPlatform(0) -> platform(13) subTarget(537395200) extendedPlatform(0)
Refreshing native plugins compatible for Editor in 0,81 ms, found 1 plugins.
Preloading 0 native plugins for Editor in 0,00 ms.
Unloading 1826 Unused Serialized files (Serialized files now loaded: 0)
System memory in use before: 81,8 MB.
System memory in use after: 81,8 MB.

Unloading 12 unused Assets to reduce memory usage. Loaded Objects now: 2506.
Total: 9,783831 ms (FindLiveObjects: 0,706820 ms CreateObjectMapping: 0,150399 ms MarkObjects: 7,785621 ms  DeleteObjects: 1,136177 ms)

AssetImportParameters requested are different than current active one (requested -> active):
  custom:graphics/normal-map-encoding: 01000000000000000000000000000000 -> 02000000000000000000000000000000
========================================================================
Received Prepare
Registering precompiled user dll's ...
Registered in 0,001633 seconds.
Begin MonoManager ReloadAssembly
Native extension for LinuxStandalone target not found
Native extension for WebGL target not found
Refreshing native plugins compatible for Editor in 0,83 ms, found 1 plugins.
Preloading 0 native plugins for Editor in 0,00 ms.
Mono: successfully reloaded assembly
- Completed reload, in  2,772 seconds
Platform modules already initialized, skipping
Switching build target platform(24) subTarget(0) extendedPlatform(0) -> platform(13) subTarget(537395200) extendedPlatform(0)
Refreshing native plugins compatible for Editor in 1,29 ms, found 1 plugins.
Preloading 0 native plugins for Editor in 0,00 ms.
Unloading 1826 Unused Serialized files (Serialized files now loaded: 0)
System memory in use before: 81,8 MB.
System memory in use after: 81,8 MB.

Unloading 12 unused Assets to reduce memory usage. Loaded Objects now: 2510.
Total: 10,839827 ms (FindLiveObjects: 0,634016 ms CreateObjectMapping: 0,119290 ms MarkObjects: 9,811372 ms  DeleteObjects: 0,271164 ms)

AssetImportParameters requested are different than current active one (requested -> active):
  custom:graphics/normal-map-encoding: 01000000000000000000000000000000 -> 02000000000000000000000000000000
========================================================================
Received Prepare
Registering precompiled user dll's ...
Registered in 0,001960 seconds.
Begin MonoManager ReloadAssembly
Native extension for LinuxStandalone target not found
Native extension for WebGL target not found
Refreshing native plugins compatible for Editor in 0,83 ms, found 1 plugins.
Preloading 0 native plugins for Editor in 0,00 ms.
Mono: successfully reloaded assembly
- Completed reload, in  2,922 seconds
Platform modules already initialized, skipping
Switching build target platform(24) subTarget(0) extendedPlatform(0) -> platform(13) subTarget(537395200) extendedPlatform(0)
Refreshing native plugins compatible for Editor in 0,80 ms, found 1 plugins.
Preloading 0 native plugins for Editor in 0,00 ms.
Unloading 1826 Unused Serialized files (Serialized files now loaded: 0)
System memory in use before: 81,8 MB.
System memory in use after: 81,8 MB.

Unloading 12 unused Assets to reduce memory usage. Loaded Objects now: 2514.
Total: 9,468215 ms (FindLiveObjects: 0,661001 ms CreateObjectMapping: 0,123991 ms MarkObjects: 8,322994 ms  DeleteObjects: 0,355978 ms)

AssetImportParameters requested are different than current active one (requested -> active):
  custom:graphics/normal-map-encoding: 01000000000000000000000000000000 -> 02000000000000000000000000000000
========================================================================
Received Prepare
Registering precompiled user dll's ...
Registered in 0,001866 seconds.
Begin MonoManager ReloadAssembly
Native extension for LinuxStandalone target not found
Native extension for WebGL target not found
Refreshing native plugins compatible for Editor in 0,83 ms, found 1 plugins.
Preloading 0 native plugins for Editor in 0,00 ms.
Mono: successfully reloaded assembly
- Completed reload, in  2,653 seconds
Platform modules already initialized, skipping
Switching build target platform(24) subTarget(0) extendedPlatform(0) -> platform(13) subTarget(537395200) extendedPlatform(0)
Refreshing native plugins compatible for Editor in 0,81 ms, found 1 plugins.
Preloading 0 native plugins for Editor in 0,00 ms.
Unloading 1826 Unused Serialized files (Serialized files now loaded: 0)
System memory in use before: 81,8 MB.
System memory in use after: 81,8 MB.

Unloading 12 unused Assets to reduce memory usage. Loaded Objects now: 2518.
Total: 8,086294 ms (FindLiveObjects: 0,763456 ms CreateObjectMapping: 0,137103 ms MarkObjects: 6,897177 ms  DeleteObjects: 0,284289 ms)

AssetImportParameters requested are different than current active one (requested -> active):
  custom:graphics/normal-map-encoding: 01000000000000000000000000000000 -> 02000000000000000000000000000000
========================================================================
Received Prepare
Registering precompiled user dll's ...
Registered in 0,001787 seconds.
Begin MonoManager ReloadAssembly
Native extension for LinuxStandalone target not found
Native extension for WebGL target not found
Refreshing native plugins compatible for Editor in 0,84 ms, found 1 plugins.
Preloading 0 native plugins for Editor in 0,00 ms.
Mono: successfully reloaded assembly
- Completed reload, in  2,792 seconds
Platform modules already initialized, skipping
Switching build target platform(24) subTarget(0) extendedPlatform(0) -> platform(13) subTarget(537395200) extendedPlatform(0)
Refreshing native plugins compatible for Editor in 0,80 ms, found 1 plugins.
Preloading 0 native plugins for Editor in 0,00 ms.
Unloading 1826 Unused Serialized files (Serialized files now loaded: 0)
System memory in use before: 81,8 MB.
System memory in use after: 81,8 MB.

Unloading 12 unused Assets to reduce memory usage. Loaded Objects now: 2522.
Total: 6,257048 ms (FindLiveObjects: 0,613969 ms CreateObjectMapping: 0,104361 ms MarkObjects: 5,216346 ms  DeleteObjects: 0,318031 ms)

AssetImportParameters requested are different than current active one (requested -> active):
  custom:graphics/normal-map-encoding: 01000000000000000000000000000000 -> 02000000000000000000000000000000
========================================================================
Received Prepare
Registering precompiled user dll's ...
Registered in 0,002389 seconds.
Begin MonoManager ReloadAssembly
Native extension for LinuxStandalone target not found
Native extension for WebGL target not found
Refreshing native plugins compatible for Editor in 0,83 ms, found 1 plugins.
Preloading 0 native plugins for Editor in 0,00 ms.
Mono: successfully reloaded assembly
- Completed reload, in  2,780 seconds
Platform modules already initialized, skipping
Switching build target platform(24) subTarget(0) extendedPlatform(0) -> platform(13) subTarget(537395200) extendedPlatform(0)
Refreshing native plugins compatible for Editor in 0,79 ms, found 1 plugins.
Preloading 0 native plugins for Editor in 0,00 ms.
Unloading 1826 Unused Serialized files (Serialized files now loaded: 0)
System memory in use before: 81,8 MB.
System memory in use after: 81,8 MB.

Unloading 12 unused Assets to reduce memory usage. Loaded Objects now: 2526.
Total: 13,517087 ms (FindLiveObjects: 0,668389 ms CreateObjectMapping: 0,119323 ms MarkObjects: 11,790066 ms  DeleteObjects: 0,935579 ms)

AssetImportParameters requested are different than current active one (requested -> active):
  custom:graphics/normal-map-encoding: 01000000000000000000000000000000 -> 02000000000000000000000000000000
========================================================================
Received Prepare
Registering precompiled user dll's ...
Registered in 0,001791 seconds.
Begin MonoManager ReloadAssembly
Native extension for LinuxStandalone target not found
Native extension for WebGL target not found
Refreshing native plugins compatible for Editor in 0,81 ms, found 1 plugins.
Preloading 0 native plugins for Editor in 0,00 ms.
Mono: successfully reloaded assembly
- Completed reload, in  2,870 seconds
Platform modules already initialized, skipping
Switching build target platform(24) subTarget(0) extendedPlatform(0) -> platform(13) subTarget(537395200) extendedPlatform(0)
Refreshing native plugins compatible for Editor in 0,85 ms, found 1 plugins.
Preloading 0 native plugins for Editor in 0,00 ms.
Unloading 1826 Unused Serialized files (Serialized files now loaded: 0)
System memory in use before: 81,8 MB.
System memory in use after: 81,8 MB.

Unloading 12 unused Assets to reduce memory usage. Loaded Objects now: 2530.
Total: 9,898081 ms (FindLiveObjects: 0,632578 ms CreateObjectMapping: 0,111572 ms MarkObjects: 8,791184 ms  DeleteObjects: 0,358217 ms)

AssetImportParameters requested are different than current active one (requested -> active):
  custom:graphics/normal-map-encoding: 01000000000000000000000000000000 -> 02000000000000000000000000000000
========================================================================
Received Prepare
Registering precompiled user dll's ...
Registered in 0,001567 seconds.
Begin MonoManager ReloadAssembly
Native extension for LinuxStandalone target not found
Native extension for WebGL target not found
Refreshing native plugins compatible for Editor in 0,87 ms, found 1 plugins.
Preloading 0 native plugins for Editor in 0,00 ms.
Mono: successfully reloaded assembly
- Completed reload, in  2,833 seconds
Platform modules already initialized, skipping
Switching build target platform(24) subTarget(0) extendedPlatform(0) -> platform(13) subTarget(537395200) extendedPlatform(0)
Refreshing native plugins compatible for Editor in 0,77 ms, found 1 plugins.
Preloading 0 native plugins for Editor in 0,00 ms.
Unloading 1826 Unused Serialized files (Serialized files now loaded: 0)
System memory in use before: 81,8 MB.
System memory in use after: 81,8 MB.

Unloading 12 unused Assets to reduce memory usage. Loaded Objects now: 2534.
Total: 6,180584 ms (FindLiveObjects: 0,451336 ms CreateObjectMapping: 0,122391 ms MarkObjects: 5,158796 ms  DeleteObjects: 0,444258 ms)

AssetImportParameters requested are different than current active one (requested -> active):
  custom:graphics/normal-map-encoding: 01000000000000000000000000000000 -> 02000000000000000000000000000000
========================================================================
Received Prepare
Registering precompiled user dll's ...
Registered in 0,001802 seconds.
Begin MonoManager ReloadAssembly
Native extension for LinuxStandalone target not found
Native extension for WebGL target not found
Refreshing native plugins compatible for Editor in 0,87 ms, found 1 plugins.
Preloading 0 native plugins for Editor in 0,00 ms.
Mono: successfully reloaded assembly
- Completed reload, in  2,932 seconds
Platform modules already initialized, skipping
Switching build target platform(24) subTarget(0) extendedPlatform(0) -> platform(13) subTarget(537395200) extendedPlatform(0)
Refreshing native plugins compatible for Editor in 0,82 ms, found 1 plugins.
Preloading 0 native plugins for Editor in 0,00 ms.
Unloading 1826 Unused Serialized files (Serialized files now loaded: 0)
System memory in use before: 81,8 MB.
System memory in use after: 81,8 MB.

Unloading 12 unused Assets to reduce memory usage. Loaded Objects now: 2538.
Total: 8,273801 ms (FindLiveObjects: 0,653588 ms CreateObjectMapping: 0,120198 ms MarkObjects: 7,121231 ms  DeleteObjects: 0,374320 ms)

AssetImportParameters requested are different than current active one (requested -> active):
  custom:graphics/normal-map-encoding: 01000000000000000000000000000000 -> 02000000000000000000000000000000
========================================================================
Received Prepare
Registering precompiled user dll's ...
Registered in 0,001799 seconds.
Begin MonoManager ReloadAssembly
Native extension for LinuxStandalone target not found
Native extension for WebGL target not found
Refreshing native plugins compatible for Editor in 0,81 ms, found 1 plugins.
Preloading 0 native plugins for Editor in 0,00 ms.
Mono: successfully reloaded assembly
- Completed reload, in  2,854 seconds
Platform modules already initialized, skipping
Switching build target platform(24) subTarget(0) extendedPlatform(0) -> platform(13) subTarget(537395200) extendedPlatform(0)
Refreshing native plugins compatible for Editor in 0,82 ms, found 1 plugins.
Preloading 0 native plugins for Editor in 0,00 ms.
Unloading 1826 Unused Serialized files (Serialized files now loaded: 0)
System memory in use before: 81,9 MB.
System memory in use after: 81,9 MB.

Unloading 12 unused Assets to reduce memory usage. Loaded Objects now: 2542.
Total: 5,849331 ms (FindLiveObjects: 0,703633 ms CreateObjectMapping: 0,117859 ms MarkObjects: 4,779084 ms  DeleteObjects: 0,245176 ms)

AssetImportParameters requested are different than current active one (requested -> active):
  custom:graphics/normal-map-encoding: 01000000000000000000000000000000 -> 02000000000000000000000000000000
========================================================================
Received Prepare
Registering precompiled user dll's ...
Registered in 0,001906 seconds.
Begin MonoManager ReloadAssembly
Native extension for LinuxStandalone target not found
Native extension for WebGL target not found
Refreshing native plugins compatible for Editor in 0,84 ms, found 1 plugins.
Preloading 0 native plugins for Editor in 0,00 ms.
Mono: successfully reloaded assembly
- Completed reload, in  2,893 seconds
Platform modules already initialized, skipping
Switching build target platform(24) subTarget(0) extendedPlatform(0) -> platform(13) subTarget(537395200) extendedPlatform(0)
Refreshing native plugins compatible for Editor in 0,90 ms, found 1 plugins.
Preloading 0 native plugins for Editor in 0,00 ms.
Unloading 1826 Unused Serialized files (Serialized files now loaded: 0)
System memory in use before: 81,9 MB.
System memory in use after: 81,9 MB.

Unloading 12 unused Assets to reduce memory usage. Loaded Objects now: 2546.
Total: 7,856890 ms (FindLiveObjects: 0,767372 ms CreateObjectMapping: 0,136137 ms MarkObjects: 6,495792 ms  DeleteObjects: 0,452559 ms)

AssetImportParameters requested are different than current active one (requested -> active):
  custom:graphics/normal-map-encoding: 01000000000000000000000000000000 -> 02000000000000000000000000000000
========================================================================
Received Prepare
Registering precompiled user dll's ...
Registered in 0,001702 seconds.
Begin MonoManager ReloadAssembly
Native extension for LinuxStandalone target not found
Native extension for WebGL target not found
Refreshing native plugins compatible for Editor in 0,83 ms, found 1 plugins.
Preloading 0 native plugins for Editor in 0,00 ms.
Mono: successfully reloaded assembly
- Completed reload, in  2,846 seconds
Platform modules already initialized, skipping
Switching build target platform(24) subTarget(0) extendedPlatform(0) -> platform(13) subTarget(537395200) extendedPlatform(0)
Refreshing native plugins compatible for Editor in 0,96 ms, found 1 plugins.
Preloading 0 native plugins for Editor in 0,00 ms.
Unloading 1826 Unused Serialized files (Serialized files now loaded: 0)
System memory in use before: 81,9 MB.
System memory in use after: 81,9 MB.

Unloading 12 unused Assets to reduce memory usage. Loaded Objects now: 2550.
Total: 8,856174 ms (FindLiveObjects: 0,661980 ms CreateObjectMapping: 0,130409 ms MarkObjects: 7,758688 ms  DeleteObjects: 0,301267 ms)

AssetImportParameters requested are different than current active one (requested -> active):
  custom:graphics/normal-map-encoding: 01000000000000000000000000000000 -> 02000000000000000000000000000000
========================================================================
Received Prepare
Registering precompiled user dll's ...
Registered in 0,001782 seconds.
Begin MonoManager ReloadAssembly
Native extension for LinuxStandalone target not found
Native extension for WebGL target not found
Refreshing native plugins compatible for Editor in 0,82 ms, found 1 plugins.
Preloading 0 native plugins for Editor in 0,00 ms.
Mono: successfully reloaded assembly
- Completed reload, in  2,893 seconds
Platform modules already initialized, skipping
Switching build target platform(24) subTarget(0) extendedPlatform(0) -> platform(13) subTarget(537395200) extendedPlatform(0)
Refreshing native plugins compatible for Editor in 0,79 ms, found 1 plugins.
Preloading 0 native plugins for Editor in 0,00 ms.
Unloading 1826 Unused Serialized files (Serialized files now loaded: 0)
System memory in use before: 81,9 MB.
System memory in use after: 81,9 MB.

Unloading 12 unused Assets to reduce memory usage. Loaded Objects now: 2554.
Total: 11,582328 ms (FindLiveObjects: 0,386691 ms CreateObjectMapping: 0,105837 ms MarkObjects: 10,779300 ms  DeleteObjects: 0,306454 ms)

AssetImportParameters requested are different than current active one (requested -> active):
  custom:graphics/normal-map-encoding: 01000000000000000000000000000000 -> 02000000000000000000000000000000
========================================================================
Received Prepare
Registering precompiled user dll's ...
Registered in 0,001864 seconds.
Begin MonoManager ReloadAssembly
Native extension for LinuxStandalone target not found
Native extension for WebGL target not found
Refreshing native plugins compatible for Editor in 0,82 ms, found 1 plugins.
Preloading 0 native plugins for Editor in 0,00 ms.
Mono: successfully reloaded assembly
- Completed reload, in  3,103 seconds
Platform modules already initialized, skipping
Switching build target platform(24) subTarget(0) extendedPlatform(0) -> platform(13) subTarget(537395200) extendedPlatform(0)
Refreshing native plugins compatible for Editor in 0,77 ms, found 1 plugins.
Preloading 0 native plugins for Editor in 0,00 ms.
Unloading 1826 Unused Serialized files (Serialized files now loaded: 0)
System memory in use before: 81,9 MB.
System memory in use after: 81,9 MB.

Unloading 12 unused Assets to reduce memory usage. Loaded Objects now: 2558.
Total: 6,603068 ms (FindLiveObjects: 0,637846 ms CreateObjectMapping: 0,111744 ms MarkObjects: 5,537537 ms  DeleteObjects: 0,311779 ms)

AssetImportParameters requested are different than current active one (requested -> active):
  custom:graphics/normal-map-encoding: 01000000000000000000000000000000 -> 02000000000000000000000000000000
========================================================================
Received Prepare
Registering precompiled user dll's ...
Registered in 0,001883 seconds.
Begin MonoManager ReloadAssembly
Native extension for LinuxStandalone target not found
Native extension for WebGL target not found
Refreshing native plugins compatible for Editor in 0,84 ms, found 1 plugins.
Preloading 0 native plugins for Editor in 0,00 ms.
Mono: successfully reloaded assembly
- Completed reload, in  2,899 seconds
Platform modules already initialized, skipping
Switching build target platform(24) subTarget(0) extendedPlatform(0) -> platform(13) subTarget(537395200) extendedPlatform(0)
Refreshing native plugins compatible for Editor in 0,80 ms, found 1 plugins.
Preloading 0 native plugins for Editor in 0,00 ms.
Unloading 1826 Unused Serialized files (Serialized files now loaded: 0)
System memory in use before: 81,9 MB.
System memory in use after: 81,9 MB.

Unloading 12 unused Assets to reduce memory usage. Loaded Objects now: 2562.
Total: 5,955941 ms (FindLiveObjects: 0,679081 ms CreateObjectMapping: 0,121652 ms MarkObjects: 4,870060 ms  DeleteObjects: 0,281216 ms)

AssetImportParameters requested are different than current active one (requested -> active):
  custom:graphics/normal-map-encoding: 01000000000000000000000000000000 -> 02000000000000000000000000000000
========================================================================
Received Prepare
Registering precompiled user dll's ...
Registered in 0,001841 seconds.
Begin MonoManager ReloadAssembly
Native extension for LinuxStandalone target not found
Native extension for WebGL target not found
Refreshing native plugins compatible for Editor in 0,80 ms, found 1 plugins.
Preloading 0 native plugins for Editor in 0,00 ms.
Mono: successfully reloaded assembly
- Completed reload, in  2,959 seconds
Platform modules already initialized, skipping
Switching build target platform(24) subTarget(0) extendedPlatform(0) -> platform(13) subTarget(537395200) extendedPlatform(0)
Refreshing native plugins compatible for Editor in 0,80 ms, found 1 plugins.
Preloading 0 native plugins for Editor in 0,00 ms.
Unloading 1826 Unused Serialized files (Serialized files now loaded: 0)
System memory in use before: 81,9 MB.
System memory in use after: 81,9 MB.

Unloading 12 unused Assets to reduce memory usage. Loaded Objects now: 2566.
Total: 6,905868 ms (FindLiveObjects: 0,651549 ms CreateObjectMapping: 0,117777 ms MarkObjects: 5,835556 ms  DeleteObjects: 0,297306 ms)

AssetImportParameters requested are different than current active one (requested -> active):
  custom:graphics/normal-map-encoding: 01000000000000000000000000000000 -> 02000000000000000000000000000000
========================================================================
Received Prepare
Registering precompiled user dll's ...
Registered in 0,001949 seconds.
Begin MonoManager ReloadAssembly
Native extension for LinuxStandalone target not found
Native extension for WebGL target not found
Refreshing native plugins compatible for Editor in 0,81 ms, found 1 plugins.
Preloading 0 native plugins for Editor in 0,00 ms.
Mono: successfully reloaded assembly
- Completed reload, in  3,043 seconds
Platform modules already initialized, skipping
Switching build target platform(24) subTarget(0) extendedPlatform(0) -> platform(13) subTarget(537395200) extendedPlatform(0)
Refreshing native plugins compatible for Editor in 0,81 ms, found 1 plugins.
Preloading 0 native plugins for Editor in 0,00 ms.
Unloading 1826 Unused Serialized files (Serialized files now loaded: 0)
System memory in use before: 81,9 MB.
System memory in use after: 81,9 MB.

Unloading 12 unused Assets to reduce memory usage. Loaded Objects now: 2570.
Total: 13,970195 ms (FindLiveObjects: 0,654454 ms CreateObjectMapping: 0,120893 ms MarkObjects: 12,893833 ms  DeleteObjects: 0,297759 ms)

AssetImportParameters requested are different than current active one (requested -> active):
  custom:graphics/normal-map-encoding: 01000000000000000000000000000000 -> 02000000000000000000000000000000
========================================================================
Received Prepare
Registering precompiled user dll's ...
Registered in 0,001715 seconds.
Begin MonoManager ReloadAssembly
Native extension for LinuxStandalone target not found
Native extension for WebGL target not found
Refreshing native plugins compatible for Editor in 0,84 ms, found 1 plugins.
Preloading 0 native plugins for Editor in 0,00 ms.
Mono: successfully reloaded assembly
- Completed reload, in  3,023 seconds
Platform modules already initialized, skipping
Switching build target platform(24) subTarget(0) extendedPlatform(0) -> platform(13) subTarget(537395200) extendedPlatform(0)
Refreshing native plugins compatible for Editor in 0,79 ms, found 1 plugins.
Preloading 0 native plugins for Editor in 0,00 ms.
Unloading 1826 Unused Serialized files (Serialized files now loaded: 0)
System memory in use before: 82,1 MB.
System memory in use after: 82,1 MB.

Unloading 12 unused Assets to reduce memory usage. Loaded Objects now: 2574.
Total: 12,031322 ms (FindLiveObjects: 0,736713 ms CreateObjectMapping: 0,137961 ms MarkObjects: 10,762220 ms  DeleteObjects: 0,390522 ms)

AssetImportParameters requested are different than current active one (requested -> active):
  custom:graphics/normal-map-encoding: 01000000000000000000000000000000 -> 02000000000000000000000000000000
========================================================================
Received Prepare
Registering precompiled user dll's ...
Registered in 0,001676 seconds.
Begin MonoManager ReloadAssembly
Native extension for LinuxStandalone target not found
Native extension for WebGL target not found
Refreshing native plugins compatible for Editor in 0,80 ms, found 1 plugins.
Preloading 0 native plugins for Editor in 0,00 ms.
Mono: successfully reloaded assembly
- Completed reload, in  3,024 seconds
Platform modules already initialized, skipping
Switching build target platform(24) subTarget(0) extendedPlatform(0) -> platform(13) subTarget(537395200) extendedPlatform(0)
Refreshing native plugins compatible for Editor in 0,82 ms, found 1 plugins.
Preloading 0 native plugins for Editor in 0,00 ms.
Unloading 1826 Unused Serialized files (Serialized files now loaded: 0)
System memory in use before: 82,0 MB.
System memory in use after: 82,0 MB.

Unloading 12 unused Assets to reduce memory usage. Loaded Objects now: 2578.
Total: 6,197772 ms (FindLiveObjects: 0,632085 ms CreateObjectMapping: 0,114950 ms MarkObjects: 5,165383 ms  DeleteObjects: 0,281116 ms)

AssetImportParameters requested are different than current active one (requested -> active):
  custom:graphics/normal-map-encoding: 01000000000000000000000000000000 -> 02000000000000000000000000000000
========================================================================
Received Prepare
Registering precompiled user dll's ...
Registered in 0,001783 seconds.
Begin MonoManager ReloadAssembly
Native extension for LinuxStandalone target not found
Native extension for WebGL target not found
Refreshing native plugins compatible for Editor in 0,84 ms, found 1 plugins.
Preloading 0 native plugins for Editor in 0,00 ms.
Mono: successfully reloaded assembly
- Completed reload, in  3,001 seconds
Platform modules already initialized, skipping
Switching build target platform(24) subTarget(0) extendedPlatform(0) -> platform(13) subTarget(537395200) extendedPlatform(0)
Refreshing native plugins compatible for Editor in 0,87 ms, found 1 plugins.
Preloading 0 native plugins for Editor in 0,00 ms.
Unloading 1826 Unused Serialized files (Serialized files now loaded: 0)
System memory in use before: 82,0 MB.
System memory in use after: 82,0 MB.

Unloading 12 unused Assets to reduce memory usage. Loaded Objects now: 2582.
Total: 6,545703 ms (FindLiveObjects: 0,694996 ms CreateObjectMapping: 0,118459 ms MarkObjects: 5,397606 ms  DeleteObjects: 0,310471 ms)

AssetImportParameters requested are different than current active one (requested -> active):
  custom:graphics/normal-map-encoding: 01000000000000000000000000000000 -> 02000000000000000000000000000000
========================================================================
Received Prepare
Registering precompiled user dll's ...
Registered in 0,001904 seconds.
Begin MonoManager ReloadAssembly
Native extension for LinuxStandalone target not found
Native extension for WebGL target not found
Refreshing native plugins compatible for Editor in 0,84 ms, found 1 plugins.
Preloading 0 native plugins for Editor in 0,00 ms.
Mono: successfully reloaded assembly
- Completed reload, in  3,051 seconds
Platform modules already initialized, skipping
Switching build target platform(24) subTarget(0) extendedPlatform(0) -> platform(13) subTarget(537395200) extendedPlatform(0)
Refreshing native plugins compatible for Editor in 0,66 ms, found 1 plugins.
Preloading 0 native plugins for Editor in 0,00 ms.
Unloading 1826 Unused Serialized files (Serialized files now loaded: 0)
System memory in use before: 82,0 MB.
System memory in use after: 82,0 MB.

Unloading 12 unused Assets to reduce memory usage. Loaded Objects now: 2586.
Total: 10,353954 ms (FindLiveObjects: 1,416847 ms CreateObjectMapping: 0,188618 ms MarkObjects: 8,435781 ms  DeleteObjects: 0,308923 ms)

AssetImportParameters requested are different than current active one (requested -> active):
  custom:graphics/normal-map-encoding: 01000000000000000000000000000000 -> 02000000000000000000000000000000
========================================================================
Received Prepare
Registering precompiled user dll's ...
Registered in 0,001761 seconds.
Begin MonoManager ReloadAssembly
Native extension for LinuxStandalone target not found
Native extension for WebGL target not found
Refreshing native plugins compatible for Editor in 0,82 ms, found 1 plugins.
Preloading 0 native plugins for Editor in 0,00 ms.
Mono: successfully reloaded assembly
- Completed reload, in  2,914 seconds
Platform modules already initialized, skipping
Switching build target platform(24) subTarget(0) extendedPlatform(0) -> platform(13) subTarget(537395200) extendedPlatform(0)
Refreshing native plugins compatible for Editor in 0,82 ms, found 1 plugins.
Preloading 0 native plugins for Editor in 0,00 ms.
Unloading 1826 Unused Serialized files (Serialized files now loaded: 0)
System memory in use before: 82,0 MB.
System memory in use after: 82,0 MB.

Unloading 12 unused Assets to reduce memory usage. Loaded Objects now: 2590.
Total: 10,570922 ms (FindLiveObjects: 0,642420 ms CreateObjectMapping: 0,118802 ms MarkObjects: 9,502432 ms  DeleteObjects: 0,303790 ms)

AssetImportParameters requested are different than current active one (requested -> active):
  custom:graphics/normal-map-encoding: 01000000000000000000000000000000 -> 02000000000000000000000000000000
========================================================================
Received Prepare
Registering precompiled user dll's ...
Registered in 0,001840 seconds.
Begin MonoManager ReloadAssembly
Native extension for LinuxStandalone target not found
Native extension for WebGL target not found
Refreshing native plugins compatible for Editor in 0,82 ms, found 1 plugins.
Preloading 0 native plugins for Editor in 0,00 ms.
Mono: successfully reloaded assembly
- Completed reload, in  3,094 seconds
Platform modules already initialized, skipping
Switching build target platform(24) subTarget(0) extendedPlatform(0) -> platform(13) subTarget(537395200) extendedPlatform(0)
Refreshing native plugins compatible for Editor in 0,82 ms, found 1 plugins.
Preloading 0 native plugins for Editor in 0,00 ms.
Unloading 1826 Unused Serialized files (Serialized files now loaded: 0)
System memory in use before: 82,0 MB.
System memory in use after: 82,0 MB.

Unloading 12 unused Assets to reduce memory usage. Loaded Objects now: 2594.
Total: 6,022751 ms (FindLiveObjects: 0,714506 ms CreateObjectMapping: 0,115276 ms MarkObjects: 4,794486 ms  DeleteObjects: 0,394824 ms)

AssetImportParameters requested are different than current active one (requested -> active):
  custom:graphics/normal-map-encoding: 01000000000000000000000000000000 -> 02000000000000000000000000000000
========================================================================
Received Prepare
Registering precompiled user dll's ...
Registered in 0,001888 seconds.
Begin MonoManager ReloadAssembly
Native extension for LinuxStandalone target not found
Native extension for WebGL target not found
Refreshing native plugins compatible for Editor in 0,82 ms, found 1 plugins.
Preloading 0 native plugins for Editor in 0,00 ms.
Mono: successfully reloaded assembly
- Completed reload, in  3,173 seconds
Platform modules already initialized, skipping
Switching build target platform(24) subTarget(0) extendedPlatform(0) -> platform(13) subTarget(537395200) extendedPlatform(0)
Refreshing native plugins compatible for Editor in 0,64 ms, found 1 plugins.
Preloading 0 native plugins for Editor in 0,00 ms.
Unloading 1826 Unused Serialized files (Serialized files now loaded: 0)
System memory in use before: 82,0 MB.
System memory in use after: 82,0 MB.

Unloading 12 unused Assets to reduce memory usage. Loaded Objects now: 2598.
Total: 9,644312 ms (FindLiveObjects: 0,678089 ms CreateObjectMapping: 0,122149 ms MarkObjects: 8,520383 ms  DeleteObjects: 0,319634 ms)

AssetImportParameters requested are different than current active one (requested -> active):
  custom:graphics/normal-map-encoding: 01000000000000000000000000000000 -> 02000000000000000000000000000000
========================================================================
Received Prepare
Registering precompiled user dll's ...
Registered in 0,001944 seconds.
Begin MonoManager ReloadAssembly
Native extension for LinuxStandalone target not found
Native extension for WebGL target not found
Refreshing native plugins compatible for Editor in 0,87 ms, found 1 plugins.
Preloading 0 native plugins for Editor in 0,00 ms.
Mono: successfully reloaded assembly
- Completed reload, in  3,042 seconds
Platform modules already initialized, skipping
Switching build target platform(24) subTarget(0) extendedPlatform(0) -> platform(13) subTarget(537395200) extendedPlatform(0)
Refreshing native plugins compatible for Editor in 0,81 ms, found 1 plugins.
Preloading 0 native plugins for Editor in 0,00 ms.
Unloading 1826 Unused Serialized files (Serialized files now loaded: 0)
System memory in use before: 82,0 MB.
System memory in use after: 82,0 MB.

Unloading 12 unused Assets to reduce memory usage. Loaded Objects now: 2602.
Total: 7,431886 ms (FindLiveObjects: 0,477533 ms CreateObjectMapping: 0,538837 ms MarkObjects: 6,124325 ms  DeleteObjects: 0,287357 ms)

AssetImportParameters requested are different than current active one (requested -> active):
  custom:graphics/normal-map-encoding: 01000000000000000000000000000000 -> 02000000000000000000000000000000
========================================================================
Received Prepare
Registering precompiled user dll's ...
Registered in 0,001788 seconds.
Begin MonoManager ReloadAssembly
Native extension for LinuxStandalone target not found
Native extension for WebGL target not found
Refreshing native plugins compatible for Editor in 0,80 ms, found 1 plugins.
Preloading 0 native plugins for Editor in 0,00 ms.
Mono: successfully reloaded assembly
- Completed reload, in  3,149 seconds
Platform modules already initialized, skipping
Switching build target platform(24) subTarget(0) extendedPlatform(0) -> platform(13) subTarget(537395200) extendedPlatform(0)
Refreshing native plugins compatible for Editor in 0,98 ms, found 1 plugins.
Preloading 0 native plugins for Editor in 0,00 ms.
Unloading 1826 Unused Serialized files (Serialized files now loaded: 0)
System memory in use before: 82,0 MB.
System memory in use after: 82,0 MB.

Unloading 12 unused Assets to reduce memory usage. Loaded Objects now: 2606.
Total: 9,668043 ms (FindLiveObjects: 0,659594 ms CreateObjectMapping: 0,113239 ms MarkObjects: 8,598155 ms  DeleteObjects: 0,293714 ms)

AssetImportParameters requested are different than current active one (requested -> active):
  custom:graphics/normal-map-encoding: 01000000000000000000000000000000 -> 02000000000000000000000000000000
========================================================================
Received Prepare
Registering precompiled user dll's ...
Registered in 0,001861 seconds.
Begin MonoManager ReloadAssembly
Native extension for LinuxStandalone target not found
Native extension for WebGL target not found
Refreshing native plugins compatible for Editor in 0,88 ms, found 1 plugins.
Preloading 0 native plugins for Editor in 0,00 ms.
Mono: successfully reloaded assembly
- Completed reload, in  3,284 seconds
Platform modules already initialized, skipping
Switching build target platform(24) subTarget(0) extendedPlatform(0) -> platform(13) subTarget(537395200) extendedPlatform(0)
Refreshing native plugins compatible for Editor in 0,81 ms, found 1 plugins.
Preloading 0 native plugins for Editor in 0,00 ms.
Unloading 1826 Unused Serialized files (Serialized files now loaded: 0)
System memory in use before: 82,0 MB.
System memory in use after: 82,0 MB.

Unloading 12 unused Assets to reduce memory usage. Loaded Objects now: 2610.
Total: 19,754622 ms (FindLiveObjects: 0,665035 ms CreateObjectMapping: 0,140759 ms MarkObjects: 18,139532 ms  DeleteObjects: 0,804454 ms)

AssetImportParameters requested are different than current active one (requested -> active):
  custom:graphics/normal-map-encoding: 01000000000000000000000000000000 -> 02000000000000000000000000000000
========================================================================
Received Prepare
Registering precompiled user dll's ...
Registered in 0,001882 seconds.
Begin MonoManager ReloadAssembly
Native extension for LinuxStandalone target not found
Native extension for WebGL target not found
Refreshing native plugins compatible for Editor in 0,83 ms, found 1 plugins.
Preloading 0 native plugins for Editor in 0,00 ms.
Mono: successfully reloaded assembly
- Completed reload, in  3,192 seconds
Platform modules already initialized, skipping
Switching build target platform(24) subTarget(0) extendedPlatform(0) -> platform(13) subTarget(537395200) extendedPlatform(0)
Refreshing native plugins compatible for Editor in 0,82 ms, found 1 plugins.
Preloading 0 native plugins for Editor in 0,00 ms.
Unloading 1826 Unused Serialized files (Serialized files now loaded: 0)
System memory in use before: 82,0 MB.
System memory in use after: 82,0 MB.

Unloading 12 unused Assets to reduce memory usage. Loaded Objects now: 2614.
Total: 7,703977 ms (FindLiveObjects: 1,200667 ms CreateObjectMapping: 0,150796 ms MarkObjects: 5,987960 ms  DeleteObjects: 0,361163 ms)

AssetImportParameters requested are different than current active one (requested -> active):
  custom:graphics/normal-map-encoding: 01000000000000000000000000000000 -> 02000000000000000000000000000000
========================================================================
Received Prepare
Registering precompiled user dll's ...
Registered in 0,001768 seconds.
Begin MonoManager ReloadAssembly
Native extension for LinuxStandalone target not found
Native extension for WebGL target not found
Refreshing native plugins compatible for Editor in 0,82 ms, found 1 plugins.
Preloading 0 native plugins for Editor in 0,00 ms.
Mono: successfully reloaded assembly
- Completed reload, in  3,293 seconds
Platform modules already initialized, skipping
Switching build target platform(24) subTarget(0) extendedPlatform(0) -> platform(13) subTarget(537395200) extendedPlatform(0)
Refreshing native plugins compatible for Editor in 0,82 ms, found 1 plugins.
Preloading 0 native plugins for Editor in 0,00 ms.
Unloading 1826 Unused Serialized files (Serialized files now loaded: 0)
System memory in use before: 82,0 MB.
System memory in use after: 82,0 MB.

Unloading 12 unused Assets to reduce memory usage. Loaded Objects now: 2618.
Total: 10,919670 ms (FindLiveObjects: 0,651257 ms CreateObjectMapping: 0,119170 ms MarkObjects: 9,849588 ms  DeleteObjects: 0,295596 ms)

AssetImportParameters requested are different than current active one (requested -> active):
  custom:graphics/normal-map-encoding: 01000000000000000000000000000000 -> 02000000000000000000000000000000
========================================================================
Received Prepare
Registering precompiled user dll's ...
Registered in 0,001721 seconds.
Begin MonoManager ReloadAssembly
Native extension for LinuxStandalone target not found
Native extension for WebGL target not found
Refreshing native plugins compatible for Editor in 0,88 ms, found 1 plugins.
Preloading 0 native plugins for Editor in 0,00 ms.
Mono: successfully reloaded assembly
- Completed reload, in  3,171 seconds
Platform modules already initialized, skipping
Switching build target platform(24) subTarget(0) extendedPlatform(0) -> platform(13) subTarget(537395200) extendedPlatform(0)
Refreshing native plugins compatible for Editor in 0,84 ms, found 1 plugins.
Preloading 0 native plugins for Editor in 0,00 ms.
Unloading 1826 Unused Serialized files (Serialized files now loaded: 0)
System memory in use before: 82,1 MB.
System memory in use after: 82,1 MB.

Unloading 12 unused Assets to reduce memory usage. Loaded Objects now: 2622.
Total: 9,444181 ms (FindLiveObjects: 0,725634 ms CreateObjectMapping: 0,121491 ms MarkObjects: 8,274473 ms  DeleteObjects: 0,318969 ms)

AssetImportParameters requested are different than current active one (requested -> active):
  custom:graphics/normal-map-encoding: 01000000000000000000000000000000 -> 02000000000000000000000000000000
========================================================================
Received Prepare
Registering precompiled user dll's ...
Registered in 0,001834 seconds.
Begin MonoManager ReloadAssembly
Native extension for LinuxStandalone target not found
Native extension for WebGL target not found
Refreshing native plugins compatible for Editor in 0,82 ms, found 1 plugins.
Preloading 0 native plugins for Editor in 0,00 ms.
Mono: successfully reloaded assembly
- Completed reload, in  3,009 seconds
Platform modules already initialized, skipping
Switching build target platform(24) subTarget(0) extendedPlatform(0) -> platform(13) subTarget(537395200) extendedPlatform(0)
Refreshing native plugins compatible for Editor in 0,65 ms, found 1 plugins.
Preloading 0 native plugins for Editor in 0,00 ms.
Unloading 1826 Unused Serialized files (Serialized files now loaded: 0)
System memory in use before: 82,0 MB.
System memory in use after: 82,1 MB.

Unloading 12 unused Assets to reduce memory usage. Loaded Objects now: 2626.
Total: 11,103271 ms (FindLiveObjects: 0,662220 ms CreateObjectMapping: 0,112541 ms MarkObjects: 10,052065 ms  DeleteObjects: 0,272571 ms)

AssetImportParameters requested are different than current active one (requested -> active):
  custom:graphics/normal-map-encoding: 01000000000000000000000000000000 -> 02000000000000000000000000000000
========================================================================
Received Prepare
Registering precompiled user dll's ...
Registered in 0,001803 seconds.
Begin MonoManager ReloadAssembly
Native extension for LinuxStandalone target not found
Native extension for WebGL target not found
Refreshing native plugins compatible for Editor in 0,83 ms, found 1 plugins.
Preloading 0 native plugins for Editor in 0,00 ms.
Mono: successfully reloaded assembly
- Completed reload, in  3,184 seconds
Platform modules already initialized, skipping
Switching build target platform(24) subTarget(0) extendedPlatform(0) -> platform(13) subTarget(537395200) extendedPlatform(0)
Refreshing native plugins compatible for Editor in 0,81 ms, found 1 plugins.
Preloading 0 native plugins for Editor in 0,00 ms.
Unloading 1826 Unused Serialized files (Serialized files now loaded: 0)
System memory in use before: 82,1 MB.
System memory in use after: 82,1 MB.

Unloading 12 unused Assets to reduce memory usage. Loaded Objects now: 2630.
Total: 4,991162 ms (FindLiveObjects: 0,403852 ms CreateObjectMapping: 0,100470 ms MarkObjects: 4,175843 ms  DeleteObjects: 0,307410 ms)

AssetImportParameters requested are different than current active one (requested -> active):
  custom:graphics/normal-map-encoding: 01000000000000000000000000000000 -> 02000000000000000000000000000000
========================================================================
Received Prepare
Registering precompiled user dll's ...
Registered in 0,001888 seconds.
Begin MonoManager ReloadAssembly
Native extension for LinuxStandalone target not found
Native extension for WebGL target not found
Refreshing native plugins compatible for Editor in 0,68 ms, found 1 plugins.
Preloading 0 native plugins for Editor in 0,00 ms.
Mono: successfully reloaded assembly
- Completed reload, in  2,989 seconds
Platform modules already initialized, skipping
Switching build target platform(24) subTarget(0) extendedPlatform(0) -> platform(13) subTarget(537395200) extendedPlatform(0)
Refreshing native plugins compatible for Editor in 0,83 ms, found 1 plugins.
Preloading 0 native plugins for Editor in 0,00 ms.
Unloading 1826 Unused Serialized files (Serialized files now loaded: 0)
System memory in use before: 82,1 MB.
System memory in use after: 82,1 MB.

Unloading 12 unused Assets to reduce memory usage. Loaded Objects now: 2634.
Total: 7,374115 ms (FindLiveObjects: 0,697367 ms CreateObjectMapping: 0,120166 ms MarkObjects: 6,256395 ms  DeleteObjects: 0,296569 ms)

AssetImportParameters requested are different than current active one (requested -> active):
  custom:graphics/normal-map-encoding: 01000000000000000000000000000000 -> 02000000000000000000000000000000
========================================================================
Received Prepare
Registering precompiled user dll's ...
Registered in 0,001906 seconds.
Begin MonoManager ReloadAssembly
Native extension for LinuxStandalone target not found
Native extension for WebGL target not found
Refreshing native plugins compatible for Editor in 0,82 ms, found 1 plugins.
Preloading 0 native plugins for Editor in 0,00 ms.
Mono: successfully reloaded assembly
- Completed reload, in  3,172 seconds
Platform modules already initialized, skipping
Switching build target platform(24) subTarget(0) extendedPlatform(0) -> platform(13) subTarget(537395200) extendedPlatform(0)
Refreshing native plugins compatible for Editor in 0,81 ms, found 1 plugins.
Preloading 0 native plugins for Editor in 0,00 ms.
Unloading 1826 Unused Serialized files (Serialized files now loaded: 0)
System memory in use before: 82,1 MB.
System memory in use after: 82,1 MB.

Unloading 12 unused Assets to reduce memory usage. Loaded Objects now: 2638.
Total: 7,347232 ms (FindLiveObjects: 0,403368 ms CreateObjectMapping: 0,104149 ms MarkObjects: 6,434299 ms  DeleteObjects: 0,402004 ms)

AssetImportParameters requested are different than current active one (requested -> active):
  custom:graphics/normal-map-encoding: 01000000000000000000000000000000 -> 02000000000000000000000000000000
========================================================================
Received Prepare
Registering precompiled user dll's ...
Registered in 0,001806 seconds.
Begin MonoManager ReloadAssembly
Native extension for LinuxStandalone target not found
Native extension for WebGL target not found
Refreshing native plugins compatible for Editor in 0,83 ms, found 1 plugins.
Preloading 0 native plugins for Editor in 0,00 ms.
Mono: successfully reloaded assembly
- Completed reload, in  3,100 seconds
Platform modules already initialized, skipping
Switching build target platform(24) subTarget(0) extendedPlatform(0) -> platform(13) subTarget(537395200) extendedPlatform(0)
Refreshing native plugins compatible for Editor in 0,81 ms, found 1 plugins.
Preloading 0 native plugins for Editor in 0,00 ms.
Unloading 1826 Unused Serialized files (Serialized files now loaded: 0)
System memory in use before: 82,1 MB.
System memory in use after: 82,1 MB.

Unloading 12 unused Assets to reduce memory usage. Loaded Objects now: 2642.
Total: 4,430855 ms (FindLiveObjects: 0,437806 ms CreateObjectMapping: 0,109728 ms MarkObjects: 3,633636 ms  DeleteObjects: 0,246825 ms)

AssetImportParameters requested are different than current active one (requested -> active):
  custom:graphics/normal-map-encoding: 01000000000000000000000000000000 -> 02000000000000000000000000000000
========================================================================
Received Prepare
Registering precompiled user dll's ...
Registered in 0,001758 seconds.
Begin MonoManager ReloadAssembly
Native extension for LinuxStandalone target not found
Native extension for WebGL target not found
Refreshing native plugins compatible for Editor in 0,76 ms, found 1 plugins.
Preloading 0 native plugins for Editor in 0,00 ms.
Mono: successfully reloaded assembly
- Completed reload, in  2,858 seconds
Platform modules already initialized, skipping
Switching build target platform(24) subTarget(0) extendedPlatform(0) -> platform(13) subTarget(537395200) extendedPlatform(0)
Refreshing native plugins compatible for Editor in 0,65 ms, found 1 plugins.
Preloading 0 native plugins for Editor in 0,00 ms.
Unloading 1826 Unused Serialized files (Serialized files now loaded: 0)
System memory in use before: 82,1 MB.
System memory in use after: 82,1 MB.

Unloading 12 unused Assets to reduce memory usage. Loaded Objects now: 2646.
Total: 8,887768 ms (FindLiveObjects: 0,702267 ms CreateObjectMapping: 0,114821 ms MarkObjects: 7,651753 ms  DeleteObjects: 0,415716 ms)

AssetImportParameters requested are different than current active one (requested -> active):
  custom:graphics/normal-map-encoding: 01000000000000000000000000000000 -> 02000000000000000000000000000000
========================================================================
Received Prepare
Registering precompiled user dll's ...
Registered in 0,001303 seconds.
Begin MonoManager ReloadAssembly
Native extension for LinuxStandalone target not found
Native extension for WebGL target not found
Refreshing native plugins compatible for Editor in 0,71 ms, found 1 plugins.
Preloading 0 native plugins for Editor in 0,00 ms.
Mono: successfully reloaded assembly
- Completed reload, in  2,483 seconds
Platform modules already initialized, skipping
Switching build target platform(24) subTarget(0) extendedPlatform(0) -> platform(13) subTarget(537395200) extendedPlatform(0)
Refreshing native plugins compatible for Editor in 0,79 ms, found 1 plugins.
Preloading 0 native plugins for Editor in 0,00 ms.
Unloading 1826 Unused Serialized files (Serialized files now loaded: 0)
System memory in use before: 82,1 MB.
System memory in use after: 82,1 MB.

Unloading 12 unused Assets to reduce memory usage. Loaded Objects now: 2650.
Total: 5,402790 ms (FindLiveObjects: 0,398809 ms CreateObjectMapping: 0,118625 ms MarkObjects: 4,546092 ms  DeleteObjects: 0,335989 ms)

AssetImportParameters requested are different than current active one (requested -> active):
  custom:graphics/normal-map-encoding: 01000000000000000000000000000000 -> 02000000000000000000000000000000
========================================================================
Received Prepare
Registering precompiled user dll's ...
Registered in 0,001299 seconds.
Begin MonoManager ReloadAssembly
Native extension for LinuxStandalone target not found
Native extension for WebGL target not found
Refreshing native plugins compatible for Editor in 0,83 ms, found 1 plugins.
Preloading 0 native plugins for Editor in 0,00 ms.
Mono: successfully reloaded assembly
- Completed reload, in  2,718 seconds
Platform modules already initialized, skipping
Switching build target platform(24) subTarget(0) extendedPlatform(0) -> platform(13) subTarget(537395200) extendedPlatform(0)
Refreshing native plugins compatible for Editor in 0,81 ms, found 1 plugins.
Preloading 0 native plugins for Editor in 0,00 ms.
Unloading 1826 Unused Serialized files (Serialized files now loaded: 0)
System memory in use before: 82,2 MB.
System memory in use after: 82,2 MB.

Unloading 12 unused Assets to reduce memory usage. Loaded Objects now: 2654.
Total: 6,555983 ms (FindLiveObjects: 0,732957 ms CreateObjectMapping: 0,123734 ms MarkObjects: 5,392273 ms  DeleteObjects: 0,303539 ms)

AssetImportParameters requested are different than current active one (requested -> active):
  custom:graphics/normal-map-encoding: 01000000000000000000000000000000 -> 02000000000000000000000000000000
========================================================================
Received Import Request.
  Time since last request: 3520,467326 seconds.
  path: Assets/Project/Prefabs/Enemy Prefabs/Enemy.prefab
  artifactKey: Guid(7b15520c9d8ac49bf908d89d3bdcf321) Importer(815301076,1909f56bfc062723c751e8b465ee728b)
Start importing Assets/Project/Prefabs/Enemy Prefabs/Enemy.prefab using Guid(7b15520c9d8ac49bf908d89d3bdcf321) Importer(815301076,1909f56bfc062723c751e8b465ee728b)  -> (artifact id: '08c58fc6b9f0dfa10c7f25b66e114b77') in 0,145649 seconds
  Import took 0,153635 seconds .

========================================================================
Received Import Request.
  Time since last request: 5,492087 seconds.
  path: Assets/Project/Prefabs/Enemy Prefabs/Enemy.prefab
  artifactKey: Guid(7b15520c9d8ac49bf908d89d3bdcf321) Importer(815301076,1909f56bfc062723c751e8b465ee728b)
Start importing Assets/Project/Prefabs/Enemy Prefabs/Enemy.prefab using Guid(7b15520c9d8ac49bf908d89d3bdcf321) Importer(815301076,1909f56bfc062723c751e8b465ee728b)  -> (artifact id: 'd339db644df2fc39b122f0a46dcc0d67') in 0,026236 seconds
  Import took 0,033709 seconds .

========================================================================
Received Import Request.
  Time since last request: 0,006541 seconds.
  path: Assets/Project/Prefabs/Enemy Prefabs/Enemy.prefab
  artifactKey: Guid(7b15520c9d8ac49bf908d89d3bdcf321) Importer(815301076,1909f56bfc062723c751e8b465ee728b)
Start importing Assets/Project/Prefabs/Enemy Prefabs/Enemy.prefab using Guid(7b15520c9d8ac49bf908d89d3bdcf321) Importer(815301076,1909f56bfc062723c751e8b465ee728b)  -> (artifact id: 'd339db644df2fc39b122f0a46dcc0d67') in 0,026859 seconds
  Import took 0,033805 seconds .

========================================================================
Received Import Request.
  Time since last request: 2,518997 seconds.
  path: Assets/Project/Prefabs/Enemy Prefabs/Enemy3.prefab
  artifactKey: Guid(c0c6454c7692020a4b0b532d168d0daa) Importer(815301076,1909f56bfc062723c751e8b465ee728b)
Start importing Assets/Project/Prefabs/Enemy Prefabs/Enemy3.prefab using Guid(c0c6454c7692020a4b0b532d168d0daa) Importer(815301076,1909f56bfc062723c751e8b465ee728b)  -> (artifact id: '2f0d27ef9f0e62c11fc49c69cd90f343') in 0,027079 seconds
  Import took 0,034255 seconds .

========================================================================
Received Import Request.
  Time since last request: 6,199544 seconds.
  path: Assets/Project/Prefabs/Enemy Prefabs/Enemy3.prefab
  artifactKey: Guid(c0c6454c7692020a4b0b532d168d0daa) Importer(815301076,1909f56bfc062723c751e8b465ee728b)
Start importing Assets/Project/Prefabs/Enemy Prefabs/Enemy3.prefab using Guid(c0c6454c7692020a4b0b532d168d0daa) Importer(815301076,1909f56bfc062723c751e8b465ee728b)  -> (artifact id: '9ac292310a1468b8f35d104c1b3961a5') in 0,027206 seconds
  Import took 0,035173 seconds .

========================================================================
Received Import Request.
  Time since last request: 0,009030 seconds.
  path: Assets/Project/Prefabs/Enemy Prefabs/Enemy3.prefab
  artifactKey: Guid(c0c6454c7692020a4b0b532d168d0daa) Importer(815301076,1909f56bfc062723c751e8b465ee728b)
Start importing Assets/Project/Prefabs/Enemy Prefabs/Enemy3.prefab using Guid(c0c6454c7692020a4b0b532d168d0daa) Importer(815301076,1909f56bfc062723c751e8b465ee728b)  -> (artifact id: '9ac292310a1468b8f35d104c1b3961a5') in 0,026524 seconds
  Import took 0,033491 seconds .

========================================================================
Received Prepare
Registering precompiled user dll's ...
Registered in 0,001821 seconds.
Begin MonoManager ReloadAssembly
Native extension for LinuxStandalone target not found
Native extension for WebGL target not found
Refreshing native plugins compatible for Editor in 0,66 ms, found 1 plugins.
Preloading 0 native plugins for Editor in 0,00 ms.
Mono: successfully reloaded assembly
- Completed reload, in  2,443 seconds
Platform modules already initialized, skipping
Switching build target platform(24) subTarget(0) extendedPlatform(0) -> platform(13) subTarget(537395200) extendedPlatform(0)
Refreshing native plugins compatible for Editor in 0,64 ms, found 1 plugins.
Preloading 0 native plugins for Editor in 0,00 ms.
Unloading 1826 Unused Serialized files (Serialized files now loaded: 0)
System memory in use before: 82,1 MB.
System memory in use after: 82,1 MB.

Unloading 12 unused Assets to reduce memory usage. Loaded Objects now: 2659.
Total: 4,359782 ms (FindLiveObjects: 0,370910 ms CreateObjectMapping: 0,109464 ms MarkObjects: 3,671222 ms  DeleteObjects: 0,205740 ms)

AssetImportParameters requested are different than current active one (requested -> active):
  custom:graphics/normal-map-encoding: 01000000000000000000000000000000 -> 02000000000000000000000000000000
========================================================================
Received Prepare
Registering precompiled user dll's ...
Registered in 0,001391 seconds.
Begin MonoManager ReloadAssembly
Native extension for LinuxStandalone target not found
Native extension for WebGL target not found
Refreshing native plugins compatible for Editor in 0,67 ms, found 1 plugins.
Preloading 0 native plugins for Editor in 0,00 ms.
Mono: successfully reloaded assembly
- Completed reload, in  2,405 seconds
Platform modules already initialized, skipping
Switching build target platform(24) subTarget(0) extendedPlatform(0) -> platform(13) subTarget(537395200) extendedPlatform(0)
Refreshing native plugins compatible for Editor in 0,81 ms, found 1 plugins.
Preloading 0 native plugins for Editor in 0,00 ms.
Unloading 1826 Unused Serialized files (Serialized files now loaded: 0)
System memory in use before: 82,1 MB.
System memory in use after: 82,1 MB.

Unloading 12 unused Assets to reduce memory usage. Loaded Objects now: 2663.
Total: 6,824426 ms (FindLiveObjects: 0,688731 ms CreateObjectMapping: 0,135480 ms MarkObjects: 5,700178 ms  DeleteObjects: 0,296018 ms)

AssetImportParameters requested are different than current active one (requested -> active):
  custom:graphics/normal-map-encoding: 01000000000000000000000000000000 -> 02000000000000000000000000000000
========================================================================
Received Prepare
Registering precompiled user dll's ...
Registered in 0,001825 seconds.
Begin MonoManager ReloadAssembly
Native extension for LinuxStandalone target not found
Native extension for WebGL target not found
Refreshing native plugins compatible for Editor in 0,82 ms, found 1 plugins.
Preloading 0 native plugins for Editor in 0,00 ms.
Mono: successfully reloaded assembly
- Completed reload, in  3,388 seconds
Platform modules already initialized, skipping
Switching build target platform(24) subTarget(0) extendedPlatform(0) -> platform(13) subTarget(537395200) extendedPlatform(0)
Refreshing native plugins compatible for Editor in 0,83 ms, found 1 plugins.
Preloading 0 native plugins for Editor in 0,00 ms.
Unloading 1826 Unused Serialized files (Serialized files now loaded: 0)
System memory in use before: 82,1 MB.
System memory in use after: 82,1 MB.

Unloading 12 unused Assets to reduce memory usage. Loaded Objects now: 2667.
Total: 7,781688 ms (FindLiveObjects: 0,834240 ms CreateObjectMapping: 0,120036 ms MarkObjects: 6,469510 ms  DeleteObjects: 0,353562 ms)

AssetImportParameters requested are different than current active one (requested -> active):
  custom:graphics/normal-map-encoding: 01000000000000000000000000000000 -> 02000000000000000000000000000000
========================================================================
Received Prepare
Registering precompiled user dll's ...
Registered in 0,001718 seconds.
Begin MonoManager ReloadAssembly
Native extension for LinuxStandalone target not found
Native extension for WebGL target not found
Refreshing native plugins compatible for Editor in 0,83 ms, found 1 plugins.
Preloading 0 native plugins for Editor in 0,00 ms.
Mono: successfully reloaded assembly
- Completed reload, in  2,964 seconds
Platform modules already initialized, skipping
Switching build target platform(24) subTarget(0) extendedPlatform(0) -> platform(13) subTarget(537395200) extendedPlatform(0)
Refreshing native plugins compatible for Editor in 1,09 ms, found 1 plugins.
Preloading 0 native plugins for Editor in 0,00 ms.
Unloading 1826 Unused Serialized files (Serialized files now loaded: 0)
System memory in use before: 82,1 MB.
System memory in use after: 82,1 MB.

Unloading 12 unused Assets to reduce memory usage. Loaded Objects now: 2671.
Total: 13,753003 ms (FindLiveObjects: 0,684560 ms CreateObjectMapping: 0,147591 ms MarkObjects: 9,621806 ms  DeleteObjects: 3,294420 ms)

AssetImportParameters requested are different than current active one (requested -> active):
  custom:graphics/normal-map-encoding: 01000000000000000000000000000000 -> 02000000000000000000000000000000
========================================================================
Received Prepare
Registering precompiled user dll's ...
Registered in 0,001338 seconds.
Begin MonoManager ReloadAssembly
Native extension for LinuxStandalone target not found
Native extension for WebGL target not found
Refreshing native plugins compatible for Editor in 0,70 ms, found 1 plugins.
Preloading 0 native plugins for Editor in 0,00 ms.
Mono: successfully reloaded assembly
- Completed reload, in  2,606 seconds
Platform modules already initialized, skipping
Switching build target platform(24) subTarget(0) extendedPlatform(0) -> platform(13) subTarget(537395200) extendedPlatform(0)
Refreshing native plugins compatible for Editor in 0,67 ms, found 1 plugins.
Preloading 0 native plugins for Editor in 0,00 ms.
Unloading 1826 Unused Serialized files (Serialized files now loaded: 0)
System memory in use before: 82,2 MB.
System memory in use after: 82,2 MB.

Unloading 12 unused Assets to reduce memory usage. Loaded Objects now: 2675.
Total: 6,375194 ms (FindLiveObjects: 0,683415 ms CreateObjectMapping: 0,134311 ms MarkObjects: 5,334742 ms  DeleteObjects: 0,218983 ms)

AssetImportParameters requested are different than current active one (requested -> active):
  custom:graphics/normal-map-encoding: 01000000000000000000000000000000 -> 02000000000000000000000000000000
========================================================================
Received Prepare
Registering precompiled user dll's ...
Registered in 0,001751 seconds.
Begin MonoManager ReloadAssembly
Native extension for LinuxStandalone target not found
Native extension for WebGL target not found
Refreshing native plugins compatible for Editor in 0,85 ms, found 1 plugins.
Preloading 0 native plugins for Editor in 0,00 ms.
Mono: successfully reloaded assembly
- Completed reload, in  2,728 seconds
Platform modules already initialized, skipping
Switching build target platform(24) subTarget(0) extendedPlatform(0) -> platform(13) subTarget(537395200) extendedPlatform(0)
Refreshing native plugins compatible for Editor in 0,67 ms, found 1 plugins.
Preloading 0 native plugins for Editor in 0,00 ms.
Unloading 1826 Unused Serialized files (Serialized files now loaded: 0)
System memory in use before: 82,3 MB.
System memory in use after: 82,3 MB.

Unloading 12 unused Assets to reduce memory usage. Loaded Objects now: 2679.
Total: 4,745240 ms (FindLiveObjects: 0,447250 ms CreateObjectMapping: 0,104509 ms MarkObjects: 3,975618 ms  DeleteObjects: 0,215197 ms)

AssetImportParameters requested are different than current active one (requested -> active):
  custom:graphics/normal-map-encoding: 01000000000000000000000000000000 -> 02000000000000000000000000000000
========================================================================
Received Prepare
Registering precompiled user dll's ...
Registered in 0,001773 seconds.
Begin MonoManager ReloadAssembly
Native extension for LinuxStandalone target not found
Native extension for WebGL target not found
Refreshing native plugins compatible for Editor in 0,66 ms, found 1 plugins.
Preloading 0 native plugins for Editor in 0,00 ms.
Mono: successfully reloaded assembly
- Completed reload, in  2,774 seconds
Platform modules already initialized, skipping
Switching build target platform(24) subTarget(0) extendedPlatform(0) -> platform(13) subTarget(537395200) extendedPlatform(0)
Refreshing native plugins compatible for Editor in 0,83 ms, found 1 plugins.
Preloading 0 native plugins for Editor in 0,00 ms.
Unloading 1826 Unused Serialized files (Serialized files now loaded: 0)
System memory in use before: 82,2 MB.
System memory in use after: 82,2 MB.

Unloading 12 unused Assets to reduce memory usage. Loaded Objects now: 2683.
Total: 14,901177 ms (FindLiveObjects: 0,895398 ms CreateObjectMapping: 0,167937 ms MarkObjects: 13,414477 ms  DeleteObjects: 0,418867 ms)

AssetImportParameters requested are different than current active one (requested -> active):
  custom:graphics/normal-map-encoding: 01000000000000000000000000000000 -> 02000000000000000000000000000000
========================================================================
Received Prepare
Registering precompiled user dll's ...
Registered in 0,001857 seconds.
Begin MonoManager ReloadAssembly
Native extension for LinuxStandalone target not found
Native extension for WebGL target not found
Refreshing native plugins compatible for Editor in 0,83 ms, found 1 plugins.
Preloading 0 native plugins for Editor in 0,00 ms.
Mono: successfully reloaded assembly
- Completed reload, in  3,397 seconds
Platform modules already initialized, skipping
Switching build target platform(24) subTarget(0) extendedPlatform(0) -> platform(13) subTarget(537395200) extendedPlatform(0)
Refreshing native plugins compatible for Editor in 0,83 ms, found 1 plugins.
Preloading 0 native plugins for Editor in 0,00 ms.
Unloading 1826 Unused Serialized files (Serialized files now loaded: 0)
System memory in use before: 82,2 MB.
System memory in use after: 82,2 MB.

Unloading 12 unused Assets to reduce memory usage. Loaded Objects now: 2687.
Total: 6,259432 ms (FindLiveObjects: 0,795197 ms CreateObjectMapping: 0,107000 ms MarkObjects: 5,090533 ms  DeleteObjects: 0,263302 ms)

AssetImportParameters requested are different than current active one (requested -> active):
  custom:graphics/normal-map-encoding: 01000000000000000000000000000000 -> 02000000000000000000000000000000
========================================================================
Received Prepare
Registering precompiled user dll's ...
Registered in 0,001344 seconds.
Begin MonoManager ReloadAssembly
Native extension for LinuxStandalone target not found
Native extension for WebGL target not found
Refreshing native plugins compatible for Editor in 0,68 ms, found 1 plugins.
Preloading 0 native plugins for Editor in 0,00 ms.
Mono: successfully reloaded assembly
- Completed reload, in  2,540 seconds
Platform modules already initialized, skipping
Switching build target platform(24) subTarget(0) extendedPlatform(0) -> platform(13) subTarget(537395200) extendedPlatform(0)
Refreshing native plugins compatible for Editor in 0,64 ms, found 1 plugins.
Preloading 0 native plugins for Editor in 0,00 ms.
Unloading 1826 Unused Serialized files (Serialized files now loaded: 0)
System memory in use before: 82,3 MB.
System memory in use after: 82,3 MB.

Unloading 12 unused Assets to reduce memory usage. Loaded Objects now: 2691.
Total: 6,436465 ms (FindLiveObjects: 0,407447 ms CreateObjectMapping: 0,108424 ms MarkObjects: 5,391187 ms  DeleteObjects: 0,526715 ms)

AssetImportParameters requested are different than current active one (requested -> active):
  custom:graphics/normal-map-encoding: 01000000000000000000000000000000 -> 02000000000000000000000000000000
========================================================================
Received Prepare
Registering precompiled user dll's ...
Registered in 0,001324 seconds.
Begin MonoManager ReloadAssembly
Native extension for LinuxStandalone target not found
Native extension for WebGL target not found
Refreshing native plugins compatible for Editor in 0,69 ms, found 1 plugins.
Preloading 0 native plugins for Editor in 0,00 ms.
Mono: successfully reloaded assembly
- Completed reload, in  2,579 seconds
Platform modules already initialized, skipping
Switching build target platform(24) subTarget(0) extendedPlatform(0) -> platform(13) subTarget(537395200) extendedPlatform(0)
Refreshing native plugins compatible for Editor in 0,65 ms, found 1 plugins.
Preloading 0 native plugins for Editor in 0,00 ms.
Unloading 1826 Unused Serialized files (Serialized files now loaded: 0)
System memory in use before: 82,2 MB.
System memory in use after: 82,2 MB.

Unloading 12 unused Assets to reduce memory usage. Loaded Objects now: 2695.
Total: 4,337203 ms (FindLiveObjects: 0,379598 ms CreateObjectMapping: 0,102015 ms MarkObjects: 3,559682 ms  DeleteObjects: 0,293349 ms)

AssetImportParameters requested are different than current active one (requested -> active):
  custom:graphics/normal-map-encoding: 01000000000000000000000000000000 -> 02000000000000000000000000000000
========================================================================
Received Prepare
Registering precompiled user dll's ...
Registered in 0,001855 seconds.
Begin MonoManager ReloadAssembly
Native extension for LinuxStandalone target not found
Native extension for WebGL target not found
Refreshing native plugins compatible for Editor in 0,64 ms, found 1 plugins.
Preloading 0 native plugins for Editor in 0,00 ms.
Mono: successfully reloaded assembly
- Completed reload, in  3,033 seconds
Platform modules already initialized, skipping
Switching build target platform(24) subTarget(0) extendedPlatform(0) -> platform(13) subTarget(537395200) extendedPlatform(0)
Refreshing native plugins compatible for Editor in 0,85 ms, found 1 plugins.
Preloading 0 native plugins for Editor in 0,00 ms.
Unloading 1826 Unused Serialized files (Serialized files now loaded: 0)
System memory in use before: 82,2 MB.
System memory in use after: 82,2 MB.

Unloading 12 unused Assets to reduce memory usage. Loaded Objects now: 2699.
Total: 7,159969 ms (FindLiveObjects: 0,712598 ms CreateObjectMapping: 0,115896 ms MarkObjects: 5,924931 ms  DeleteObjects: 0,402701 ms)

AssetImportParameters requested are different than current active one (requested -> active):
  custom:graphics/normal-map-encoding: 01000000000000000000000000000000 -> 02000000000000000000000000000000
========================================================================
Received Prepare
Registering precompiled user dll's ...
Registered in 0,001800 seconds.
Begin MonoManager ReloadAssembly
Native extension for LinuxStandalone target not found
Native extension for WebGL target not found
Refreshing native plugins compatible for Editor in 0,84 ms, found 1 plugins.
Preloading 0 native plugins for Editor in 0,00 ms.
Mono: successfully reloaded assembly
- Completed reload, in  3,553 seconds
Platform modules already initialized, skipping
Switching build target platform(24) subTarget(0) extendedPlatform(0) -> platform(13) subTarget(537395200) extendedPlatform(0)
Refreshing native plugins compatible for Editor in 0,82 ms, found 1 plugins.
Preloading 0 native plugins for Editor in 0,00 ms.
Unloading 1826 Unused Serialized files (Serialized files now loaded: 0)
System memory in use before: 82,3 MB.
System memory in use after: 82,3 MB.

Unloading 12 unused Assets to reduce memory usage. Loaded Objects now: 2703.
Total: 6,490322 ms (FindLiveObjects: 0,733673 ms CreateObjectMapping: 0,127503 ms MarkObjects: 5,307214 ms  DeleteObjects: 0,317804 ms)

AssetImportParameters requested are different than current active one (requested -> active):
  custom:graphics/normal-map-encoding: 01000000000000000000000000000000 -> 02000000000000000000000000000000
========================================================================
Received Prepare
Registering precompiled user dll's ...
Registered in 0,002166 seconds.
Begin MonoManager ReloadAssembly
Native extension for LinuxStandalone target not found
Native extension for WebGL target not found
Refreshing native plugins compatible for Editor in 0,90 ms, found 1 plugins.
Preloading 0 native plugins for Editor in 0,00 ms.
Mono: successfully reloaded assembly
- Completed reload, in  3,371 seconds
Platform modules already initialized, skipping
Switching build target platform(24) subTarget(0) extendedPlatform(0) -> platform(13) subTarget(537395200) extendedPlatform(0)
Refreshing native plugins compatible for Editor in 0,66 ms, found 1 plugins.
Preloading 0 native plugins for Editor in 0,00 ms.
Unloading 1826 Unused Serialized files (Serialized files now loaded: 0)
System memory in use before: 82,2 MB.
System memory in use after: 82,2 MB.

Unloading 12 unused Assets to reduce memory usage. Loaded Objects now: 2707.
Total: 7,698225 ms (FindLiveObjects: 0,436803 ms CreateObjectMapping: 0,115461 ms MarkObjects: 6,718311 ms  DeleteObjects: 0,424332 ms)

AssetImportParameters requested are different than current active one (requested -> active):
  custom:graphics/normal-map-encoding: 01000000000000000000000000000000 -> 02000000000000000000000000000000
========================================================================
Received Prepare
Registering precompiled user dll's ...
Registered in 0,001359 seconds.
Begin MonoManager ReloadAssembly
Native extension for LinuxStandalone target not found
Native extension for WebGL target not found
Refreshing native plugins compatible for Editor in 0,81 ms, found 1 plugins.
Preloading 0 native plugins for Editor in 0,00 ms.
Mono: successfully reloaded assembly
- Completed reload, in  2,740 seconds
Platform modules already initialized, skipping
Switching build target platform(24) subTarget(0) extendedPlatform(0) -> platform(13) subTarget(537395200) extendedPlatform(0)
Refreshing native plugins compatible for Editor in 0,65 ms, found 1 plugins.
Preloading 0 native plugins for Editor in 0,00 ms.
Unloading 1826 Unused Serialized files (Serialized files now loaded: 0)
System memory in use before: 82,3 MB.
System memory in use after: 82,3 MB.

Unloading 12 unused Assets to reduce memory usage. Loaded Objects now: 2711.
Total: 5,362834 ms (FindLiveObjects: 0,469990 ms CreateObjectMapping: 0,104243 ms MarkObjects: 4,483075 ms  DeleteObjects: 0,303127 ms)

AssetImportParameters requested are different than current active one (requested -> active):
  custom:graphics/normal-map-encoding: 01000000000000000000000000000000 -> 02000000000000000000000000000000
========================================================================
Received Prepare
Registering precompiled user dll's ...
Registered in 0,001854 seconds.
Begin MonoManager ReloadAssembly
Native extension for LinuxStandalone target not found
Native extension for WebGL target not found
Refreshing native plugins compatible for Editor in 0,84 ms, found 1 plugins.
Preloading 0 native plugins for Editor in 0,00 ms.
Mono: successfully reloaded assembly
- Completed reload, in  2,760 seconds
Platform modules already initialized, skipping
Switching build target platform(24) subTarget(0) extendedPlatform(0) -> platform(13) subTarget(537395200) extendedPlatform(0)
Refreshing native plugins compatible for Editor in 0,65 ms, found 1 plugins.
Preloading 0 native plugins for Editor in 0,00 ms.
Unloading 1826 Unused Serialized files (Serialized files now loaded: 0)
System memory in use before: 82,3 MB.
System memory in use after: 82,3 MB.

Unloading 12 unused Assets to reduce memory usage. Loaded Objects now: 2715.
Total: 5,455133 ms (FindLiveObjects: 0,661718 ms CreateObjectMapping: 0,123217 ms MarkObjects: 4,361139 ms  DeleteObjects: 0,305956 ms)

AssetImportParameters requested are different than current active one (requested -> active):
  custom:graphics/normal-map-encoding: 01000000000000000000000000000000 -> 02000000000000000000000000000000
========================================================================
Received Prepare
Registering precompiled user dll's ...
Registered in 0,001352 seconds.
Begin MonoManager ReloadAssembly
Native extension for LinuxStandalone target not found
Native extension for WebGL target not found
Refreshing native plugins compatible for Editor in 0,70 ms, found 1 plugins.
Preloading 0 native plugins for Editor in 0,00 ms.
Mono: successfully reloaded assembly
- Completed reload, in  2,691 seconds
Platform modules already initialized, skipping
Switching build target platform(24) subTarget(0) extendedPlatform(0) -> platform(13) subTarget(537395200) extendedPlatform(0)
Refreshing native plugins compatible for Editor in 0,68 ms, found 1 plugins.
Preloading 0 native plugins for Editor in 0,00 ms.
Unloading 1826 Unused Serialized files (Serialized files now loaded: 0)
System memory in use before: 82,3 MB.
System memory in use after: 82,3 MB.

Unloading 12 unused Assets to reduce memory usage. Loaded Objects now: 2719.
Total: 4,518771 ms (FindLiveObjects: 0,407235 ms CreateObjectMapping: 0,102108 ms MarkObjects: 3,761100 ms  DeleteObjects: 0,245726 ms)

AssetImportParameters requested are different than current active one (requested -> active):
  custom:graphics/normal-map-encoding: 01000000000000000000000000000000 -> 02000000000000000000000000000000
========================================================================
Received Prepare
Registering precompiled user dll's ...
Registered in 0,001400 seconds.
Begin MonoManager ReloadAssembly
Native extension for LinuxStandalone target not found
Native extension for WebGL target not found
Refreshing native plugins compatible for Editor in 0,67 ms, found 1 plugins.
Preloading 0 native plugins for Editor in 0,00 ms.
Mono: successfully reloaded assembly
- Completed reload, in  2,892 seconds
Platform modules already initialized, skipping
Switching build target platform(24) subTarget(0) extendedPlatform(0) -> platform(13) subTarget(537395200) extendedPlatform(0)
Refreshing native plugins compatible for Editor in 0,80 ms, found 1 plugins.
Preloading 0 native plugins for Editor in 0,00 ms.
Unloading 1826 Unused Serialized files (Serialized files now loaded: 0)
System memory in use before: 82,3 MB.
System memory in use after: 82,3 MB.

Unloading 12 unused Assets to reduce memory usage. Loaded Objects now: 2723.
Total: 4,769463 ms (FindLiveObjects: 0,523039 ms CreateObjectMapping: 0,114367 ms MarkObjects: 3,902851 ms  DeleteObjects: 0,225685 ms)

AssetImportParameters requested are different than current active one (requested -> active):
  custom:graphics/normal-map-encoding: 01000000000000000000000000000000 -> 02000000000000000000000000000000
========================================================================
Received Prepare
Registering precompiled user dll's ...
Registered in 0,001849 seconds.
Begin MonoManager ReloadAssembly
Native extension for LinuxStandalone target not found
Native extension for WebGL target not found
Refreshing native plugins compatible for Editor in 0,82 ms, found 1 plugins.
Preloading 0 native plugins for Editor in 0,00 ms.
Mono: successfully reloaded assembly
- Completed reload, in  3,584 seconds
Platform modules already initialized, skipping
Switching build target platform(24) subTarget(0) extendedPlatform(0) -> platform(13) subTarget(537395200) extendedPlatform(0)
Refreshing native plugins compatible for Editor in 0,81 ms, found 1 plugins.
Preloading 0 native plugins for Editor in 0,00 ms.
Unloading 1826 Unused Serialized files (Serialized files now loaded: 0)
System memory in use before: 82,3 MB.
System memory in use after: 82,4 MB.

Unloading 12 unused Assets to reduce memory usage. Loaded Objects now: 2727.
Total: 6,881264 ms (FindLiveObjects: 0,823325 ms CreateObjectMapping: 0,131781 ms MarkObjects: 5,642208 ms  DeleteObjects: 0,279926 ms)

AssetImportParameters requested are different than current active one (requested -> active):
  custom:graphics/normal-map-encoding: 01000000000000000000000000000000 -> 02000000000000000000000000000000
========================================================================
Received Prepare
Registering precompiled user dll's ...
Registered in 0,001714 seconds.
Begin MonoManager ReloadAssembly
Native extension for LinuxStandalone target not found
Native extension for WebGL target not found
Refreshing native plugins compatible for Editor in 0,90 ms, found 1 plugins.
Preloading 0 native plugins for Editor in 0,00 ms.
Mono: successfully reloaded assembly
- Completed reload, in  3,556 seconds
Platform modules already initialized, skipping
Switching build target platform(24) subTarget(0) extendedPlatform(0) -> platform(13) subTarget(537395200) extendedPlatform(0)
Refreshing native plugins compatible for Editor in 0,83 ms, found 1 plugins.
Preloading 0 native plugins for Editor in 0,00 ms.
Unloading 1826 Unused Serialized files (Serialized files now loaded: 0)
System memory in use before: 82,3 MB.
System memory in use after: 82,4 MB.

Unloading 12 unused Assets to reduce memory usage. Loaded Objects now: 2731.
Total: 13,977784 ms (FindLiveObjects: 1,109210 ms CreateObjectMapping: 0,205345 ms MarkObjects: 12,364907 ms  DeleteObjects: 0,292901 ms)

AssetImportParameters requested are different than current active one (requested -> active):
  custom:graphics/normal-map-encoding: 01000000000000000000000000000000 -> 02000000000000000000000000000000
========================================================================
Received Prepare
Registering precompiled user dll's ...
Registered in 0,001799 seconds.
Begin MonoManager ReloadAssembly
Native extension for LinuxStandalone target not found
Native extension for WebGL target not found
Refreshing native plugins compatible for Editor in 0,81 ms, found 1 plugins.
Preloading 0 native plugins for Editor in 0,00 ms.
Mono: successfully reloaded assembly
- Completed reload, in  3,382 seconds
Platform modules already initialized, skipping
Switching build target platform(24) subTarget(0) extendedPlatform(0) -> platform(13) subTarget(537395200) extendedPlatform(0)
Refreshing native plugins compatible for Editor in 0,69 ms, found 1 plugins.
Preloading 0 native plugins for Editor in 0,00 ms.
Unloading 1826 Unused Serialized files (Serialized files now loaded: 0)
System memory in use before: 82,4 MB.
System memory in use after: 82,5 MB.

Unloading 12 unused Assets to reduce memory usage. Loaded Objects now: 2735.
Total: 6,487270 ms (FindLiveObjects: 0,750934 ms CreateObjectMapping: 0,159486 ms MarkObjects: 5,284375 ms  DeleteObjects: 0,288979 ms)

AssetImportParameters requested are different than current active one (requested -> active):
  custom:graphics/normal-map-encoding: 01000000000000000000000000000000 -> 02000000000000000000000000000000
========================================================================
Received Prepare
Registering precompiled user dll's ...
Registered in 0,001337 seconds.
Begin MonoManager ReloadAssembly
Native extension for LinuxStandalone target not found
Native extension for WebGL target not found
Refreshing native plugins compatible for Editor in 0,68 ms, found 1 plugins.
Preloading 0 native plugins for Editor in 0,00 ms.
Mono: successfully reloaded assembly
- Completed reload, in  2,945 seconds
Platform modules already initialized, skipping
Switching build target platform(24) subTarget(0) extendedPlatform(0) -> platform(13) subTarget(537395200) extendedPlatform(0)
Refreshing native plugins compatible for Editor in 0,79 ms, found 1 plugins.
Preloading 0 native plugins for Editor in 0,00 ms.
Unloading 1826 Unused Serialized files (Serialized files now loaded: 0)
System memory in use before: 82,4 MB.
System memory in use after: 82,5 MB.

Unloading 12 unused Assets to reduce memory usage. Loaded Objects now: 2739.
Total: 8,664943 ms (FindLiveObjects: 0,740414 ms CreateObjectMapping: 0,131384 ms MarkObjects: 7,475135 ms  DeleteObjects: 0,313689 ms)

AssetImportParameters requested are different than current active one (requested -> active):
  custom:graphics/normal-map-encoding: 01000000000000000000000000000000 -> 02000000000000000000000000000000
========================================================================
Received Prepare
Registering precompiled user dll's ...
Registered in 0,001832 seconds.
Begin MonoManager ReloadAssembly
Native extension for LinuxStandalone target not found
Native extension for WebGL target not found
Refreshing native plugins compatible for Editor in 0,84 ms, found 1 plugins.
Preloading 0 native plugins for Editor in 0,00 ms.
Mono: successfully reloaded assembly
- Completed reload, in  3,658 seconds
Platform modules already initialized, skipping
Switching build target platform(24) subTarget(0) extendedPlatform(0) -> platform(13) subTarget(537395200) extendedPlatform(0)
Refreshing native plugins compatible for Editor in 0,83 ms, found 1 plugins.
Preloading 0 native plugins for Editor in 0,00 ms.
Unloading 1826 Unused Serialized files (Serialized files now loaded: 0)
System memory in use before: 82,4 MB.
System memory in use after: 82,5 MB.

Unloading 12 unused Assets to reduce memory usage. Loaded Objects now: 2743.
Total: 7,602200 ms (FindLiveObjects: 0,783783 ms CreateObjectMapping: 0,141541 ms MarkObjects: 6,376868 ms  DeleteObjects: 0,296025 ms)

AssetImportParameters requested are different than current active one (requested -> active):
  custom:graphics/normal-map-encoding: 01000000000000000000000000000000 -> 02000000000000000000000000000000
========================================================================
Received Prepare
Registering precompiled user dll's ...
Registered in 0,001715 seconds.
Begin MonoManager ReloadAssembly
Native extension for LinuxStandalone target not found
Native extension for WebGL target not found
Refreshing native plugins compatible for Editor in 4,89 ms, found 1 plugins.
Preloading 0 native plugins for Editor in 0,00 ms.
Mono: successfully reloaded assembly
- Completed reload, in  3,667 seconds
Platform modules already initialized, skipping
Switching build target platform(24) subTarget(0) extendedPlatform(0) -> platform(13) subTarget(537395200) extendedPlatform(0)
Refreshing native plugins compatible for Editor in 0,82 ms, found 1 plugins.
Preloading 0 native plugins for Editor in 0,00 ms.
Unloading 1826 Unused Serialized files (Serialized files now loaded: 0)
System memory in use before: 82,4 MB.
System memory in use after: 82,5 MB.

Unloading 12 unused Assets to reduce memory usage. Loaded Objects now: 2747.
Total: 7,528556 ms (FindLiveObjects: 0,798694 ms CreateObjectMapping: 0,169237 ms MarkObjects: 6,241726 ms  DeleteObjects: 0,313842 ms)

AssetImportParameters requested are different than current active one (requested -> active):
  custom:graphics/normal-map-encoding: 01000000000000000000000000000000 -> 02000000000000000000000000000000
========================================================================
Received Prepare
Registering precompiled user dll's ...
Registered in 0,001913 seconds.
Begin MonoManager ReloadAssembly
Native extension for LinuxStandalone target not found
Native extension for WebGL target not found
Refreshing native plugins compatible for Editor in 0,89 ms, found 1 plugins.
Preloading 0 native plugins for Editor in 0,00 ms.
Mono: successfully reloaded assembly
- Completed reload, in  3,059 seconds
Platform modules already initialized, skipping
Switching build target platform(24) subTarget(0) extendedPlatform(0) -> platform(13) subTarget(537395200) extendedPlatform(0)
Refreshing native plugins compatible for Editor in 0,68 ms, found 1 plugins.
Preloading 0 native plugins for Editor in 0,00 ms.
Unloading 1826 Unused Serialized files (Serialized files now loaded: 0)
System memory in use before: 82,4 MB.
System memory in use after: 82,5 MB.

Unloading 12 unused Assets to reduce memory usage. Loaded Objects now: 2751.
Total: 5,734062 ms (FindLiveObjects: 0,457822 ms CreateObjectMapping: 0,116042 ms MarkObjects: 4,916952 ms  DeleteObjects: 0,240382 ms)

AssetImportParameters requested are different than current active one (requested -> active):
  custom:graphics/normal-map-encoding: 01000000000000000000000000000000 -> 02000000000000000000000000000000
========================================================================
Received Prepare
Registering precompiled user dll's ...
Registered in 0,001676 seconds.
Begin MonoManager ReloadAssembly
Native extension for LinuxStandalone target not found
Native extension for WebGL target not found
Refreshing native plugins compatible for Editor in 0,80 ms, found 1 plugins.
Preloading 0 native plugins for Editor in 0,00 ms.
Mono: successfully reloaded assembly
- Completed reload, in  2,809 seconds
Platform modules already initialized, skipping
Switching build target platform(24) subTarget(0) extendedPlatform(0) -> platform(13) subTarget(537395200) extendedPlatform(0)
Refreshing native plugins compatible for Editor in 0,65 ms, found 1 plugins.
Preloading 0 native plugins for Editor in 0,00 ms.
Unloading 1826 Unused Serialized files (Serialized files now loaded: 0)
System memory in use before: 82,4 MB.
System memory in use after: 82,5 MB.

Unloading 12 unused Assets to reduce memory usage. Loaded Objects now: 2755.
Total: 4,490393 ms (FindLiveObjects: 0,428783 ms CreateObjectMapping: 0,122003 ms MarkObjects: 3,723906 ms  DeleteObjects: 0,212878 ms)

AssetImportParameters requested are different than current active one (requested -> active):
  custom:graphics/normal-map-encoding: 01000000000000000000000000000000 -> 02000000000000000000000000000000
========================================================================
Received Prepare
Registering precompiled user dll's ...
Registered in 0,002219 seconds.
Callback registration failed. Increase kMaxCallback.

Fatal Error! Callback registration failed. Increase kMaxCallback.

Caught fatal signal - signo:6 code:-6 errno:0 addr:0x3e800011f95
Obtained 30 stack frames.
#0  0x007f4af98bb3c0 in funlockfile
#1  0x007f4af96fa18b in gsignal
#2  0x007f4af96d9859 in abort
#3  0x00560a13742166 in CrashDontLaunchBugReporter()
#4  0x00560a12a971cf in EditorMonoConsole::LogToConsoleImplementation(CppLogEntry const&)
#5  0x00560a12a9654c in EditorMonoConsole::LogToConsoleImplementation(DebugStringToFileData const&)
#6  0x00560a12a97e5b in LogToConsoleImplementation(DebugStringToFileData const&)
#7  0x00560a147019c0 in DebugStringToFilePostprocessedStacktrace(DebugStringToFileData const&)
#8  0x00560a14702285 in DebugStringToFile(DebugStringToFileData const&)
#9  0x00560a1051ab00 in CallbackArrayBase<void (*)(AssemblyLoadFailure), void (*)(void const*, AssemblyLoadFailure)>::Register(void (*)(AssemblyLoadFailure), void (*)(void const*, AssemblyLoadFailure), void const*)
#10 0x00560a133befa2 in LoadDomainAndUserAssemblies(bool)
#11 0x00560a133c18c5 in LoadUserAssemblies()
#12 0x00560a138b015b in AssetImportWorkerClient::ReloadMonoDomain(AssetResolver&)
#13 0x00560a138d98b7 in core::mutable_function<void ()>::DispatchT<IOService::PostHelper<AssetImportWorkerClient::HandleMessage(PrepareMessage const&)::$_5>(AssetImportWorkerClient::HandleMessage(PrepareMessage const&)::$_5&&, IOService::WrapCallableInFunctionTag)::{lambda()#1}>::Dispatch()
#14 0x00560a1394a716 in asio::detail::completion_handler<core::mutable_function<void ()> >::do_complete(asio::detail::task_io_service*, asio::detail::task_io_service_operation*, std::error_code const&, unsigned long)
#15 0x00560a13948050 in asio::detail::task_io_service::do_run_one(asio::detail::scoped_lock<asio::detail::posix_mutex>&, asio::detail::task_io_service_thread_info&, std::error_code const&)
#16 0x00560a13947be3 in asio::detail::task_io_service::run(std::error_code&)
#17 0x00560a1394176a in asio::io_service::run()
#18 0x00560a1394171b in IOService::Run(bool)
#19 0x00560a138a4064 in RunAssetImporterV2()
#20 0x00560a12c10793 in Application::InitializeProject()
#21 0x00560a13753b86 in InitializeUnity(void*)
#22 0x007f4af9ff4be8 in g_source_get_time
#23 0x007f4af9ff404e in g_main_context_dispatch
#24 0x007f4af9ff4400 in g_main_context_dispatch
#25 0x007f4af9ff46f3 in g_main_loop_run
#26 0x007f4afa68937d in gtk_main
#27 0x00560a1375354e in main
#28 0x007f4af96db0b3 in __libc_start_main
#29 0x00560a10475029 in _start
