Using pre-set license
Desktop is 2560 x 1440 @ 60 Hz

 COMMAND LINE ARGUMENTS:
Unity
-adb2
-batchMode
-noUpm
-name
AssetImportWorker0
-projectPath
/home/valter/Projects/git/ProtectThePrincess/ProtectThePrincess
-logFile
Logs/AssetImportWorker0.log
-srvPort
37469
Successfully changed project path to: /home/valter/Projects/git/ProtectThePrincess/ProtectThePrincess
/home/valter/Projects/git/ProtectThePrincess/ProtectThePrincess
Using Asset Import Pipeline V2.
Refreshing native plugins compatible for Editor in 68,51 ms, found 1 plugins.
Preloading 0 native plugins for Editor in 0,00 ms.
Initialize engine version: 2020.3.7f1 (dd97f2c94397)
[Subsystems] Discovering subsystems at path /home/valter/Unity/Hub/Editor/2020.3.7f1/Editor/Data/Resources/UnitySubsystems
[Subsystems] Discovering subsystems at path /home/valter/Projects/git/ProtectThePrincess/ProtectThePrincess/Assets
GLX Extensions: GLX_EXT_visual_info GLX_EXT_visual_rating GLX_EXT_import_context GLX_SGIX_fbconfig GLX_SGIX_pbuffer GLX_SGI_video_sync GLX_SGI_swap_control GLX_EXT_swap_control GLX_EXT_swap_control_tear GLX_EXT_texture_from_pixmap GLX_EXT_buffer_age GLX_ARB_create_context GLX_ARB_create_context_profile GLX_EXT_create_context_es_profile GLX_EXT_create_context_es2_profile GLX_ARB_create_context_no_error GLX_ARB_create_context_robustness GLX_NV_delay_before_swap GLX_EXT_stereo_tree GLX_ARB_context_flush_control GLX_NV_robustness_video_memory_purge GLX_NV_multigpu_context GLX_ARB_multisample GLX_NV_float_buffer GLX_ARB_fbconfig_float GLX_EXT_framebuffer_sRGB GLX_NV_copy_image GLX_ARB_get_proc_address 
Renderer: GeForce GTX 1050 Ti/PCIe/SSE2
Vendor:   NVIDIA Corporation
Version:  4.5.0 NVIDIA 460.80
GLES:     0
 GL_AMD_multi_draw_indirect GL_AMD_seamless_cubemap_per_texture GL_AMD_vertex_shader_viewport_index GL_AMD_vertex_shader_layer GL_ARB_arrays_of_arrays GL_ARB_base_instance GL_ARB_bindless_texture GL_ARB_blend_func_extended GL_ARB_buffer_storage GL_ARB_clear_buffer_object GL_ARB_clear_texture GL_ARB_clip_control GL_ARB_color_buffer_float GL_ARB_compressed_texture_pixel_storage GL_ARB_conservative_depth GL_ARB_compute_shader GL_ARB_compute_variable_group_size GL_ARB_conditional_render_inverted GL_ARB_copy_buffer GL_ARB_copy_image GL_ARB_cull_distance GL_ARB_debug_output GL_ARB_depth_buffer_float GL_ARB_depth_clamp GL_ARB_depth_texture GL_ARB_derivative_control GL_ARB_direct_state_access GL_ARB_draw_buffers GL_ARB_draw_buffers_blend GL_ARB_draw_indirect GL_ARB_draw_elements_base_vertex GL_ARB_draw_instanced GL_ARB_enhanced_layouts GL_ARB_ES2_compatibility GL_ARB_ES3_compatibility GL_ARB_ES3_1_compatibility GL_ARB_ES3_2_compatibility GL_ARB_explicit_attrib_location GL_ARB_explicit_uniform_location GL_ARB_fragmen
t_coord_conventions GL_ARB_fragment_layer_viewport GL_ARB_fragment_program GL_ARB_fragment_program_shadow GL_ARB_fragment_shader GL_ARB_fragment_shader_interlock GL_ARB_framebuffer_no_attachments GL_ARB_framebuffer_object GL_ARB_framebuffer_sRGB GL_ARB_geometry_shader4 GL_ARB_get_program_binary GL_ARB_get_texture_sub_image GL_ARB_gl_spirv GL_ARB_gpu_shader5 GL_ARB_gpu_shader_fp64 GL_ARB_gpu_shader_int64 GL_ARB_half_float_pixel GL_ARB_half_float_vertex GL_ARB_imaging GL_ARB_indirect_parameters GL_ARB_instanced_arrays GL_ARB_internalformat_query GL_ARB_internalformat_query2 GL_ARB_invalidate_subdata GL_ARB_map_buffer_alignment GL_ARB_map_buffer_range GL_ARB_multi_bind GL_ARB_multi_draw_indirect GL_ARB_multisample GL_ARB_multitexture GL_ARB_occlusion_query GL_ARB_occlusion_query2 GL_ARB_parallel_shader_compile GL_ARB_pipeline_statistics_query GL_ARB_pixel_buffer_object GL_ARB_point_parameters GL_ARB_point_sprite GL_ARB_polygon_offset_clamp GL_ARB_post_depth_coverage GL_ARB_program_interface_query GL_ARB_provoki
ng_vertex GL_ARB_query_buffer_object GL_ARB_robust_buffer_access_behavior GL_ARB_robustness GL_ARB_sample_locations GL_ARB_sample_shading GL_ARB_sampler_objects GL_ARB_seamless_cube_map GL_ARB_seamless_cubemap_per_texture GL_ARB_separate_shader_objects GL_ARB_shader_atomic_counter_ops GL_ARB_shader_atomic_counters GL_ARB_shader_ballot GL_ARB_shader_bit_encoding GL_ARB_shader_clock GL_ARB_shader_draw_parameters GL_ARB_shader_group_vote GL_ARB_shader_image_load_store GL_ARB_shader_image_size GL_ARB_shader_objects GL_ARB_shader_precision GL_ARB_shader_storage_buffer_object GL_ARB_shader_subroutine GL_ARB_shader_texture_image_samples GL_ARB_shader_texture_lod GL_ARB_shading_language_100 GL_ARB_shader_viewport_layer_array GL_ARB_shading_language_420pack GL_ARB_shading_language_include GL_ARB_shading_language_packing GL_ARB_shadow GL_ARB_sparse_buffer GL_ARB_sparse_texture GL_ARB_sparse_texture2 GL_ARB_sparse_texture_clamp GL_ARB_spirv_extensions GL_ARB_stencil_texturing GL_ARB_sync GL_ARB_tessellation_shader GL_A
RB_texture_barrier GL_ARB_texture_border_clamp GL_ARB_texture_buffer_object GL_ARB_texture_buffer_object_rgb32 GL_ARB_texture_buffer_range GL_ARB_texture_compression GL_ARB_texture_compression_bptc GL_ARB_texture_compression_rgtc GL_ARB_texture_cube_map GL_ARB_texture_cube_map_array GL_ARB_texture_env_add GL_ARB_texture_env_combine GL_ARB_texture_env_crossbar GL_ARB_texture_env_dot3 GL_ARB_texture_filter_anisotropic GL_ARB_texture_filter_minmax GL_ARB_texture_float GL_ARB_texture_gather GL_ARB_texture_mirror_clamp_to_edge GL_ARB_texture_mirrored_repeat GL_ARB_texture_multisample GL_ARB_texture_non_power_of_two GL_ARB_texture_query_levels GL_ARB_texture_query_lod GL_ARB_texture_rectangle GL_ARB_texture_rg GL_ARB_texture_rgb10_a2ui GL_ARB_texture_stencil8 GL_ARB_texture_storage GL_ARB_texture_storage_multisample GL_ARB_texture_swizzle GL_ARB_texture_view GL_ARB_timer_query GL_ARB_transform_feedback2 GL_ARB_transform_feedback3 GL_ARB_transform_feedback_instanced GL_ARB_transform_feedback_overflow_query GL_ARB_t
ranspose_matrix GL_ARB_uniform_buffer_object GL_ARB_vertex_array_bgra GL_ARB_vertex_array_object GL_ARB_vertex_attrib_64bit GL_ARB_vertex_attrib_binding GL_ARB_vertex_buffer_object GL_ARB_vertex_program GL_ARB_vertex_shader GL_ARB_vertex_type_10f_11f_11f_rev GL_ARB_vertex_type_2_10_10_10_rev GL_ARB_viewport_array GL_ARB_window_pos GL_ATI_draw_buffers GL_ATI_texture_float GL_ATI_texture_mirror_once GL_S3_s3tc GL_EXT_texture_env_add GL_EXT_abgr GL_EXT_bgra GL_EXT_bindable_uniform GL_EXT_blend_color GL_EXT_blend_equation_separate GL_EXT_blend_func_separate GL_EXT_blend_minmax GL_EXT_blend_subtract GL_EXT_compiled_vertex_array GL_EXT_Cg_shader GL_EXT_depth_bounds_test GL_EXT_direct_state_access GL_EXT_draw_buffers2 GL_EXT_draw_instanced GL_EXT_draw_range_elements GL_EXT_fog_coord GL_EXT_framebuffer_blit GL_EXT_framebuffer_multisample GL_EXTX_framebuffer_mixed_formats GL_EXT_framebuffer_multisample_blit_scaled GL_EXT_framebuffer_object GL_EXT_framebuffer_sRGB GL_EXT_geometry_shader4 GL_EXT_gpu_program_parameters 
GL_EXT_gpu_shader4 GL_EXT_multi_draw_arrays GL_EXT_multiview_texture_multisample GL_EXT_multiview_timer_query GL_EXT_packed_depth_stencil GL_EXT_packed_float GL_EXT_packed_pixels GL_EXT_pixel_buffer_object GL_EXT_point_parameters GL_EXT_polygon_offset_clamp GL_EXT_post_depth_coverage GL_EXT_provoking_vertex GL_EXT_raster_multisample GL_EXT_rescale_normal GL_EXT_secondary_color GL_EXT_separate_shader_objects GL_EXT_separate_specular_color GL_EXT_shader_image_load_formatted GL_EXT_shader_image_load_store GL_EXT_shader_integer_mix GL_EXT_shadow_funcs GL_EXT_sparse_texture2 GL_EXT_stencil_two_side GL_EXT_stencil_wrap GL_EXT_texture3D GL_EXT_texture_array GL_EXT_texture_buffer_object GL_EXT_texture_compression_dxt1 GL_EXT_texture_compression_latc GL_EXT_texture_compression_rgtc GL_EXT_texture_compression_s3tc GL_EXT_texture_cube_map GL_EXT_texture_edge_clamp GL_EXT_texture_env_combine GL_EXT_texture_env_dot3 GL_EXT_texture_filter_anisotropic GL_EXT_texture_filter_minmax GL_EXT_texture_integer GL_EXT_texture_lod G
L_EXT_texture_lod_bias GL_EXT_texture_mirror_clamp GL_EXT_texture_object GL_EXT_texture_shadow_lod GL_EXT_texture_shared_exponent GL_EXT_texture_sRGB GL_EXT_texture_sRGB_R8 GL_EXT_texture_sRGB_decode GL_EXT_texture_storage GL_EXT_texture_swizzle GL_EXT_timer_query GL_EXT_transform_feedback2 GL_EXT_vertex_array GL_EXT_vertex_array_bgra GL_EXT_vertex_attrib_64bit GL_EXT_window_rectangles GL_EXT_x11_sync_object GL_EXT_import_sync_object GL_NV_robustness_video_memory_purge GL_IBM_rasterpos_clip GL_IBM_texture_mirrored_repeat GL_KHR_context_flush_control GL_KHR_debug GL_EXT_memory_object GL_EXT_memory_object_fd GL_NV_memory_object_sparse GL_KHR_parallel_shader_compile GL_KHR_no_error GL_KHR_robust_buffer_access_behavior GL_KHR_robustness GL_EXT_semaphore GL_EXT_semaphore_fd GL_NV_timeline_semaphore GL_KHR_shader_subgroup GL_KTX_buffer_region GL_NV_alpha_to_coverage_dither_control GL_NV_bindless_multi_draw_indirect GL_NV_bindless_multi_draw_indirect_count GL_NV_bindless_texture GL_NV_blend_equation_advanced GL_NV_
blend_equation_advanced_coherent GL_NVX_blend_equation_advanced_multi_draw_buffers GL_NV_blend_minmax_factor GL_NV_blend_square GL_NV_clip_space_w_scaling GL_NV_command_list GL_NV_compute_program5 GL_NV_conditional_render GL_NV_conservative_raster GL_NV_conservative_raster_dilate GL_NV_conservative_raster_pre_snap_triangles GL_NV_copy_depth_to_color GL_NV_copy_image GL_NV_depth_buffer_float GL_NV_depth_clamp GL_NV_draw_texture GL_NV_draw_vulkan_image GL_NV_ES1_1_compatibility GL_NV_ES3_1_compatibility GL_NV_explicit_multisample GL_NV_feature_query GL_NV_fence GL_NV_fill_rectangle GL_NV_float_buffer GL_NV_fog_distance GL_NV_fragment_coverage_to_color GL_NV_fragment_program GL_NV_fragment_program_option GL_NV_fragment_program2 GL_NV_fragment_shader_interlock GL_NV_framebuffer_mixed_samples GL_NV_framebuffer_multisample_coverage GL_NV_geometry_shader4 GL_NV_geometry_shader_passthrough GL_NV_gpu_program4 GL_NV_internalformat_sample_query GL_NV_gpu_program4_1 GL_NV_gpu_program5 GL_NV_gpu_program5_mem_extended GL_
NV_gpu_program_fp64 GL_NV_gpu_shader5 GL_NV_half_float GL_NV_light_max_exponent GL_NV_memory_attachment GL_NV_multisample_coverage GL_NV_multisample_filter_hint GL_NV_occlusion_query GL_NV_packed_depth_stencil GL_NV_parameter_buffer_object GL_NV_parameter_buffer_object2 GL_NV_path_rendering GL_NV_path_rendering_shared_edge GL_NV_pixel_data_range GL_NV_point_sprite GL_NV_primitive_restart GL_NV_query_resource GL_NV_query_resource_tag GL_NV_register_combiners GL_NV_register_combiners2 GL_NV_sample_locations GL_NV_sample_mask_override_coverage GL_NV_shader_atomic_counters GL_NV_shader_atomic_float GL_NV_shader_atomic_float64 GL_NV_shader_atomic_fp16_vector GL_NV_shader_atomic_int64 GL_NV_shader_buffer_load GL_NV_shader_storage_buffer_object GL_NV_shader_subgroup_partitioned GL_NV_stereo_view_rendering GL_NV_texgen_reflection GL_NV_texture_barrier GL_NV_texture_compression_vtc GL_NV_texture_env_combine4 GL_NV_texture_multisample GL_NV_texture_rectangle GL_NV_texture_rectangle_compressed GL_NV_texture_shader GL_N
V_texture_shader2 GL_NV_texture_shader3 GL_NV_transform_feedback GL_NV_transform_feedback2 GL_NV_uniform_buffer_unified_memory GL_NV_vdpau_interop GL_NV_vdpau_interop2 GL_NV_vertex_array_range GL_NV_vertex_array_range2 GL_NV_vertex_attrib_integer_64bit GL_NV_vertex_buffer_unified_memory GL_NV_vertex_program GL_NV_vertex_program1_1 GL_NV_vertex_program2 GL_NV_vertex_program2_option GL_NV_vertex_program3 GL_NV_viewport_array2 GL_NV_viewport_swizzle GL_NVX_conditional_render GL_NV_gpu_multicast GL_NVX_progress_fence GL_NVX_gpu_memory_info GL_NVX_nvenc_interop GL_NV_shader_thread_group GL_NV_shader_thread_shuffle GL_KHR_blend_equation_advanced GL_KHR_blend_equation_advanced_coherent GL_OVR_multiview GL_OVR_multiview2 GL_SGIS_generate_mipmap GL_SGIS_texture_lod GL_SGIX_depth_texture GL_SGIX_shadow GL_SUN_slice_accum
OPENGL LOG: Creating OpenGL 4.5 graphics device ; Context level  <OpenGL 4.5> ; Context handle 2077361240
Initialize mono
Mono path[0] = '/home/valter/Unity/Hub/Editor/2020.3.7f1/Editor/Data/Managed'
Mono path[1] = '/home/valter/Unity/Hub/Editor/2020.3.7f1/Editor/Data/MonoBleedingEdge/lib/mono/unityjit'
Mono config path = '/home/valter/Unity/Hub/Editor/2020.3.7f1/Editor/Data/MonoBleedingEdge/etc'
Using monoOptions --debugger-agent=transport=dt_socket,embedding=1,server=y,suspend=n,address=127.0.0.1:56354
Begin MonoManager ReloadAssembly
Registering precompiled unity dll's ...
Register platform support module: /home/valter/Unity/Hub/Editor/2020.3.7f1/Editor/Data/PlaybackEngines/WebGLSupport/UnityEditor.WebGL.Extensions.dll
Register platform support module: /home/valter/Unity/Hub/Editor/2020.3.7f1/Editor/Data/PlaybackEngines/LinuxStandaloneSupport/UnityEditor.LinuxStandalone.Extensions.dll
Registered in 0,002641 seconds.
Native extension for LinuxStandalone target not found
Native extension for WebGL target not found
Refreshing native plugins compatible for Editor in 68,21 ms, found 1 plugins.
Preloading 0 native plugins for Editor in 0,00 ms.
Mono: successfully reloaded assembly
- Completed reload, in  3,084 seconds
Platform modules already initialized, skipping
Registering precompiled user dll's ...
Registered in 0,001300 seconds.
Begin MonoManager ReloadAssembly
Native extension for LinuxStandalone target not found
Native extension for WebGL target not found
Refreshing native plugins compatible for Editor in 93,04 ms, found 1 plugins.
Preloading 0 native plugins for Editor in 0,00 ms.
Mono: successfully reloaded assembly
- Completed reload, in  1,944 seconds
Platform modules already initialized, skipping
========================================================================
Worker process is ready to serve import requests
Launched and connected shader compiler UnityShaderCompiler after 0.02 seconds
Refreshing native plugins compatible for Editor in 0,78 ms, found 1 plugins.
Preloading 0 native plugins for Editor in 0,00 ms.
Unloading 1827 Unused Serialized files (Serialized files now loaded: 0)
System memory in use before: 79,7 MB.
System memory in use after: 79,6 MB.

Unloading 24 unused Assets to reduce memory usage. Loaded Objects now: 2270.
Total: 6,162648 ms (FindLiveObjects: 0,523946 ms CreateObjectMapping: 0,116578 ms MarkObjects: 4,901168 ms  DeleteObjects: 0,617201 ms)

========================================================================
Received Import Request.
  path: Assets/Project/Scripts/HealthSystem/Health.cs
  artifactKey: Guid(30149e78cdc26be6ca2f05ae0b212395) Importer(815301076,1909f56bfc062723c751e8b465ee728b)
Start importing Assets/Project/Scripts/HealthSystem/Health.cs using Guid(30149e78cdc26be6ca2f05ae0b212395) Importer(815301076,1909f56bfc062723c751e8b465ee728b)  -> (artifact id: '695124063651944441f85ba3b6f16e85') in 0,007525 seconds
  Import took 0,014403 seconds .

========================================================================
Received Prepare
Registering precompiled user dll's ...
Registered in 0,001309 seconds.
Begin MonoManager ReloadAssembly
Native extension for LinuxStandalone target not found
Native extension for WebGL target not found
Refreshing native plugins compatible for Editor in 0,69 ms, found 1 plugins.
Preloading 0 native plugins for Editor in 0,00 ms.
Mono: successfully reloaded assembly
- Completed reload, in  1,710 seconds
Platform modules already initialized, skipping
Switching build target platform(24) subTarget(0) extendedPlatform(0) -> platform(13) subTarget(537395200) extendedPlatform(0)
Refreshing native plugins compatible for Editor in 0,62 ms, found 1 plugins.
Preloading 0 native plugins for Editor in 0,00 ms.
Unloading 1825 Unused Serialized files (Serialized files now loaded: 0)
System memory in use before: 79,7 MB.
System memory in use after: 79,7 MB.

Unloading 12 unused Assets to reduce memory usage. Loaded Objects now: 2274.
Total: 3,901959 ms (FindLiveObjects: 0,305940 ms CreateObjectMapping: 0,096744 ms MarkObjects: 3,299228 ms  DeleteObjects: 0,197802 ms)

AssetImportParameters requested are different than current active one (requested -> active):
  custom:graphics/normal-map-encoding: 01000000000000000000000000000000 -> 02000000000000000000000000000000
========================================================================
Received Import Request.
  Time since last request: 14,652388 seconds.
  path: Assets/Project/Scripts/DefenderSystem
  artifactKey: Guid(430205b0ada422797bea140816e4aa6a) Importer(815301076,1909f56bfc062723c751e8b465ee728b)
Start importing Assets/Project/Scripts/DefenderSystem using Guid(430205b0ada422797bea140816e4aa6a) Importer(815301076,1909f56bfc062723c751e8b465ee728b)  -> (artifact id: '4e98431e958727d87a556168b5397f1d') in 0,007769 seconds
  Import took 0,013804 seconds .

========================================================================
Received Import Request.
  Time since last request: 0,014772 seconds.
  path: Assets/Project/Scripts/DefenderSystem
  artifactKey: Guid(430205b0ada422797bea140816e4aa6a) Importer(815301076,1909f56bfc062723c751e8b465ee728b)
Start importing Assets/Project/Scripts/DefenderSystem using Guid(430205b0ada422797bea140816e4aa6a) Importer(815301076,1909f56bfc062723c751e8b465ee728b)  -> (artifact id: '4e98431e958727d87a556168b5397f1d') in 0,001194 seconds
  Import took 0,006849 seconds .

========================================================================
Received Import Request.
  Time since last request: 2,061486 seconds.
  path: Assets/Project/Scripts/Defender.cs
  artifactKey: Guid(63df29ac16bddd1beae77544e58d815d) Importer(815301076,1909f56bfc062723c751e8b465ee728b)
Start importing Assets/Project/Scripts/Defender.cs using Guid(63df29ac16bddd1beae77544e58d815d) Importer(815301076,1909f56bfc062723c751e8b465ee728b)  -> (artifact id: '4f91a675e62e580811e5b32ec5fc89a7') in 0,001528 seconds
  Import took 0,008015 seconds .

========================================================================
Received Import Request.
  Time since last request: 0,009402 seconds.
  path: Assets/Project/Scripts/Defender.cs
  artifactKey: Guid(63df29ac16bddd1beae77544e58d815d) Importer(815301076,1909f56bfc062723c751e8b465ee728b)
Start importing Assets/Project/Scripts/Defender.cs using Guid(63df29ac16bddd1beae77544e58d815d) Importer(815301076,1909f56bfc062723c751e8b465ee728b)  -> (artifact id: '4f91a675e62e580811e5b32ec5fc89a7') in 0,001498 seconds
  Import took 0,008333 seconds .

========================================================================
Received Import Request.
  Time since last request: 2,220613 seconds.
  path: Assets/Project/Scripts/Attack.cs
  artifactKey: Guid(8913e53baacee8d8ab1fc0d9e27e6c6f) Importer(815301076,1909f56bfc062723c751e8b465ee728b)
Start importing Assets/Project/Scripts/Attack.cs using Guid(8913e53baacee8d8ab1fc0d9e27e6c6f) Importer(815301076,1909f56bfc062723c751e8b465ee728b)  -> (artifact id: 'a9b24db476677cd25d4c9bd495c1ee20') in 0,001520 seconds
  Import took 0,007514 seconds .

========================================================================
Received Import Request.
  Time since last request: 0,006462 seconds.
  path: Assets/Project/Scripts/Attack.cs
  artifactKey: Guid(8913e53baacee8d8ab1fc0d9e27e6c6f) Importer(815301076,1909f56bfc062723c751e8b465ee728b)
Start importing Assets/Project/Scripts/Attack.cs using Guid(8913e53baacee8d8ab1fc0d9e27e6c6f) Importer(815301076,1909f56bfc062723c751e8b465ee728b)  -> (artifact id: 'a9b24db476677cd25d4c9bd495c1ee20') in 0,002111 seconds
  Import took 0,007340 seconds .

========================================================================
Received Prepare
Registering precompiled user dll's ...
Registered in 0,001309 seconds.
Begin MonoManager ReloadAssembly
Native extension for LinuxStandalone target not found
Native extension for WebGL target not found
Refreshing native plugins compatible for Editor in 0,65 ms, found 1 plugins.
Preloading 0 native plugins for Editor in 0,00 ms.
Mono: successfully reloaded assembly
- Completed reload, in  1,774 seconds
Platform modules already initialized, skipping
Switching build target platform(24) subTarget(0) extendedPlatform(0) -> platform(13) subTarget(537395200) extendedPlatform(0)
Refreshing native plugins compatible for Editor in 0,63 ms, found 1 plugins.
Preloading 0 native plugins for Editor in 0,00 ms.
Unloading 1824 Unused Serialized files (Serialized files now loaded: 0)
System memory in use before: 79,7 MB.
System memory in use after: 79,7 MB.

Unloading 13 unused Assets to reduce memory usage. Loaded Objects now: 2277.
Total: 3,926607 ms (FindLiveObjects: 0,307522 ms CreateObjectMapping: 0,094827 ms MarkObjects: 3,307440 ms  DeleteObjects: 0,214330 ms)

AssetImportParameters requested are different than current active one (requested -> active):
  custom:graphics/normal-map-encoding: 01000000000000000000000000000000 -> 02000000000000000000000000000000
========================================================================
Received Import Request.
  Time since last request: 26,474457 seconds.
  path: Assets/Project/Scripts/EnemyNotification.cs
  artifactKey: Guid(eb132faca8791fadb8a4a1658b75ca0e) Importer(815301076,1909f56bfc062723c751e8b465ee728b)
Start importing Assets/Project/Scripts/EnemyNotification.cs using Guid(eb132faca8791fadb8a4a1658b75ca0e) Importer(815301076,1909f56bfc062723c751e8b465ee728b)  -> (artifact id: '61ef9046685f5c62efaf6b3962c2bf70') in 0,005568 seconds
  Import took 0,010212 seconds .

========================================================================
Received Import Request.
  Time since last request: 0,005442 seconds.
  path: Assets/Project/Scripts/EnemyNotification.cs
  artifactKey: Guid(eb132faca8791fadb8a4a1658b75ca0e) Importer(815301076,1909f56bfc062723c751e8b465ee728b)
Start importing Assets/Project/Scripts/EnemyNotification.cs using Guid(eb132faca8791fadb8a4a1658b75ca0e) Importer(815301076,1909f56bfc062723c751e8b465ee728b)  -> (artifact id: '61ef9046685f5c62efaf6b3962c2bf70') in 0,001094 seconds
  Import took 0,006247 seconds .

========================================================================
Received Import Request.
  Time since last request: 3,177280 seconds.
  path: Assets/Project/Scripts/Enemy.cs
  artifactKey: Guid(fda9207700864c298b0e5d12c9dd9a12) Importer(815301076,1909f56bfc062723c751e8b465ee728b)
Start importing Assets/Project/Scripts/Enemy.cs using Guid(fda9207700864c298b0e5d12c9dd9a12) Importer(815301076,1909f56bfc062723c751e8b465ee728b)  -> (artifact id: '5fedfe4f3b3642ddf23c96c71084fe6f') in 0,001090 seconds
  Import took 0,005512 seconds .

========================================================================
Received Import Request.
  Time since last request: 0,006523 seconds.
  path: Assets/Project/Scripts/Enemy.cs
  artifactKey: Guid(fda9207700864c298b0e5d12c9dd9a12) Importer(815301076,1909f56bfc062723c751e8b465ee728b)
Start importing Assets/Project/Scripts/Enemy.cs using Guid(fda9207700864c298b0e5d12c9dd9a12) Importer(815301076,1909f56bfc062723c751e8b465ee728b)  -> (artifact id: '5fedfe4f3b3642ddf23c96c71084fe6f') in 0,001717 seconds
  Import took 0,007895 seconds .

========================================================================
Received Import Request.
  Time since last request: 4,159933 seconds.
  path: Assets/Project/Scripts/SpawnerEnemies.cs
  artifactKey: Guid(c14c6e135542e41a6affddf8f6608f46) Importer(815301076,1909f56bfc062723c751e8b465ee728b)
Start importing Assets/Project/Scripts/SpawnerEnemies.cs using Guid(c14c6e135542e41a6affddf8f6608f46) Importer(815301076,1909f56bfc062723c751e8b465ee728b)  -> (artifact id: 'cdb0390dfa9d092bd8d1b90d4f39866b') in 0,001350 seconds
  Import took 0,007672 seconds .

========================================================================
Received Import Request.
  Time since last request: 0,010801 seconds.
  path: Assets/Project/Scripts/SpawnerEnemies.cs
  artifactKey: Guid(c14c6e135542e41a6affddf8f6608f46) Importer(815301076,1909f56bfc062723c751e8b465ee728b)
Start importing Assets/Project/Scripts/SpawnerEnemies.cs using Guid(c14c6e135542e41a6affddf8f6608f46) Importer(815301076,1909f56bfc062723c751e8b465ee728b)  -> (artifact id: 'cdb0390dfa9d092bd8d1b90d4f39866b') in 0,001309 seconds
  Import took 0,007948 seconds .

========================================================================
Received Import Request.
  Time since last request: 1,014211 seconds.
  path: Assets/Project/Scripts/ScoreManager.cs
  artifactKey: Guid(e1a6e0afb92b57a23a416649927026ec) Importer(815301076,1909f56bfc062723c751e8b465ee728b)
Start importing Assets/Project/Scripts/ScoreManager.cs using Guid(e1a6e0afb92b57a23a416649927026ec) Importer(815301076,1909f56bfc062723c751e8b465ee728b)  -> (artifact id: '2f94af8fc9a415a7bab747f1a4239fc5') in 0,001118 seconds
  Import took 0,005551 seconds .

========================================================================
Received Import Request.
  Time since last request: 0,006318 seconds.
  path: Assets/Project/Scripts/ScoreManager.cs
  artifactKey: Guid(e1a6e0afb92b57a23a416649927026ec) Importer(815301076,1909f56bfc062723c751e8b465ee728b)
Start importing Assets/Project/Scripts/ScoreManager.cs using Guid(e1a6e0afb92b57a23a416649927026ec) Importer(815301076,1909f56bfc062723c751e8b465ee728b)  -> (artifact id: '2f94af8fc9a415a7bab747f1a4239fc5') in 0,001463 seconds
  Import took 0,007560 seconds .

========================================================================
Received Import Request.
  Time since last request: 1,953304 seconds.
  path: Assets/Project/Scripts/SwipeCamera.cs
  artifactKey: Guid(26fa893ecc5502e8284e126d36173620) Importer(815301076,1909f56bfc062723c751e8b465ee728b)
Start importing Assets/Project/Scripts/SwipeCamera.cs using Guid(26fa893ecc5502e8284e126d36173620) Importer(815301076,1909f56bfc062723c751e8b465ee728b)  -> (artifact id: '48c35e2ef542261d81dac28ff5f64b12') in 0,001541 seconds
  Import took 0,007599 seconds .

========================================================================
Received Import Request.
  Time since last request: 0,002844 seconds.
  path: Assets/Project/Scripts/SwipeCamera.cs
  artifactKey: Guid(26fa893ecc5502e8284e126d36173620) Importer(815301076,1909f56bfc062723c751e8b465ee728b)
Start importing Assets/Project/Scripts/SwipeCamera.cs using Guid(26fa893ecc5502e8284e126d36173620) Importer(815301076,1909f56bfc062723c751e8b465ee728b)  -> (artifact id: '48c35e2ef542261d81dac28ff5f64b12') in 0,001470 seconds
  Import took 0,007514 seconds .

========================================================================
Received Import Request.
  Time since last request: 1,505938 seconds.
  path: Assets/Project/Scripts/Bullet.cs
  artifactKey: Guid(2a2764ba2374b789d91aafc3accd48b5) Importer(815301076,1909f56bfc062723c751e8b465ee728b)
Start importing Assets/Project/Scripts/Bullet.cs using Guid(2a2764ba2374b789d91aafc3accd48b5) Importer(815301076,1909f56bfc062723c751e8b465ee728b)  -> (artifact id: 'd34eec7eea403c08c7935ca86c1136da') in 0,001385 seconds
  Import took 0,007229 seconds .

========================================================================
Received Import Request.
  Time since last request: 0,000492 seconds.
  path: Assets/Project/Scripts/Bullet.cs
  artifactKey: Guid(2a2764ba2374b789d91aafc3accd48b5) Importer(815301076,1909f56bfc062723c751e8b465ee728b)
Start importing Assets/Project/Scripts/Bullet.cs using Guid(2a2764ba2374b789d91aafc3accd48b5) Importer(815301076,1909f56bfc062723c751e8b465ee728b)  -> (artifact id: 'd34eec7eea403c08c7935ca86c1136da') in 0,001046 seconds
  Import took 0,005591 seconds .

========================================================================
Received Prepare
Registering precompiled user dll's ...
Registered in 0,001682 seconds.
Begin MonoManager ReloadAssembly
Native extension for LinuxStandalone target not found
Native extension for WebGL target not found
Refreshing native plugins compatible for Editor in 0,64 ms, found 1 plugins.
Preloading 0 native plugins for Editor in 0,00 ms.
Mono: successfully reloaded assembly
- Completed reload, in  1,654 seconds
Platform modules already initialized, skipping
Switching build target platform(24) subTarget(0) extendedPlatform(0) -> platform(13) subTarget(537395200) extendedPlatform(0)
Refreshing native plugins compatible for Editor in 0,62 ms, found 1 plugins.
Preloading 0 native plugins for Editor in 0,00 ms.
Unloading 1824 Unused Serialized files (Serialized files now loaded: 0)
System memory in use before: 79,7 MB.
System memory in use after: 79,7 MB.

Unloading 12 unused Assets to reduce memory usage. Loaded Objects now: 2281.
Total: 4,826158 ms (FindLiveObjects: 0,348300 ms CreateObjectMapping: 0,120822 ms MarkObjects: 4,123498 ms  DeleteObjects: 0,230168 ms)

AssetImportParameters requested are different than current active one (requested -> active):
  custom:graphics/normal-map-encoding: 01000000000000000000000000000000 -> 02000000000000000000000000000000
========================================================================
Received Import Request.
  Time since last request: 26,104760 seconds.
  path: Assets/Project/Scripts/EnemySystem
  artifactKey: Guid(99833bf53f9450ad59d6989308544448) Importer(815301076,1909f56bfc062723c751e8b465ee728b)
Start importing Assets/Project/Scripts/EnemySystem using Guid(99833bf53f9450ad59d6989308544448) Importer(815301076,1909f56bfc062723c751e8b465ee728b)  -> (artifact id: '4788540917b8bf7e397421aa0fcd58f0') in 0,007557 seconds
  Import took 0,012878 seconds .

========================================================================
Received Prepare
Registering precompiled user dll's ...
Registered in 0,001672 seconds.
Begin MonoManager ReloadAssembly
Native extension for LinuxStandalone target not found
Native extension for WebGL target not found
Refreshing native plugins compatible for Editor in 0,63 ms, found 1 plugins.
Preloading 0 native plugins for Editor in 0,00 ms.
Mono: successfully reloaded assembly
- Completed reload, in  1,693 seconds
Platform modules already initialized, skipping
Switching build target platform(24) subTarget(0) extendedPlatform(0) -> platform(13) subTarget(537395200) extendedPlatform(0)
Refreshing native plugins compatible for Editor in 0,62 ms, found 1 plugins.
Preloading 0 native plugins for Editor in 0,00 ms.
Unloading 1824 Unused Serialized files (Serialized files now loaded: 0)
System memory in use before: 79,7 MB.
System memory in use after: 79,7 MB.

Unloading 12 unused Assets to reduce memory usage. Loaded Objects now: 2285.
Total: 5,411332 ms (FindLiveObjects: 0,316104 ms CreateObjectMapping: 0,095745 ms MarkObjects: 4,762208 ms  DeleteObjects: 0,234463 ms)

AssetImportParameters requested are different than current active one (requested -> active):
  custom:graphics/normal-map-encoding: 01000000000000000000000000000000 -> 02000000000000000000000000000000
========================================================================
Received Import Request.
  Time since last request: 33,430264 seconds.
  path: Assets/Project/Prefabs/Enemy Prefabs
  artifactKey: Guid(e3df173e528561debb14694cc8955090) Importer(815301076,1909f56bfc062723c751e8b465ee728b)
Start importing Assets/Project/Prefabs/Enemy Prefabs using Guid(e3df173e528561debb14694cc8955090) Importer(815301076,1909f56bfc062723c751e8b465ee728b)  -> (artifact id: 'a513a77f209ac89ac7c43967d4b3f519') in 0,007854 seconds
  Import took 0,014074 seconds .

========================================================================
Received Import Request.
  Time since last request: 0,018807 seconds.
  path: Assets/Project/Prefabs/Enemy Prefabs
  artifactKey: Guid(e3df173e528561debb14694cc8955090) Importer(815301076,1909f56bfc062723c751e8b465ee728b)
Start importing Assets/Project/Prefabs/Enemy Prefabs using Guid(e3df173e528561debb14694cc8955090) Importer(815301076,1909f56bfc062723c751e8b465ee728b)  -> (artifact id: 'a513a77f209ac89ac7c43967d4b3f519') in 0,002252 seconds
  Import took 0,008558 seconds .

========================================================================
Received Prepare
Registering precompiled user dll's ...
Registered in 0,001810 seconds.
Begin MonoManager ReloadAssembly
Native extension for LinuxStandalone target not found
Native extension for WebGL target not found
Refreshing native plugins compatible for Editor in 0,67 ms, found 1 plugins.
Preloading 0 native plugins for Editor in 0,00 ms.
Mono: successfully reloaded assembly
- Completed reload, in  1,665 seconds
Platform modules already initialized, skipping
Switching build target platform(24) subTarget(0) extendedPlatform(0) -> platform(13) subTarget(537395200) extendedPlatform(0)
Refreshing native plugins compatible for Editor in 0,65 ms, found 1 plugins.
Preloading 0 native plugins for Editor in 0,00 ms.
Unloading 1824 Unused Serialized files (Serialized files now loaded: 0)
System memory in use before: 79,7 MB.
System memory in use after: 79,7 MB.

Unloading 12 unused Assets to reduce memory usage. Loaded Objects now: 2289.
Total: 5,430628 ms (FindLiveObjects: 0,503887 ms CreateObjectMapping: 0,097709 ms MarkObjects: 4,603183 ms  DeleteObjects: 0,222953 ms)

AssetImportParameters requested are different than current active one (requested -> active):
  custom:graphics/normal-map-encoding: 01000000000000000000000000000000 -> 02000000000000000000000000000000
========================================================================
Received Prepare
Registering precompiled user dll's ...
Registered in 0,001681 seconds.
Begin MonoManager ReloadAssembly
Native extension for LinuxStandalone target not found
Native extension for WebGL target not found
Refreshing native plugins compatible for Editor in 0,63 ms, found 1 plugins.
Preloading 0 native plugins for Editor in 0,00 ms.
Mono: successfully reloaded assembly
- Completed reload, in  1,612 seconds
Platform modules already initialized, skipping
Switching build target platform(24) subTarget(0) extendedPlatform(0) -> platform(13) subTarget(537395200) extendedPlatform(0)
Refreshing native plugins compatible for Editor in 0,62 ms, found 1 plugins.
Preloading 0 native plugins for Editor in 0,00 ms.
Unloading 1824 Unused Serialized files (Serialized files now loaded: 0)
System memory in use before: 79,7 MB.
System memory in use after: 79,7 MB.

Unloading 12 unused Assets to reduce memory usage. Loaded Objects now: 2293.
Total: 4,000527 ms (FindLiveObjects: 0,296635 ms CreateObjectMapping: 0,096041 ms MarkObjects: 3,396002 ms  DeleteObjects: 0,209263 ms)

AssetImportParameters requested are different than current active one (requested -> active):
  custom:graphics/normal-map-encoding: 01000000000000000000000000000000 -> 02000000000000000000000000000000
========================================================================
Received Prepare
Registering precompiled user dll's ...
Registered in 0,001306 seconds.
Begin MonoManager ReloadAssembly
Native extension for LinuxStandalone target not found
Native extension for WebGL target not found
Refreshing native plugins compatible for Editor in 0,68 ms, found 1 plugins.
Preloading 0 native plugins for Editor in 0,00 ms.
Mono: successfully reloaded assembly
- Completed reload, in  1,751 seconds
Platform modules already initialized, skipping
Switching build target platform(24) subTarget(0) extendedPlatform(0) -> platform(13) subTarget(537395200) extendedPlatform(0)
Refreshing native plugins compatible for Editor in 0,62 ms, found 1 plugins.
Preloading 0 native plugins for Editor in 0,00 ms.
Unloading 1824 Unused Serialized files (Serialized files now loaded: 0)
System memory in use before: 79,8 MB.
System memory in use after: 79,8 MB.

Unloading 12 unused Assets to reduce memory usage. Loaded Objects now: 2297.
Total: 5,435823 ms (FindLiveObjects: 0,305546 ms CreateObjectMapping: 0,095944 ms MarkObjects: 4,822479 ms  DeleteObjects: 0,209144 ms)

AssetImportParameters requested are different than current active one (requested -> active):
  custom:graphics/normal-map-encoding: 01000000000000000000000000000000 -> 02000000000000000000000000000000
========================================================================
Received Import Request.
  Time since last request: 1187,382501 seconds.
  path: Assets/Project/Scripts/Defender System
  artifactKey: Guid(430205b0ada422797bea140816e4aa6a) Importer(815301076,1909f56bfc062723c751e8b465ee728b)
Start importing Assets/Project/Scripts/Defender System using Guid(430205b0ada422797bea140816e4aa6a) Importer(815301076,1909f56bfc062723c751e8b465ee728b)  -> (artifact id: 'fd31abab6ce11c39165a4e2f09dd01d2') in 0,017244 seconds
  Import took 0,026242 seconds .

========================================================================
Received Prepare
Registering precompiled user dll's ...
Registered in 0,001854 seconds.
Begin MonoManager ReloadAssembly
Native extension for LinuxStandalone target not found
Native extension for WebGL target not found
Refreshing native plugins compatible for Editor in 0,83 ms, found 1 plugins.
Preloading 0 native plugins for Editor in 0,00 ms.
Mono: successfully reloaded assembly
- Completed reload, in  2,347 seconds
Platform modules already initialized, skipping
Switching build target platform(24) subTarget(0) extendedPlatform(0) -> platform(13) subTarget(537395200) extendedPlatform(0)
Refreshing native plugins compatible for Editor in 0,81 ms, found 1 plugins.
Preloading 0 native plugins for Editor in 0,00 ms.
Unloading 1825 Unused Serialized files (Serialized files now loaded: 0)
System memory in use before: 79,8 MB.
System memory in use after: 79,8 MB.

Unloading 12 unused Assets to reduce memory usage. Loaded Objects now: 2302.
Total: 11,836317 ms (FindLiveObjects: 0,583507 ms CreateObjectMapping: 0,117826 ms MarkObjects: 10,109624 ms  DeleteObjects: 1,021802 ms)

AssetImportParameters requested are different than current active one (requested -> active):
  custom:graphics/normal-map-encoding: 01000000000000000000000000000000 -> 02000000000000000000000000000000
========================================================================
Received Import Request.
  Time since last request: 167,678344 seconds.
  path: Assets/Project/Scripts/Defender System/BuildingFortification.cs
  artifactKey: Guid(9260ab41a48132846832bb850dfb758e) Importer(815301076,1909f56bfc062723c751e8b465ee728b)
Start importing Assets/Project/Scripts/Defender System/BuildingFortification.cs using Guid(9260ab41a48132846832bb850dfb758e) Importer(815301076,1909f56bfc062723c751e8b465ee728b)  -> (artifact id: '0ec3767aebde0da2ec6e9654eb3734f8') in 0,007248 seconds
  Import took 0,015007 seconds .

========================================================================
Received Import Request.
  Time since last request: 0,200637 seconds.
  path: Assets/Project/Scripts/Defender System/BuildingFortification.cs
  artifactKey: Guid(9260ab41a48132846832bb850dfb758e) Importer(815301076,1909f56bfc062723c751e8b465ee728b)
Start importing Assets/Project/Scripts/Defender System/BuildingFortification.cs using Guid(9260ab41a48132846832bb850dfb758e) Importer(815301076,1909f56bfc062723c751e8b465ee728b)  -> (artifact id: '0ec3767aebde0da2ec6e9654eb3734f8') in 0,001518 seconds
  Import took 0,008083 seconds .

========================================================================
Received Import Request.
  Time since last request: 58,296866 seconds.
  path: Assets/Project/Scripts/Defender System/BuildingFortification.cs
  artifactKey: Guid(9260ab41a48132846832bb850dfb758e) Importer(815301076,1909f56bfc062723c751e8b465ee728b)
Start importing Assets/Project/Scripts/Defender System/BuildingFortification.cs using Guid(9260ab41a48132846832bb850dfb758e) Importer(815301076,1909f56bfc062723c751e8b465ee728b)  -> (artifact id: 'fd85c84a3206c173f47a7e8d9006a15c') in 0,002015 seconds
  Import took 0,008568 seconds .

========================================================================
Received Import Request.
  Time since last request: 0,006990 seconds.
  path: Assets/Project/Scripts/Defender System/BuildingFortification.cs
  artifactKey: Guid(9260ab41a48132846832bb850dfb758e) Importer(815301076,1909f56bfc062723c751e8b465ee728b)
Start importing Assets/Project/Scripts/Defender System/BuildingFortification.cs using Guid(9260ab41a48132846832bb850dfb758e) Importer(815301076,1909f56bfc062723c751e8b465ee728b)  -> (artifact id: 'fd85c84a3206c173f47a7e8d9006a15c') in 0,001817 seconds
  Import took 0,008777 seconds .

========================================================================
Received Prepare
Registering precompiled user dll's ...
Registered in 0,002252 seconds.
Begin MonoManager ReloadAssembly
Native extension for LinuxStandalone target not found
Native extension for WebGL target not found
Refreshing native plugins compatible for Editor in 0,85 ms, found 1 plugins.
Preloading 0 native plugins for Editor in 0,00 ms.
Mono: successfully reloaded assembly
- Completed reload, in  2,325 seconds
Platform modules already initialized, skipping
Switching build target platform(24) subTarget(0) extendedPlatform(0) -> platform(13) subTarget(537395200) extendedPlatform(0)
Refreshing native plugins compatible for Editor in 0,83 ms, found 1 plugins.
Preloading 0 native plugins for Editor in 0,00 ms.
Unloading 1825 Unused Serialized files (Serialized files now loaded: 0)
System memory in use before: 79,8 MB.
System memory in use after: 79,8 MB.

Unloading 12 unused Assets to reduce memory usage. Loaded Objects now: 2306.
Total: 6,234433 ms (FindLiveObjects: 0,744115 ms CreateObjectMapping: 0,114970 ms MarkObjects: 5,066727 ms  DeleteObjects: 0,304604 ms)

AssetImportParameters requested are different than current active one (requested -> active):
  custom:graphics/normal-map-encoding: 01000000000000000000000000000000 -> 02000000000000000000000000000000
========================================================================
Received Import Request.
  Time since last request: 81,296679 seconds.
  path: Assets/Project/Scripts/Defender System/BuildingFortification.cs
  artifactKey: Guid(9260ab41a48132846832bb850dfb758e) Importer(815301076,1909f56bfc062723c751e8b465ee728b)
Start importing Assets/Project/Scripts/Defender System/BuildingFortification.cs using Guid(9260ab41a48132846832bb850dfb758e) Importer(815301076,1909f56bfc062723c751e8b465ee728b)  -> (artifact id: '6619352b21740bea179a421cc2ad1dda') in 0,010287 seconds
  Import took 0,016522 seconds .

========================================================================
Received Import Request.
  Time since last request: 0,002924 seconds.
  path: Assets/Project/Scripts/Defender System/BuildingFortification.cs
  artifactKey: Guid(9260ab41a48132846832bb850dfb758e) Importer(815301076,1909f56bfc062723c751e8b465ee728b)
Start importing Assets/Project/Scripts/Defender System/BuildingFortification.cs using Guid(9260ab41a48132846832bb850dfb758e) Importer(815301076,1909f56bfc062723c751e8b465ee728b)  -> (artifact id: '6619352b21740bea179a421cc2ad1dda') in 0,001527 seconds
  Import took 0,007903 seconds .

========================================================================
Received Prepare
Registering precompiled user dll's ...
Registered in 0,001845 seconds.
Begin MonoManager ReloadAssembly
Native extension for LinuxStandalone target not found
Native extension for WebGL target not found
Refreshing native plugins compatible for Editor in 0,85 ms, found 1 plugins.
Preloading 0 native plugins for Editor in 0,00 ms.
Mono: successfully reloaded assembly
- Completed reload, in  2,255 seconds
Platform modules already initialized, skipping
Switching build target platform(24) subTarget(0) extendedPlatform(0) -> platform(13) subTarget(537395200) extendedPlatform(0)
Refreshing native plugins compatible for Editor in 0,82 ms, found 1 plugins.
Preloading 0 native plugins for Editor in 0,00 ms.
Unloading 1825 Unused Serialized files (Serialized files now loaded: 0)
System memory in use before: 79,8 MB.
System memory in use after: 79,8 MB.

Unloading 12 unused Assets to reduce memory usage. Loaded Objects now: 2310.
Total: 7,714214 ms (FindLiveObjects: 0,563558 ms CreateObjectMapping: 0,113322 ms MarkObjects: 6,731128 ms  DeleteObjects: 0,302505 ms)

AssetImportParameters requested are different than current active one (requested -> active):
  custom:graphics/normal-map-encoding: 01000000000000000000000000000000 -> 02000000000000000000000000000000
========================================================================
Received Import Request.
  Time since last request: 21,518621 seconds.
  path: Assets/Project/Scripts/Defender System/BuildingFortification.cs
  artifactKey: Guid(9260ab41a48132846832bb850dfb758e) Importer(815301076,1909f56bfc062723c751e8b465ee728b)
Start importing Assets/Project/Scripts/Defender System/BuildingFortification.cs using Guid(9260ab41a48132846832bb850dfb758e) Importer(815301076,1909f56bfc062723c751e8b465ee728b)  -> (artifact id: '23865959359714c7bc63d914eda9649d') in 0,007347 seconds
  Import took 0,018217 seconds .

========================================================================
Received Prepare
Registering precompiled user dll's ...
Registered in 0,001827 seconds.
Begin MonoManager ReloadAssembly
Native extension for LinuxStandalone target not found
Native extension for WebGL target not found
Refreshing native plugins compatible for Editor in 0,87 ms, found 1 plugins.
Preloading 0 native plugins for Editor in 0,00 ms.
Mono: successfully reloaded assembly
- Completed reload, in  2,251 seconds
Platform modules already initialized, skipping
Switching build target platform(24) subTarget(0) extendedPlatform(0) -> platform(13) subTarget(537395200) extendedPlatform(0)
Refreshing native plugins compatible for Editor in 0,83 ms, found 1 plugins.
Preloading 0 native plugins for Editor in 0,00 ms.
Unloading 1825 Unused Serialized files (Serialized files now loaded: 0)
System memory in use before: 79,8 MB.
System memory in use after: 79,8 MB.

Unloading 12 unused Assets to reduce memory usage. Loaded Objects now: 2314.
Total: 6,502288 ms (FindLiveObjects: 0,586584 ms CreateObjectMapping: 0,124560 ms MarkObjects: 5,457412 ms  DeleteObjects: 0,329089 ms)

AssetImportParameters requested are different than current active one (requested -> active):
  custom:graphics/normal-map-encoding: 01000000000000000000000000000000 -> 02000000000000000000000000000000
========================================================================
Received Import Request.
  Time since last request: 16,164482 seconds.
  path: Assets/Project/Scripts/Defender System/BuildingFortification.cs
  artifactKey: Guid(9260ab41a48132846832bb850dfb758e) Importer(815301076,1909f56bfc062723c751e8b465ee728b)
Start importing Assets/Project/Scripts/Defender System/BuildingFortification.cs using Guid(9260ab41a48132846832bb850dfb758e) Importer(815301076,1909f56bfc062723c751e8b465ee728b)  -> (artifact id: '86350adaa749083723ffa3d59cc8b02b') in 0,011167 seconds
  Import took 0,017435 seconds .

========================================================================
Received Import Request.
  Time since last request: 0,120937 seconds.
  path: Assets/Project/Scripts/Defender System/BuildingFortification.cs
  artifactKey: Guid(9260ab41a48132846832bb850dfb758e) Importer(815301076,1909f56bfc062723c751e8b465ee728b)
Start importing Assets/Project/Scripts/Defender System/BuildingFortification.cs using Guid(9260ab41a48132846832bb850dfb758e) Importer(815301076,1909f56bfc062723c751e8b465ee728b)  -> (artifact id: '86350adaa749083723ffa3d59cc8b02b') in 0,002008 seconds
  Import took 0,016988 seconds .

========================================================================
Received Prepare
Registering precompiled user dll's ...
Registered in 0,001867 seconds.
Begin MonoManager ReloadAssembly
Native extension for LinuxStandalone target not found
Native extension for WebGL target not found
Refreshing native plugins compatible for Editor in 1,01 ms, found 1 plugins.
Preloading 0 native plugins for Editor in 0,00 ms.
Mono: successfully reloaded assembly
- Completed reload, in  2,281 seconds
Platform modules already initialized, skipping
Switching build target platform(24) subTarget(0) extendedPlatform(0) -> platform(13) subTarget(537395200) extendedPlatform(0)
Refreshing native plugins compatible for Editor in 0,79 ms, found 1 plugins.
Preloading 0 native plugins for Editor in 0,00 ms.
Unloading 1825 Unused Serialized files (Serialized files now loaded: 0)
System memory in use before: 79,8 MB.
System memory in use after: 79,8 MB.

Unloading 12 unused Assets to reduce memory usage. Loaded Objects now: 2318.
Total: 6,520952 ms (FindLiveObjects: 0,592439 ms CreateObjectMapping: 0,133358 ms MarkObjects: 5,523013 ms  DeleteObjects: 0,268700 ms)

AssetImportParameters requested are different than current active one (requested -> active):
  custom:graphics/normal-map-encoding: 01000000000000000000000000000000 -> 02000000000000000000000000000000
========================================================================
Received Import Request.
  Time since last request: 18,392927 seconds.
  path: Assets/Project/Scripts/Defender System/BuildingFortification.cs
  artifactKey: Guid(9260ab41a48132846832bb850dfb758e) Importer(815301076,1909f56bfc062723c751e8b465ee728b)
Start importing Assets/Project/Scripts/Defender System/BuildingFortification.cs using Guid(9260ab41a48132846832bb850dfb758e) Importer(815301076,1909f56bfc062723c751e8b465ee728b)  -> (artifact id: '1ac8ed294e86b542f1c324b5eb680d1e') in 0,006803 seconds
  Import took 0,012265 seconds .

========================================================================
Received Import Request.
  Time since last request: 4,241717 seconds.
  path: Assets/Project/Scripts/Defender System/BuildingFortification.cs
  artifactKey: Guid(9260ab41a48132846832bb850dfb758e) Importer(815301076,1909f56bfc062723c751e8b465ee728b)
Start importing Assets/Project/Scripts/Defender System/BuildingFortification.cs using Guid(9260ab41a48132846832bb850dfb758e) Importer(815301076,1909f56bfc062723c751e8b465ee728b)  -> (artifact id: 'da5276784dde6a42f5d06d90c2d7f2e6') in 0,001414 seconds
  Import took 0,007834 seconds .

========================================================================
Received Import Request.
  Time since last request: 0,002087 seconds.
  path: Assets/Project/Scripts/Defender System/BuildingFortification.cs
  artifactKey: Guid(9260ab41a48132846832bb850dfb758e) Importer(815301076,1909f56bfc062723c751e8b465ee728b)
Start importing Assets/Project/Scripts/Defender System/BuildingFortification.cs using Guid(9260ab41a48132846832bb850dfb758e) Importer(815301076,1909f56bfc062723c751e8b465ee728b)  -> (artifact id: 'da5276784dde6a42f5d06d90c2d7f2e6') in 0,001355 seconds
  Import took 0,007528 seconds .

========================================================================
Received Import Request.
  Time since last request: 13,054830 seconds.
  path: Assets/Project/Scripts/Defender System/BuildingFortification.cs
  artifactKey: Guid(9260ab41a48132846832bb850dfb758e) Importer(815301076,1909f56bfc062723c751e8b465ee728b)
Start importing Assets/Project/Scripts/Defender System/BuildingFortification.cs using Guid(9260ab41a48132846832bb850dfb758e) Importer(815301076,1909f56bfc062723c751e8b465ee728b)  -> (artifact id: '0991c7c7e895fab8dc047e3c9e4841f3') in 0,001614 seconds
  Import took 0,007778 seconds .

========================================================================
Received Import Request.
  Time since last request: 2,752018 seconds.
  path: Assets/Project/Scripts/Defender System/BuildingFortification.cs
  artifactKey: Guid(9260ab41a48132846832bb850dfb758e) Importer(815301076,1909f56bfc062723c751e8b465ee728b)
Start importing Assets/Project/Scripts/Defender System/BuildingFortification.cs using Guid(9260ab41a48132846832bb850dfb758e) Importer(815301076,1909f56bfc062723c751e8b465ee728b)  -> (artifact id: '9a0b41583b92455be7059649f56dc105') in 0,001506 seconds
  Import took 0,010465 seconds .

========================================================================
Received Import Request.
  Time since last request: 0,014674 seconds.
  path: Assets/Project/Scripts/Defender System/BuildingFortification.cs
  artifactKey: Guid(9260ab41a48132846832bb850dfb758e) Importer(815301076,1909f56bfc062723c751e8b465ee728b)
Start importing Assets/Project/Scripts/Defender System/BuildingFortification.cs using Guid(9260ab41a48132846832bb850dfb758e) Importer(815301076,1909f56bfc062723c751e8b465ee728b)  -> (artifact id: '9a0b41583b92455be7059649f56dc105') in 0,001546 seconds
  Import took 0,008404 seconds .

========================================================================
Received Import Request.
  Time since last request: 5,170577 seconds.
  path: Assets/Project/Scripts/Defender System/BuildingFortification.cs
  artifactKey: Guid(9260ab41a48132846832bb850dfb758e) Importer(815301076,1909f56bfc062723c751e8b465ee728b)
Start importing Assets/Project/Scripts/Defender System/BuildingFortification.cs using Guid(9260ab41a48132846832bb850dfb758e) Importer(815301076,1909f56bfc062723c751e8b465ee728b)  -> (artifact id: '8295414cfefedd22ee3253f8d064b4c7') in 0,001535 seconds
  Import took 0,008973 seconds .

========================================================================
Received Import Request.
  Time since last request: 0,002223 seconds.
  path: Assets/Project/Scripts/Defender System/BuildingFortification.cs
  artifactKey: Guid(9260ab41a48132846832bb850dfb758e) Importer(815301076,1909f56bfc062723c751e8b465ee728b)
Start importing Assets/Project/Scripts/Defender System/BuildingFortification.cs using Guid(9260ab41a48132846832bb850dfb758e) Importer(815301076,1909f56bfc062723c751e8b465ee728b)  -> (artifact id: '8295414cfefedd22ee3253f8d064b4c7') in 0,001598 seconds
  Import took 0,007562 seconds .

========================================================================
Received Prepare
Registering precompiled user dll's ...
Registered in 0,001658 seconds.
Begin MonoManager ReloadAssembly
Native extension for LinuxStandalone target not found
Native extension for WebGL target not found
Refreshing native plugins compatible for Editor in 0,83 ms, found 1 plugins.
Preloading 0 native plugins for Editor in 0,00 ms.
Mono: successfully reloaded assembly
- Completed reload, in  2,485 seconds
Platform modules already initialized, skipping
Switching build target platform(24) subTarget(0) extendedPlatform(0) -> platform(13) subTarget(537395200) extendedPlatform(0)
Refreshing native plugins compatible for Editor in 0,82 ms, found 1 plugins.
Preloading 0 native plugins for Editor in 0,00 ms.
Unloading 1825 Unused Serialized files (Serialized files now loaded: 0)
System memory in use before: 79,8 MB.
System memory in use after: 79,8 MB.

Unloading 12 unused Assets to reduce memory usage. Loaded Objects now: 2322.
Total: 10,558446 ms (FindLiveObjects: 0,584731 ms CreateObjectMapping: 0,128896 ms MarkObjects: 9,546210 ms  DeleteObjects: 0,294856 ms)

AssetImportParameters requested are different than current active one (requested -> active):
  custom:graphics/normal-map-encoding: 01000000000000000000000000000000 -> 02000000000000000000000000000000
========================================================================
Received Import Request.
  Time since last request: 18,789949 seconds.
  path: Assets/Project/Scripts/Defender System/BuildingFortification.cs
  artifactKey: Guid(9260ab41a48132846832bb850dfb758e) Importer(815301076,1909f56bfc062723c751e8b465ee728b)
Start importing Assets/Project/Scripts/Defender System/BuildingFortification.cs using Guid(9260ab41a48132846832bb850dfb758e) Importer(815301076,1909f56bfc062723c751e8b465ee728b)  -> (artifact id: '0ab9b272d83a4b7fc1c8c40eb198c5fc') in 0,008254 seconds
  Import took 0,014485 seconds .

========================================================================
Received Import Request.
  Time since last request: 0,027857 seconds.
  path: Assets/Project/Scripts/Defender System/BuildingFortification.cs
  artifactKey: Guid(9260ab41a48132846832bb850dfb758e) Importer(815301076,1909f56bfc062723c751e8b465ee728b)
Start importing Assets/Project/Scripts/Defender System/BuildingFortification.cs using Guid(9260ab41a48132846832bb850dfb758e) Importer(815301076,1909f56bfc062723c751e8b465ee728b)  -> (artifact id: '0ab9b272d83a4b7fc1c8c40eb198c5fc') in 0,001609 seconds
  Import took 0,009126 seconds .

========================================================================
Received Import Request.
  Time since last request: 6,238421 seconds.
  path: Assets/Project/Scripts/Defender System/BuildingFortification.cs
  artifactKey: Guid(9260ab41a48132846832bb850dfb758e) Importer(815301076,1909f56bfc062723c751e8b465ee728b)
Start importing Assets/Project/Scripts/Defender System/BuildingFortification.cs using Guid(9260ab41a48132846832bb850dfb758e) Importer(815301076,1909f56bfc062723c751e8b465ee728b)  -> (artifact id: '85f03a39fa6c7e2d0568f5789d603020') in 0,002185 seconds
  Import took 0,008102 seconds .

========================================================================
Received Import Request.
  Time since last request: 0,002265 seconds.
  path: Assets/Project/Scripts/Defender System/BuildingFortification.cs
  artifactKey: Guid(9260ab41a48132846832bb850dfb758e) Importer(815301076,1909f56bfc062723c751e8b465ee728b)
Start importing Assets/Project/Scripts/Defender System/BuildingFortification.cs using Guid(9260ab41a48132846832bb850dfb758e) Importer(815301076,1909f56bfc062723c751e8b465ee728b)  -> (artifact id: '85f03a39fa6c7e2d0568f5789d603020') in 0,001548 seconds
  Import took 0,007523 seconds .

========================================================================
Received Import Request.
  Time since last request: 18,858073 seconds.
  path: Assets/Project/Scripts/Defender System/BuildingFortification.cs
  artifactKey: Guid(9260ab41a48132846832bb850dfb758e) Importer(815301076,1909f56bfc062723c751e8b465ee728b)
Start importing Assets/Project/Scripts/Defender System/BuildingFortification.cs using Guid(9260ab41a48132846832bb850dfb758e) Importer(815301076,1909f56bfc062723c751e8b465ee728b)  -> (artifact id: '6d5c86eff5b1be7d6ea39f37bb9c320d') in 0,001652 seconds
  Import took 0,009075 seconds .

========================================================================
Received Prepare
Registering precompiled user dll's ...
Registered in 0,001759 seconds.
Begin MonoManager ReloadAssembly
Native extension for LinuxStandalone target not found
Native extension for WebGL target not found
Refreshing native plugins compatible for Editor in 0,82 ms, found 1 plugins.
Preloading 0 native plugins for Editor in 0,00 ms.
Mono: successfully reloaded assembly
- Completed reload, in  2,260 seconds
Platform modules already initialized, skipping
Switching build target platform(24) subTarget(0) extendedPlatform(0) -> platform(13) subTarget(537395200) extendedPlatform(0)
Refreshing native plugins compatible for Editor in 0,82 ms, found 1 plugins.
Preloading 0 native plugins for Editor in 0,00 ms.
Unloading 1825 Unused Serialized files (Serialized files now loaded: 0)
System memory in use before: 79,8 MB.
System memory in use after: 79,8 MB.

Unloading 12 unused Assets to reduce memory usage. Loaded Objects now: 2326.
Total: 13,867024 ms (FindLiveObjects: 0,574575 ms CreateObjectMapping: 0,109686 ms MarkObjects: 12,834135 ms  DeleteObjects: 0,343788 ms)

AssetImportParameters requested are different than current active one (requested -> active):
  custom:graphics/normal-map-encoding: 01000000000000000000000000000000 -> 02000000000000000000000000000000
========================================================================
Received Import Request.
  Time since last request: 20,324292 seconds.
  path: Assets/Project/Scripts/Defender System/BuildingFortification.cs
  artifactKey: Guid(9260ab41a48132846832bb850dfb758e) Importer(815301076,1909f56bfc062723c751e8b465ee728b)
Start importing Assets/Project/Scripts/Defender System/BuildingFortification.cs using Guid(9260ab41a48132846832bb850dfb758e) Importer(815301076,1909f56bfc062723c751e8b465ee728b)  -> (artifact id: 'acfc3fb7fea30a94e36156dd32687e73') in 0,010232 seconds
  Import took 0,016714 seconds .

========================================================================
Received Prepare
Registering precompiled user dll's ...
Registered in 0,001772 seconds.
Begin MonoManager ReloadAssembly
Native extension for LinuxStandalone target not found
Native extension for WebGL target not found
Refreshing native plugins compatible for Editor in 0,71 ms, found 1 plugins.
Preloading 0 native plugins for Editor in 0,00 ms.
Mono: successfully reloaded assembly
- Completed reload, in  2,389 seconds
Platform modules already initialized, skipping
Switching build target platform(24) subTarget(0) extendedPlatform(0) -> platform(13) subTarget(537395200) extendedPlatform(0)
Refreshing native plugins compatible for Editor in 0,81 ms, found 1 plugins.
Preloading 0 native plugins for Editor in 0,00 ms.
Unloading 1825 Unused Serialized files (Serialized files now loaded: 0)
System memory in use before: 79,8 MB.
System memory in use after: 79,8 MB.

Unloading 12 unused Assets to reduce memory usage. Loaded Objects now: 2330.
Total: 7,027823 ms (FindLiveObjects: 0,593903 ms CreateObjectMapping: 0,112430 ms MarkObjects: 6,028906 ms  DeleteObjects: 0,288843 ms)

AssetImportParameters requested are different than current active one (requested -> active):
  custom:graphics/normal-map-encoding: 01000000000000000000000000000000 -> 02000000000000000000000000000000
========================================================================
Received Import Request.
  Time since last request: 29,272201 seconds.
  path: Assets/Project/Scripts/Defender System/BuildingFortification.cs
  artifactKey: Guid(9260ab41a48132846832bb850dfb758e) Importer(815301076,1909f56bfc062723c751e8b465ee728b)
Start importing Assets/Project/Scripts/Defender System/BuildingFortification.cs using Guid(9260ab41a48132846832bb850dfb758e) Importer(815301076,1909f56bfc062723c751e8b465ee728b)  -> (artifact id: 'fd8634716d2e11e4aba459c510c91344') in 0,009105 seconds
  Import took 0,017633 seconds .

========================================================================
Received Import Request.
  Time since last request: 0,002078 seconds.
  path: Assets/Project/Scripts/Defender System/BuildingFortification.cs
  artifactKey: Guid(9260ab41a48132846832bb850dfb758e) Importer(815301076,1909f56bfc062723c751e8b465ee728b)
Start importing Assets/Project/Scripts/Defender System/BuildingFortification.cs using Guid(9260ab41a48132846832bb850dfb758e) Importer(815301076,1909f56bfc062723c751e8b465ee728b)  -> (artifact id: 'fd8634716d2e11e4aba459c510c91344') in 0,001569 seconds
  Import took 0,011511 seconds .

========================================================================
Received Import Request.
  Time since last request: 3,564746 seconds.
  path: Assets/Project/Scripts/Defender System/BuildingFortification.cs
  artifactKey: Guid(9260ab41a48132846832bb850dfb758e) Importer(815301076,1909f56bfc062723c751e8b465ee728b)
Start importing Assets/Project/Scripts/Defender System/BuildingFortification.cs using Guid(9260ab41a48132846832bb850dfb758e) Importer(815301076,1909f56bfc062723c751e8b465ee728b)  -> (artifact id: 'b92211d4a58fc756f7f166b460f76544') in 0,001701 seconds
  Import took 0,008061 seconds .

========================================================================
Received Import Request.
  Time since last request: 10,237686 seconds.
  path: Assets/Project/Scripts/Defender System/BuildingFortification.cs
  artifactKey: Guid(9260ab41a48132846832bb850dfb758e) Importer(815301076,1909f56bfc062723c751e8b465ee728b)
Start importing Assets/Project/Scripts/Defender System/BuildingFortification.cs using Guid(9260ab41a48132846832bb850dfb758e) Importer(815301076,1909f56bfc062723c751e8b465ee728b)  -> (artifact id: '32571dd8e358b0ee81df141aa25db512') in 0,001469 seconds
  Import took 0,007875 seconds .

========================================================================
Received Import Request.
  Time since last request: 9,404716 seconds.
  path: Assets/Project/Scripts/Defender System/BuildingFortification.cs
  artifactKey: Guid(9260ab41a48132846832bb850dfb758e) Importer(815301076,1909f56bfc062723c751e8b465ee728b)
Start importing Assets/Project/Scripts/Defender System/BuildingFortification.cs using Guid(9260ab41a48132846832bb850dfb758e) Importer(815301076,1909f56bfc062723c751e8b465ee728b)  -> (artifact id: '902cb50686058be568ccceecfbb6eb71') in 0,001527 seconds
  Import took 0,010538 seconds .

========================================================================
Received Import Request.
  Time since last request: 0,016059 seconds.
  path: Assets/Project/Scripts/Defender System/BuildingFortification.cs
  artifactKey: Guid(9260ab41a48132846832bb850dfb758e) Importer(815301076,1909f56bfc062723c751e8b465ee728b)
Start importing Assets/Project/Scripts/Defender System/BuildingFortification.cs using Guid(9260ab41a48132846832bb850dfb758e) Importer(815301076,1909f56bfc062723c751e8b465ee728b)  -> (artifact id: '902cb50686058be568ccceecfbb6eb71') in 0,001973 seconds
  Import took 0,009566 seconds .

========================================================================
Received Import Request.
  Time since last request: 63,595183 seconds.
  path: Assets/Project/Scripts/Defender System/BuildingFortification.cs
  artifactKey: Guid(9260ab41a48132846832bb850dfb758e) Importer(815301076,1909f56bfc062723c751e8b465ee728b)
Start importing Assets/Project/Scripts/Defender System/BuildingFortification.cs using Guid(9260ab41a48132846832bb850dfb758e) Importer(815301076,1909f56bfc062723c751e8b465ee728b)  -> (artifact id: '2ecabf01f2a65d82c2c7c19a3222a78a') in 0,001510 seconds
  Import took 0,007720 seconds .

========================================================================
Received Import Request.
  Time since last request: 2,444328 seconds.
  path: Assets/Project/Scripts/Defender System/BuildingFortification.cs
  artifactKey: Guid(9260ab41a48132846832bb850dfb758e) Importer(815301076,1909f56bfc062723c751e8b465ee728b)
Start importing Assets/Project/Scripts/Defender System/BuildingFortification.cs using Guid(9260ab41a48132846832bb850dfb758e) Importer(815301076,1909f56bfc062723c751e8b465ee728b)  -> (artifact id: '9566ed5056e43e3b08bc178212bbdc7c') in 0,001766 seconds
  Import took 0,007722 seconds .

========================================================================
Received Import Request.
  Time since last request: 0,002391 seconds.
  path: Assets/Project/Scripts/Defender System/BuildingFortification.cs
  artifactKey: Guid(9260ab41a48132846832bb850dfb758e) Importer(815301076,1909f56bfc062723c751e8b465ee728b)
Start importing Assets/Project/Scripts/Defender System/BuildingFortification.cs using Guid(9260ab41a48132846832bb850dfb758e) Importer(815301076,1909f56bfc062723c751e8b465ee728b)  -> (artifact id: '9566ed5056e43e3b08bc178212bbdc7c') in 0,001586 seconds
  Import took 0,008183 seconds .

========================================================================
Received Import Request.
  Time since last request: 3,735709 seconds.
  path: Assets/Project/Scripts/Defender System/BuildingFortification.cs
  artifactKey: Guid(9260ab41a48132846832bb850dfb758e) Importer(815301076,1909f56bfc062723c751e8b465ee728b)
Start importing Assets/Project/Scripts/Defender System/BuildingFortification.cs using Guid(9260ab41a48132846832bb850dfb758e) Importer(815301076,1909f56bfc062723c751e8b465ee728b)  -> (artifact id: '9873b4f9da4d3696c955edaa22d9ff5c') in 0,001690 seconds
  Import took 0,007850 seconds .

========================================================================
Received Import Request.
  Time since last request: 0,013774 seconds.
  path: Assets/Project/Scripts/Defender System/BuildingFortification.cs
  artifactKey: Guid(9260ab41a48132846832bb850dfb758e) Importer(815301076,1909f56bfc062723c751e8b465ee728b)
Start importing Assets/Project/Scripts/Defender System/BuildingFortification.cs using Guid(9260ab41a48132846832bb850dfb758e) Importer(815301076,1909f56bfc062723c751e8b465ee728b)  -> (artifact id: '9873b4f9da4d3696c955edaa22d9ff5c') in 0,001719 seconds
  Import took 0,007900 seconds .

========================================================================
Received Import Request.
  Time since last request: 8,512770 seconds.
  path: Assets/Project/Scripts/Defender System/BuildingFortification.cs
  artifactKey: Guid(9260ab41a48132846832bb850dfb758e) Importer(815301076,1909f56bfc062723c751e8b465ee728b)
Start importing Assets/Project/Scripts/Defender System/BuildingFortification.cs using Guid(9260ab41a48132846832bb850dfb758e) Importer(815301076,1909f56bfc062723c751e8b465ee728b)  -> (artifact id: '19d91af4948a2cd95e69ca216ac158c8') in 0,001621 seconds
  Import took 0,008052 seconds .

========================================================================
Received Import Request.
  Time since last request: 0,006980 seconds.
  path: Assets/Project/Scripts/Defender System/BuildingFortification.cs
  artifactKey: Guid(9260ab41a48132846832bb850dfb758e) Importer(815301076,1909f56bfc062723c751e8b465ee728b)
Start importing Assets/Project/Scripts/Defender System/BuildingFortification.cs using Guid(9260ab41a48132846832bb850dfb758e) Importer(815301076,1909f56bfc062723c751e8b465ee728b)  -> (artifact id: '19d91af4948a2cd95e69ca216ac158c8') in 0,001616 seconds
  Import took 0,008073 seconds .

========================================================================
Received Import Request.
  Time since last request: 5,022700 seconds.
  path: Assets/Project/Scripts/Defender System/BuildingFortification.cs
  artifactKey: Guid(9260ab41a48132846832bb850dfb758e) Importer(815301076,1909f56bfc062723c751e8b465ee728b)
Start importing Assets/Project/Scripts/Defender System/BuildingFortification.cs using Guid(9260ab41a48132846832bb850dfb758e) Importer(815301076,1909f56bfc062723c751e8b465ee728b)  -> (artifact id: 'a3e3d51bb2c70bcc8b30acbf08f33766') in 0,002376 seconds
  Import took 0,009664 seconds .

========================================================================
Received Import Request.
  Time since last request: 2,635538 seconds.
  path: Assets/Project/Scripts/Defender System/BuildingFortification.cs
  artifactKey: Guid(9260ab41a48132846832bb850dfb758e) Importer(815301076,1909f56bfc062723c751e8b465ee728b)
Start importing Assets/Project/Scripts/Defender System/BuildingFortification.cs using Guid(9260ab41a48132846832bb850dfb758e) Importer(815301076,1909f56bfc062723c751e8b465ee728b)  -> (artifact id: '8938b691473c9c2543eb48ad1c772c8d') in 0,001514 seconds
  Import took 0,007437 seconds .

========================================================================
Received Import Request.
  Time since last request: 6,482264 seconds.
  path: Assets/Project/Scripts/Defender System/BuildingFortification.cs
  artifactKey: Guid(9260ab41a48132846832bb850dfb758e) Importer(815301076,1909f56bfc062723c751e8b465ee728b)
Start importing Assets/Project/Scripts/Defender System/BuildingFortification.cs using Guid(9260ab41a48132846832bb850dfb758e) Importer(815301076,1909f56bfc062723c751e8b465ee728b)  -> (artifact id: '75fa83d4d1d438d2941f73143feffe25') in 0,001583 seconds
  Import took 0,007669 seconds .

========================================================================
Received Import Request.
  Time since last request: 0,003536 seconds.
  path: Assets/Project/Scripts/Defender System/BuildingFortification.cs
  artifactKey: Guid(9260ab41a48132846832bb850dfb758e) Importer(815301076,1909f56bfc062723c751e8b465ee728b)
Start importing Assets/Project/Scripts/Defender System/BuildingFortification.cs using Guid(9260ab41a48132846832bb850dfb758e) Importer(815301076,1909f56bfc062723c751e8b465ee728b)  -> (artifact id: '75fa83d4d1d438d2941f73143feffe25') in 0,001613 seconds
  Import took 0,007548 seconds .

========================================================================
Received Import Request.
  Time since last request: 3,359842 seconds.
  path: Assets/Project/Scripts/Defender System/BuildingFortification.cs
  artifactKey: Guid(9260ab41a48132846832bb850dfb758e) Importer(815301076,1909f56bfc062723c751e8b465ee728b)
Start importing Assets/Project/Scripts/Defender System/BuildingFortification.cs using Guid(9260ab41a48132846832bb850dfb758e) Importer(815301076,1909f56bfc062723c751e8b465ee728b)  -> (artifact id: '0c2db4b7810f106db83ebf390956e393') in 0,001709 seconds
  Import took 0,007876 seconds .

========================================================================
Received Import Request.
  Time since last request: 0,040525 seconds.
  path: Assets/Project/Scripts/Defender System/BuildingFortification.cs
  artifactKey: Guid(9260ab41a48132846832bb850dfb758e) Importer(815301076,1909f56bfc062723c751e8b465ee728b)
Start importing Assets/Project/Scripts/Defender System/BuildingFortification.cs using Guid(9260ab41a48132846832bb850dfb758e) Importer(815301076,1909f56bfc062723c751e8b465ee728b)  -> (artifact id: '0c2db4b7810f106db83ebf390956e393') in 0,002429 seconds
  Import took 0,012112 seconds .

========================================================================
Received Import Request.
  Time since last request: 7,358047 seconds.
  path: Assets/Project/Scripts/Defender System/BuildingFortification.cs
  artifactKey: Guid(9260ab41a48132846832bb850dfb758e) Importer(815301076,1909f56bfc062723c751e8b465ee728b)
Start importing Assets/Project/Scripts/Defender System/BuildingFortification.cs using Guid(9260ab41a48132846832bb850dfb758e) Importer(815301076,1909f56bfc062723c751e8b465ee728b)  -> (artifact id: 'f4e3ed2ade03faf79eae4e4264d0252b') in 0,001498 seconds
  Import took 0,007268 seconds .

========================================================================
Received Import Request.
  Time since last request: 5,127352 seconds.
  path: Assets/Project/Scripts/Defender System/BuildingFortification.cs
  artifactKey: Guid(9260ab41a48132846832bb850dfb758e) Importer(815301076,1909f56bfc062723c751e8b465ee728b)
Start importing Assets/Project/Scripts/Defender System/BuildingFortification.cs using Guid(9260ab41a48132846832bb850dfb758e) Importer(815301076,1909f56bfc062723c751e8b465ee728b)  -> (artifact id: 'd76ffdeb41dbf86967979fe7624dfea2') in 0,001557 seconds
  Import took 0,008407 seconds .

========================================================================
Received Import Request.
  Time since last request: 9,518960 seconds.
  path: Assets/Project/Scripts/Defender System/BuildingFortification.cs
  artifactKey: Guid(9260ab41a48132846832bb850dfb758e) Importer(815301076,1909f56bfc062723c751e8b465ee728b)
Start importing Assets/Project/Scripts/Defender System/BuildingFortification.cs using Guid(9260ab41a48132846832bb850dfb758e) Importer(815301076,1909f56bfc062723c751e8b465ee728b)  -> (artifact id: 'b3d612f7e30cc5e1a9383170faf70fca') in 0,001810 seconds
  Import took 0,012531 seconds .

========================================================================
Received Import Request.
  Time since last request: 5,030146 seconds.
  path: Assets/Project/Scripts/Defender System/BuildingFortification.cs
  artifactKey: Guid(9260ab41a48132846832bb850dfb758e) Importer(815301076,1909f56bfc062723c751e8b465ee728b)
Start importing Assets/Project/Scripts/Defender System/BuildingFortification.cs using Guid(9260ab41a48132846832bb850dfb758e) Importer(815301076,1909f56bfc062723c751e8b465ee728b)  -> (artifact id: '30e0dbf2462d468cdcdaeb437351aa5e') in 0,001574 seconds
  Import took 0,009995 seconds .

========================================================================
Received Import Request.
  Time since last request: 4,184224 seconds.
  path: Assets/Project/Scripts/Defender System/BuildingFortification.cs
  artifactKey: Guid(9260ab41a48132846832bb850dfb758e) Importer(815301076,1909f56bfc062723c751e8b465ee728b)
Start importing Assets/Project/Scripts/Defender System/BuildingFortification.cs using Guid(9260ab41a48132846832bb850dfb758e) Importer(815301076,1909f56bfc062723c751e8b465ee728b)  -> (artifact id: 'f5f10386f198f2a6c1db95878c8406f5') in 0,001494 seconds
  Import took 0,010816 seconds .

========================================================================
Received Import Request.
  Time since last request: 0,003175 seconds.
  path: Assets/Project/Scripts/Defender System/BuildingFortification.cs
  artifactKey: Guid(9260ab41a48132846832bb850dfb758e) Importer(815301076,1909f56bfc062723c751e8b465ee728b)
Start importing Assets/Project/Scripts/Defender System/BuildingFortification.cs using Guid(9260ab41a48132846832bb850dfb758e) Importer(815301076,1909f56bfc062723c751e8b465ee728b)  -> (artifact id: 'f5f10386f198f2a6c1db95878c8406f5') in 0,001877 seconds
  Import took 0,008409 seconds .

========================================================================
Received Import Request.
  Time since last request: 2,312962 seconds.
  path: Assets/Project/Scripts/Defender System/BuildingFortification.cs
  artifactKey: Guid(9260ab41a48132846832bb850dfb758e) Importer(815301076,1909f56bfc062723c751e8b465ee728b)
Start importing Assets/Project/Scripts/Defender System/BuildingFortification.cs using Guid(9260ab41a48132846832bb850dfb758e) Importer(815301076,1909f56bfc062723c751e8b465ee728b)  -> (artifact id: 'd55a6b0ab29a545a7775b77f834f5049') in 0,002836 seconds
  Import took 0,009156 seconds .

========================================================================
Received Import Request.
  Time since last request: 4,196270 seconds.
  path: Assets/Project/Scripts/Defender System/BuildingFortification.cs
  artifactKey: Guid(9260ab41a48132846832bb850dfb758e) Importer(815301076,1909f56bfc062723c751e8b465ee728b)
Start importing Assets/Project/Scripts/Defender System/BuildingFortification.cs using Guid(9260ab41a48132846832bb850dfb758e) Importer(815301076,1909f56bfc062723c751e8b465ee728b)  -> (artifact id: '2b49c0869ae0edae854ceba0cdaba64f') in 0,005067 seconds
  Import took 0,012804 seconds .

========================================================================
Received Import Request.
  Time since last request: 3,732811 seconds.
  path: Assets/Project/Scripts/Defender System/BuildingFortification.cs
  artifactKey: Guid(9260ab41a48132846832bb850dfb758e) Importer(815301076,1909f56bfc062723c751e8b465ee728b)
Start importing Assets/Project/Scripts/Defender System/BuildingFortification.cs using Guid(9260ab41a48132846832bb850dfb758e) Importer(815301076,1909f56bfc062723c751e8b465ee728b)  -> (artifact id: '7dddd0d91252e1ae68dcaa3ccea7670f') in 0,001695 seconds
  Import took 0,007813 seconds .

========================================================================
Received Import Request.
  Time since last request: 2,531329 seconds.
  path: Assets/Project/Scripts/Defender System/BuildingFortification.cs
  artifactKey: Guid(9260ab41a48132846832bb850dfb758e) Importer(815301076,1909f56bfc062723c751e8b465ee728b)
Start importing Assets/Project/Scripts/Defender System/BuildingFortification.cs using Guid(9260ab41a48132846832bb850dfb758e) Importer(815301076,1909f56bfc062723c751e8b465ee728b)  -> (artifact id: '0fca6fff25996335b2607d3b88209ac9') in 0,001830 seconds
  Import took 0,007991 seconds .

========================================================================
Received Import Request.
  Time since last request: 2,428555 seconds.
  path: Assets/Project/Scripts/Defender System/BuildingFortification.cs
  artifactKey: Guid(9260ab41a48132846832bb850dfb758e) Importer(815301076,1909f56bfc062723c751e8b465ee728b)
Start importing Assets/Project/Scripts/Defender System/BuildingFortification.cs using Guid(9260ab41a48132846832bb850dfb758e) Importer(815301076,1909f56bfc062723c751e8b465ee728b)  -> (artifact id: 'abe349406a9201e7fb09229893740e70') in 0,001730 seconds
  Import took 0,009492 seconds .

========================================================================
Received Import Request.
  Time since last request: 4,414788 seconds.
  path: Assets/Project/Scripts/Defender System/BuildingFortification.cs
  artifactKey: Guid(9260ab41a48132846832bb850dfb758e) Importer(815301076,1909f56bfc062723c751e8b465ee728b)
Start importing Assets/Project/Scripts/Defender System/BuildingFortification.cs using Guid(9260ab41a48132846832bb850dfb758e) Importer(815301076,1909f56bfc062723c751e8b465ee728b)  -> (artifact id: 'b6f5916920248618573e92b1f4152bc8') in 0,002085 seconds
  Import took 0,008589 seconds .

========================================================================
Received Import Request.
  Time since last request: 0,002666 seconds.
  path: Assets/Project/Scripts/Defender System/BuildingFortification.cs
  artifactKey: Guid(9260ab41a48132846832bb850dfb758e) Importer(815301076,1909f56bfc062723c751e8b465ee728b)
Start importing Assets/Project/Scripts/Defender System/BuildingFortification.cs using Guid(9260ab41a48132846832bb850dfb758e) Importer(815301076,1909f56bfc062723c751e8b465ee728b)  -> (artifact id: 'b6f5916920248618573e92b1f4152bc8') in 0,001646 seconds
  Import took 0,008389 seconds .

========================================================================
Received Import Request.
  Time since last request: 2,502045 seconds.
  path: Assets/Project/Scripts/Defender System/BuildingFortification.cs
  artifactKey: Guid(9260ab41a48132846832bb850dfb758e) Importer(815301076,1909f56bfc062723c751e8b465ee728b)
Start importing Assets/Project/Scripts/Defender System/BuildingFortification.cs using Guid(9260ab41a48132846832bb850dfb758e) Importer(815301076,1909f56bfc062723c751e8b465ee728b)  -> (artifact id: '97abce8ec9af8dcd0fe93f73dd32a76c') in 0,001658 seconds
  Import took 0,007840 seconds .

========================================================================
Received Import Request.
  Time since last request: 0,004100 seconds.
  path: Assets/Project/Scripts/Defender System/BuildingFortification.cs
  artifactKey: Guid(9260ab41a48132846832bb850dfb758e) Importer(815301076,1909f56bfc062723c751e8b465ee728b)
Start importing Assets/Project/Scripts/Defender System/BuildingFortification.cs using Guid(9260ab41a48132846832bb850dfb758e) Importer(815301076,1909f56bfc062723c751e8b465ee728b)  -> (artifact id: '97abce8ec9af8dcd0fe93f73dd32a76c') in 0,001620 seconds
  Import took 0,008868 seconds .

========================================================================
Received Import Request.
  Time since last request: 5,916818 seconds.
  path: Assets/Project/Scripts/Defender System/BuildingFortification.cs
  artifactKey: Guid(9260ab41a48132846832bb850dfb758e) Importer(815301076,1909f56bfc062723c751e8b465ee728b)
Start importing Assets/Project/Scripts/Defender System/BuildingFortification.cs using Guid(9260ab41a48132846832bb850dfb758e) Importer(815301076,1909f56bfc062723c751e8b465ee728b)  -> (artifact id: 'efc67b1234da639d62de14e4ef8f7767') in 0,001699 seconds
  Import took 0,007705 seconds .

========================================================================
Received Import Request.
  Time since last request: 0,003913 seconds.
  path: Assets/Project/Scripts/Defender System/BuildingFortification.cs
  artifactKey: Guid(9260ab41a48132846832bb850dfb758e) Importer(815301076,1909f56bfc062723c751e8b465ee728b)
Start importing Assets/Project/Scripts/Defender System/BuildingFortification.cs using Guid(9260ab41a48132846832bb850dfb758e) Importer(815301076,1909f56bfc062723c751e8b465ee728b)  -> (artifact id: 'efc67b1234da639d62de14e4ef8f7767') in 0,001700 seconds
  Import took 0,009138 seconds .

========================================================================
Received Import Request.
  Time since last request: 3,035911 seconds.
  path: Assets/Project/Scripts/Defender System/BuildingFortification.cs
  artifactKey: Guid(9260ab41a48132846832bb850dfb758e) Importer(815301076,1909f56bfc062723c751e8b465ee728b)
Start importing Assets/Project/Scripts/Defender System/BuildingFortification.cs using Guid(9260ab41a48132846832bb850dfb758e) Importer(815301076,1909f56bfc062723c751e8b465ee728b)  -> (artifact id: '18e0612e3f8d23bea7c9fbc356dc49ea') in 0,002492 seconds
  Import took 0,008493 seconds .

========================================================================
Received Import Request.
  Time since last request: 0,002076 seconds.
  path: Assets/Project/Scripts/Defender System/BuildingFortification.cs
  artifactKey: Guid(9260ab41a48132846832bb850dfb758e) Importer(815301076,1909f56bfc062723c751e8b465ee728b)
Start importing Assets/Project/Scripts/Defender System/BuildingFortification.cs using Guid(9260ab41a48132846832bb850dfb758e) Importer(815301076,1909f56bfc062723c751e8b465ee728b)  -> (artifact id: '18e0612e3f8d23bea7c9fbc356dc49ea') in 0,001571 seconds
  Import took 0,007526 seconds .

========================================================================
Received Prepare
Registering precompiled user dll's ...
Registered in 0,002078 seconds.
Begin MonoManager ReloadAssembly
Native extension for LinuxStandalone target not found
Native extension for WebGL target not found
Refreshing native plugins compatible for Editor in 1,03 ms, found 1 plugins.
Preloading 0 native plugins for Editor in 0,00 ms.
Mono: successfully reloaded assembly
- Completed reload, in  2,488 seconds
Platform modules already initialized, skipping
Switching build target platform(24) subTarget(0) extendedPlatform(0) -> platform(13) subTarget(537395200) extendedPlatform(0)
Refreshing native plugins compatible for Editor in 0,84 ms, found 1 plugins.
Preloading 0 native plugins for Editor in 0,00 ms.
Unloading 1825 Unused Serialized files (Serialized files now loaded: 0)
System memory in use before: 79,9 MB.
System memory in use after: 79,9 MB.

Unloading 12 unused Assets to reduce memory usage. Loaded Objects now: 2334.
Total: 16,112350 ms (FindLiveObjects: 0,581354 ms CreateObjectMapping: 0,120007 ms MarkObjects: 15,086387 ms  DeleteObjects: 0,320378 ms)

AssetImportParameters requested are different than current active one (requested -> active):
  custom:graphics/normal-map-encoding: 01000000000000000000000000000000 -> 02000000000000000000000000000000
========================================================================
Received Import Request.
  Time since last request: 21,217615 seconds.
  path: Assets/Project/Scripts/Defender System/BuildingFortification.cs
  artifactKey: Guid(9260ab41a48132846832bb850dfb758e) Importer(815301076,1909f56bfc062723c751e8b465ee728b)
Start importing Assets/Project/Scripts/Defender System/BuildingFortification.cs using Guid(9260ab41a48132846832bb850dfb758e) Importer(815301076,1909f56bfc062723c751e8b465ee728b)  -> (artifact id: '1e4f9821756d2ba5dc706b8d12a56b3c') in 0,008453 seconds
  Import took 0,016357 seconds .

========================================================================
Received Prepare
Registering precompiled user dll's ...
Registered in 0,001723 seconds.
Begin MonoManager ReloadAssembly
Native extension for LinuxStandalone target not found
Native extension for WebGL target not found
Refreshing native plugins compatible for Editor in 0,83 ms, found 1 plugins.
Preloading 0 native plugins for Editor in 0,00 ms.
Mono: successfully reloaded assembly
- Completed reload, in  2,444 seconds
Platform modules already initialized, skipping
Switching build target platform(24) subTarget(0) extendedPlatform(0) -> platform(13) subTarget(537395200) extendedPlatform(0)
Refreshing native plugins compatible for Editor in 0,82 ms, found 1 plugins.
Preloading 0 native plugins for Editor in 0,00 ms.
Unloading 1825 Unused Serialized files (Serialized files now loaded: 0)
System memory in use before: 79,9 MB.
System memory in use after: 79,9 MB.

Unloading 12 unused Assets to reduce memory usage. Loaded Objects now: 2338.
Total: 7,669295 ms (FindLiveObjects: 0,576426 ms CreateObjectMapping: 0,115004 ms MarkObjects: 6,661877 ms  DeleteObjects: 0,311005 ms)

AssetImportParameters requested are different than current active one (requested -> active):
  custom:graphics/normal-map-encoding: 01000000000000000000000000000000 -> 02000000000000000000000000000000
========================================================================
Received Import Request.
  Time since last request: 16,984548 seconds.
  path: Assets/Project/Scripts/Defender System/BuildingFortification.cs
  artifactKey: Guid(9260ab41a48132846832bb850dfb758e) Importer(815301076,1909f56bfc062723c751e8b465ee728b)
Start importing Assets/Project/Scripts/Defender System/BuildingFortification.cs using Guid(9260ab41a48132846832bb850dfb758e) Importer(815301076,1909f56bfc062723c751e8b465ee728b)  -> (artifact id: '5b9cba089e96441ae8ce8b6bf252834c') in 0,012448 seconds
  Import took 0,022245 seconds .

========================================================================
Received Import Request.
  Time since last request: 0,224396 seconds.
  path: Assets/Project/Scripts/Defender System/BuildingFortification.cs
  artifactKey: Guid(9260ab41a48132846832bb850dfb758e) Importer(815301076,1909f56bfc062723c751e8b465ee728b)
Start importing Assets/Project/Scripts/Defender System/BuildingFortification.cs using Guid(9260ab41a48132846832bb850dfb758e) Importer(815301076,1909f56bfc062723c751e8b465ee728b)  -> (artifact id: '5b9cba089e96441ae8ce8b6bf252834c') in 0,002285 seconds
  Import took 0,008964 seconds .

========================================================================
Received Import Request.
  Time since last request: 17,136126 seconds.
  path: Assets/Project/Scripts/Defender System/BuildingFortification.cs
  artifactKey: Guid(9260ab41a48132846832bb850dfb758e) Importer(815301076,1909f56bfc062723c751e8b465ee728b)
Start importing Assets/Project/Scripts/Defender System/BuildingFortification.cs using Guid(9260ab41a48132846832bb850dfb758e) Importer(815301076,1909f56bfc062723c751e8b465ee728b)  -> (artifact id: '2af2dc88a6f28fadca929dcf09595304') in 0,001693 seconds
  Import took 0,008005 seconds .

========================================================================
Received Prepare
Registering precompiled user dll's ...
Registered in 0,002078 seconds.
Begin MonoManager ReloadAssembly
Native extension for LinuxStandalone target not found
Native extension for WebGL target not found
Refreshing native plugins compatible for Editor in 0,86 ms, found 1 plugins.
Preloading 0 native plugins for Editor in 0,00 ms.
Mono: successfully reloaded assembly
- Completed reload, in  2,447 seconds
Platform modules already initialized, skipping
Switching build target platform(24) subTarget(0) extendedPlatform(0) -> platform(13) subTarget(537395200) extendedPlatform(0)
Refreshing native plugins compatible for Editor in 0,85 ms, found 1 plugins.
Preloading 0 native plugins for Editor in 0,00 ms.
Unloading 1825 Unused Serialized files (Serialized files now loaded: 0)
System memory in use before: 79,9 MB.
System memory in use after: 79,9 MB.

Unloading 12 unused Assets to reduce memory usage. Loaded Objects now: 2342.
Total: 4,943683 ms (FindLiveObjects: 0,701567 ms CreateObjectMapping: 0,121794 ms MarkObjects: 3,887931 ms  DeleteObjects: 0,228869 ms)

AssetImportParameters requested are different than current active one (requested -> active):
  custom:graphics/normal-map-encoding: 01000000000000000000000000000000 -> 02000000000000000000000000000000
========================================================================
Received Import Request.
  Time since last request: 22,279549 seconds.
  path: Assets/Project/Scripts/Defender System/BuildingFortification.cs
  artifactKey: Guid(9260ab41a48132846832bb850dfb758e) Importer(815301076,1909f56bfc062723c751e8b465ee728b)
Start importing Assets/Project/Scripts/Defender System/BuildingFortification.cs using Guid(9260ab41a48132846832bb850dfb758e) Importer(815301076,1909f56bfc062723c751e8b465ee728b)  -> (artifact id: '69a2a20e0931a7b8de8900da05d19d5c') in 0,008719 seconds
  Import took 0,024233 seconds .

========================================================================
Received Import Request.
  Time since last request: 9,320751 seconds.
  path: Assets/Project/Scripts/Defender System/BuildingFortification.cs
  artifactKey: Guid(9260ab41a48132846832bb850dfb758e) Importer(815301076,1909f56bfc062723c751e8b465ee728b)
Start importing Assets/Project/Scripts/Defender System/BuildingFortification.cs using Guid(9260ab41a48132846832bb850dfb758e) Importer(815301076,1909f56bfc062723c751e8b465ee728b)  -> (artifact id: '4f986c0301f475c5f2d908369e668e86') in 0,001628 seconds
  Import took 0,008336 seconds .

========================================================================
Received Import Request.
  Time since last request: 0,010185 seconds.
  path: Assets/Project/Scripts/Defender System/BuildingFortification.cs
  artifactKey: Guid(9260ab41a48132846832bb850dfb758e) Importer(815301076,1909f56bfc062723c751e8b465ee728b)
Start importing Assets/Project/Scripts/Defender System/BuildingFortification.cs using Guid(9260ab41a48132846832bb850dfb758e) Importer(815301076,1909f56bfc062723c751e8b465ee728b)  -> (artifact id: '4f986c0301f475c5f2d908369e668e86') in 0,001777 seconds
  Import took 0,009067 seconds .

========================================================================
Received Import Request.
  Time since last request: 5,056036 seconds.
  path: Assets/Project/Scripts/Defender System/BuildingFortification.cs
  artifactKey: Guid(9260ab41a48132846832bb850dfb758e) Importer(815301076,1909f56bfc062723c751e8b465ee728b)
Start importing Assets/Project/Scripts/Defender System/BuildingFortification.cs using Guid(9260ab41a48132846832bb850dfb758e) Importer(815301076,1909f56bfc062723c751e8b465ee728b)  -> (artifact id: '6ba27fd2bf971d21deb616bf3b619975') in 0,002458 seconds
  Import took 0,009105 seconds .

========================================================================
Received Import Request.
  Time since last request: 5,571670 seconds.
  path: Assets/Project/Scripts/Defender System/BuildingFortification.cs
  artifactKey: Guid(9260ab41a48132846832bb850dfb758e) Importer(815301076,1909f56bfc062723c751e8b465ee728b)
Start importing Assets/Project/Scripts/Defender System/BuildingFortification.cs using Guid(9260ab41a48132846832bb850dfb758e) Importer(815301076,1909f56bfc062723c751e8b465ee728b)  -> (artifact id: '71dcafcb44d857d811b7fe17301866c1') in 0,001694 seconds
  Import took 0,007778 seconds .

========================================================================
Received Import Request.
  Time since last request: 4,959671 seconds.
  path: Assets/Project/Scripts/Defender System/BuildingFortification.cs
  artifactKey: Guid(9260ab41a48132846832bb850dfb758e) Importer(815301076,1909f56bfc062723c751e8b465ee728b)
Start importing Assets/Project/Scripts/Defender System/BuildingFortification.cs using Guid(9260ab41a48132846832bb850dfb758e) Importer(815301076,1909f56bfc062723c751e8b465ee728b)  -> (artifact id: 'f241060ef185b71482a8802abbfc00af') in 0,004734 seconds
  Import took 0,010775 seconds .

========================================================================
Received Prepare
Registering precompiled user dll's ...
Registered in 0,002129 seconds.
Begin MonoManager ReloadAssembly
Native extension for LinuxStandalone target not found
Native extension for WebGL target not found
Refreshing native plugins compatible for Editor in 0,84 ms, found 1 plugins.
Preloading 0 native plugins for Editor in 0,00 ms.
Mono: successfully reloaded assembly
- Completed reload, in  2,436 seconds
Platform modules already initialized, skipping
Switching build target platform(24) subTarget(0) extendedPlatform(0) -> platform(13) subTarget(537395200) extendedPlatform(0)
Refreshing native plugins compatible for Editor in 0,82 ms, found 1 plugins.
Preloading 0 native plugins for Editor in 0,00 ms.
Unloading 1825 Unused Serialized files (Serialized files now loaded: 0)
System memory in use before: 80,3 MB.
System memory in use after: 80,3 MB.

Unloading 12 unused Assets to reduce memory usage. Loaded Objects now: 2346.
Total: 9,518667 ms (FindLiveObjects: 0,591470 ms CreateObjectMapping: 0,114143 ms MarkObjects: 8,431934 ms  DeleteObjects: 0,376777 ms)

AssetImportParameters requested are different than current active one (requested -> active):
  custom:graphics/normal-map-encoding: 01000000000000000000000000000000 -> 02000000000000000000000000000000
========================================================================
Received Prepare
Registering precompiled user dll's ...
Registered in 0,002276 seconds.
Begin MonoManager ReloadAssembly
Native extension for LinuxStandalone target not found
Native extension for WebGL target not found
Refreshing native plugins compatible for Editor in 0,86 ms, found 1 plugins.
Preloading 0 native plugins for Editor in 0,00 ms.
Mono: successfully reloaded assembly
- Completed reload, in  2,601 seconds
Platform modules already initialized, skipping
Switching build target platform(24) subTarget(0) extendedPlatform(0) -> platform(13) subTarget(537395200) extendedPlatform(0)
Refreshing native plugins compatible for Editor in 0,86 ms, found 1 plugins.
Preloading 0 native plugins for Editor in 0,00 ms.
Unloading 1825 Unused Serialized files (Serialized files now loaded: 0)
System memory in use before: 80,3 MB.
System memory in use after: 80,3 MB.

Unloading 12 unused Assets to reduce memory usage. Loaded Objects now: 2350.
Total: 9,271724 ms (FindLiveObjects: 0,604552 ms CreateObjectMapping: 0,149072 ms MarkObjects: 8,129369 ms  DeleteObjects: 0,384218 ms)

AssetImportParameters requested are different than current active one (requested -> active):
  custom:graphics/normal-map-encoding: 01000000000000000000000000000000 -> 02000000000000000000000000000000
========================================================================
Received Import Request.
  Time since last request: 579,341173 seconds.
  path: Assets/Project/Prefabs/Building.prefab
  artifactKey: Guid(2ae2468adb9f6a5389c50b1ba9b8baae) Importer(815301076,1909f56bfc062723c751e8b465ee728b)
Start importing Assets/Project/Prefabs/Building.prefab using Guid(2ae2468adb9f6a5389c50b1ba9b8baae) Importer(815301076,1909f56bfc062723c751e8b465ee728b)  -> (artifact id: '6a394453cd45a7943215a9092f39640f') in 0,228077 seconds
  Import took 0,234686 seconds .

========================================================================
Received Import Request.
  Time since last request: 0,048555 seconds.
  path: Assets/Project/Prefabs/Building.prefab
  artifactKey: Guid(2ae2468adb9f6a5389c50b1ba9b8baae) Importer(815301076,1909f56bfc062723c751e8b465ee728b)
Start importing Assets/Project/Prefabs/Building.prefab using Guid(2ae2468adb9f6a5389c50b1ba9b8baae) Importer(815301076,1909f56bfc062723c751e8b465ee728b)  -> (artifact id: '6a394453cd45a7943215a9092f39640f') in 0,021732 seconds
  Import took 0,028285 seconds .

========================================================================
Received Import Request.
  Time since last request: 7,788542 seconds.
  path: Assets/Project/Prefabs/Building.prefab
  artifactKey: Guid(2ae2468adb9f6a5389c50b1ba9b8baae) Importer(815301076,1909f56bfc062723c751e8b465ee728b)
Start importing Assets/Project/Prefabs/Building.prefab using Guid(2ae2468adb9f6a5389c50b1ba9b8baae) Importer(815301076,1909f56bfc062723c751e8b465ee728b)  -> (artifact id: '4f7b50e553fcc9e69aa16d1a5601cb7d') in 0,027241 seconds
  Import took 0,037800 seconds .

========================================================================
Received Prepare
Registering precompiled user dll's ...
Registered in 0,001870 seconds.
Begin MonoManager ReloadAssembly
Native extension for LinuxStandalone target not found
Native extension for WebGL target not found
Refreshing native plugins compatible for Editor in 0,94 ms, found 1 plugins.
Preloading 0 native plugins for Editor in 0,00 ms.
Mono: successfully reloaded assembly
- Completed reload, in  2,563 seconds
Platform modules already initialized, skipping
Switching build target platform(24) subTarget(0) extendedPlatform(0) -> platform(13) subTarget(537395200) extendedPlatform(0)
Refreshing native plugins compatible for Editor in 0,85 ms, found 1 plugins.
Preloading 0 native plugins for Editor in 0,00 ms.
Unloading 1825 Unused Serialized files (Serialized files now loaded: 0)
System memory in use before: 81,7 MB.
System memory in use after: 81,7 MB.

Unloading 12 unused Assets to reduce memory usage. Loaded Objects now: 2361.
Total: 6,609312 ms (FindLiveObjects: 0,600326 ms CreateObjectMapping: 0,115830 ms MarkObjects: 5,624590 ms  DeleteObjects: 0,264060 ms)

AssetImportParameters requested are different than current active one (requested -> active):
  custom:graphics/normal-map-encoding: 01000000000000000000000000000000 -> 02000000000000000000000000000000
========================================================================
Received Prepare
Registering precompiled user dll's ...
Registered in 0,001833 seconds.
Begin MonoManager ReloadAssembly
Native extension for LinuxStandalone target not found
Native extension for WebGL target not found
Refreshing native plugins compatible for Editor in 0,82 ms, found 1 plugins.
Preloading 0 native plugins for Editor in 0,00 ms.
Mono: successfully reloaded assembly
- Completed reload, in  2,564 seconds
Platform modules already initialized, skipping
Switching build target platform(24) subTarget(0) extendedPlatform(0) -> platform(13) subTarget(537395200) extendedPlatform(0)
Refreshing native plugins compatible for Editor in 0,81 ms, found 1 plugins.
Preloading 0 native plugins for Editor in 0,00 ms.
Unloading 1825 Unused Serialized files (Serialized files now loaded: 0)
System memory in use before: 81,7 MB.
System memory in use after: 81,7 MB.

Unloading 12 unused Assets to reduce memory usage. Loaded Objects now: 2365.
Total: 5,960909 ms (FindLiveObjects: 0,630415 ms CreateObjectMapping: 0,260266 ms MarkObjects: 4,775128 ms  DeleteObjects: 0,290518 ms)

AssetImportParameters requested are different than current active one (requested -> active):
  custom:graphics/normal-map-encoding: 01000000000000000000000000000000 -> 02000000000000000000000000000000
========================================================================
Received Prepare
Registering precompiled user dll's ...
Registered in 0,001913 seconds.
Begin MonoManager ReloadAssembly
Native extension for LinuxStandalone target not found
Native extension for WebGL target not found
Refreshing native plugins compatible for Editor in 0,90 ms, found 1 plugins.
Preloading 0 native plugins for Editor in 0,00 ms.
Mono: successfully reloaded assembly
- Completed reload, in  2,548 seconds
Platform modules already initialized, skipping
Switching build target platform(24) subTarget(0) extendedPlatform(0) -> platform(13) subTarget(537395200) extendedPlatform(0)
Refreshing native plugins compatible for Editor in 0,87 ms, found 1 plugins.
Preloading 0 native plugins for Editor in 0,00 ms.
Unloading 1825 Unused Serialized files (Serialized files now loaded: 0)
System memory in use before: 81,7 MB.
System memory in use after: 81,7 MB.

Unloading 12 unused Assets to reduce memory usage. Loaded Objects now: 2369.
Total: 6,805022 ms (FindLiveObjects: 0,600646 ms CreateObjectMapping: 0,121098 ms MarkObjects: 5,742858 ms  DeleteObjects: 0,336681 ms)

AssetImportParameters requested are different than current active one (requested -> active):
  custom:graphics/normal-map-encoding: 01000000000000000000000000000000 -> 02000000000000000000000000000000
========================================================================
Received Prepare
Registering precompiled user dll's ...
Registered in 0,001695 seconds.
Begin MonoManager ReloadAssembly
Native extension for LinuxStandalone target not found
Native extension for WebGL target not found
Refreshing native plugins compatible for Editor in 0,86 ms, found 1 plugins.
Preloading 0 native plugins for Editor in 0,00 ms.
Mono: successfully reloaded assembly
- Completed reload, in  2,470 seconds
Platform modules already initialized, skipping
Switching build target platform(24) subTarget(0) extendedPlatform(0) -> platform(13) subTarget(537395200) extendedPlatform(0)
Refreshing native plugins compatible for Editor in 0,80 ms, found 1 plugins.
Preloading 0 native plugins for Editor in 0,00 ms.
Unloading 1825 Unused Serialized files (Serialized files now loaded: 0)
System memory in use before: 81,7 MB.
System memory in use after: 81,7 MB.

Unloading 12 unused Assets to reduce memory usage. Loaded Objects now: 2373.
Total: 10,895669 ms (FindLiveObjects: 0,358875 ms CreateObjectMapping: 0,097689 ms MarkObjects: 10,104936 ms  DeleteObjects: 0,330238 ms)

AssetImportParameters requested are different than current active one (requested -> active):
  custom:graphics/normal-map-encoding: 01000000000000000000000000000000 -> 02000000000000000000000000000000
========================================================================
Received Prepare
Registering precompiled user dll's ...
Registered in 0,001893 seconds.
Begin MonoManager ReloadAssembly
Native extension for LinuxStandalone target not found
Native extension for WebGL target not found
Refreshing native plugins compatible for Editor in 0,81 ms, found 1 plugins.
Preloading 0 native plugins for Editor in 0,00 ms.
Mono: successfully reloaded assembly
- Completed reload, in  2,444 seconds
Platform modules already initialized, skipping
Switching build target platform(24) subTarget(0) extendedPlatform(0) -> platform(13) subTarget(537395200) extendedPlatform(0)
Refreshing native plugins compatible for Editor in 0,86 ms, found 1 plugins.
Preloading 0 native plugins for Editor in 0,00 ms.
Unloading 1825 Unused Serialized files (Serialized files now loaded: 0)
System memory in use before: 81,7 MB.
System memory in use after: 81,7 MB.

Unloading 12 unused Assets to reduce memory usage. Loaded Objects now: 2377.
Total: 10,651599 ms (FindLiveObjects: 0,615628 ms CreateObjectMapping: 2,654134 ms MarkObjects: 7,072643 ms  DeleteObjects: 0,304806 ms)

AssetImportParameters requested are different than current active one (requested -> active):
  custom:graphics/normal-map-encoding: 01000000000000000000000000000000 -> 02000000000000000000000000000000
========================================================================
Received Prepare
Registering precompiled user dll's ...
Registered in 0,001868 seconds.
Begin MonoManager ReloadAssembly
Native extension for LinuxStandalone target not found
Native extension for WebGL target not found
Refreshing native plugins compatible for Editor in 7,35 ms, found 1 plugins.
Preloading 0 native plugins for Editor in 0,00 ms.
Mono: successfully reloaded assembly
- Completed reload, in  2,540 seconds
Platform modules already initialized, skipping
Switching build target platform(24) subTarget(0) extendedPlatform(0) -> platform(13) subTarget(537395200) extendedPlatform(0)
Refreshing native plugins compatible for Editor in 0,82 ms, found 1 plugins.
Preloading 0 native plugins for Editor in 0,00 ms.
Unloading 1825 Unused Serialized files (Serialized files now loaded: 0)
System memory in use before: 81,7 MB.
System memory in use after: 81,7 MB.

Unloading 12 unused Assets to reduce memory usage. Loaded Objects now: 2381.
Total: 18,094973 ms (FindLiveObjects: 0,601683 ms CreateObjectMapping: 0,126088 ms MarkObjects: 17,061075 ms  DeleteObjects: 0,301644 ms)

AssetImportParameters requested are different than current active one (requested -> active):
  custom:graphics/normal-map-encoding: 01000000000000000000000000000000 -> 02000000000000000000000000000000
========================================================================
Received Prepare
Registering precompiled user dll's ...
Registered in 0,002824 seconds.
Begin MonoManager ReloadAssembly
Native extension for LinuxStandalone target not found
Native extension for WebGL target not found
Refreshing native plugins compatible for Editor in 0,84 ms, found 1 plugins.
Preloading 0 native plugins for Editor in 0,00 ms.
Mono: successfully reloaded assembly
- Completed reload, in  2,552 seconds
Platform modules already initialized, skipping
Switching build target platform(24) subTarget(0) extendedPlatform(0) -> platform(13) subTarget(537395200) extendedPlatform(0)
Refreshing native plugins compatible for Editor in 0,84 ms, found 1 plugins.
Preloading 0 native plugins for Editor in 0,00 ms.
Unloading 1825 Unused Serialized files (Serialized files now loaded: 0)
System memory in use before: 81,7 MB.
System memory in use after: 81,7 MB.

Unloading 12 unused Assets to reduce memory usage. Loaded Objects now: 2385.
Total: 7,328270 ms (FindLiveObjects: 0,568673 ms CreateObjectMapping: 0,105650 ms MarkObjects: 6,288687 ms  DeleteObjects: 0,361966 ms)

AssetImportParameters requested are different than current active one (requested -> active):
  custom:graphics/normal-map-encoding: 01000000000000000000000000000000 -> 02000000000000000000000000000000
========================================================================
Received Prepare
Registering precompiled user dll's ...
Registered in 0,001811 seconds.
Begin MonoManager ReloadAssembly
Native extension for LinuxStandalone target not found
Native extension for WebGL target not found
Refreshing native plugins compatible for Editor in 0,80 ms, found 1 plugins.
Preloading 0 native plugins for Editor in 0,00 ms.
Mono: successfully reloaded assembly
- Completed reload, in  2,583 seconds
Platform modules already initialized, skipping
Switching build target platform(24) subTarget(0) extendedPlatform(0) -> platform(13) subTarget(537395200) extendedPlatform(0)
Refreshing native plugins compatible for Editor in 0,81 ms, found 1 plugins.
Preloading 0 native plugins for Editor in 0,00 ms.
Unloading 1825 Unused Serialized files (Serialized files now loaded: 0)
System memory in use before: 81,7 MB.
System memory in use after: 81,7 MB.

Unloading 12 unused Assets to reduce memory usage. Loaded Objects now: 2389.
Total: 13,848122 ms (FindLiveObjects: 0,755540 ms CreateObjectMapping: 0,123634 ms MarkObjects: 12,644663 ms  DeleteObjects: 0,319325 ms)

AssetImportParameters requested are different than current active one (requested -> active):
  custom:graphics/normal-map-encoding: 01000000000000000000000000000000 -> 02000000000000000000000000000000
========================================================================
Received Prepare
Registering precompiled user dll's ...
Registered in 0,002729 seconds.
Begin MonoManager ReloadAssembly
Native extension for LinuxStandalone target not found
Native extension for WebGL target not found
Refreshing native plugins compatible for Editor in 0,80 ms, found 1 plugins.
Preloading 0 native plugins for Editor in 0,00 ms.
Mono: successfully reloaded assembly
- Completed reload, in  2,758 seconds
Platform modules already initialized, skipping
Switching build target platform(24) subTarget(0) extendedPlatform(0) -> platform(13) subTarget(537395200) extendedPlatform(0)
Refreshing native plugins compatible for Editor in 0,85 ms, found 1 plugins.
Preloading 0 native plugins for Editor in 0,00 ms.
Unloading 1825 Unused Serialized files (Serialized files now loaded: 0)
System memory in use before: 81,7 MB.
System memory in use after: 81,7 MB.

Unloading 12 unused Assets to reduce memory usage. Loaded Objects now: 2393.
Total: 7,037107 ms (FindLiveObjects: 0,612695 ms CreateObjectMapping: 0,139960 ms MarkObjects: 6,002576 ms  DeleteObjects: 0,277064 ms)

AssetImportParameters requested are different than current active one (requested -> active):
  custom:graphics/normal-map-encoding: 01000000000000000000000000000000 -> 02000000000000000000000000000000
========================================================================
Received Prepare
Registering precompiled user dll's ...
Registered in 0,001913 seconds.
Begin MonoManager ReloadAssembly
Native extension for LinuxStandalone target not found
Native extension for WebGL target not found
Refreshing native plugins compatible for Editor in 1,23 ms, found 1 plugins.
Preloading 0 native plugins for Editor in 0,00 ms.
Mono: successfully reloaded assembly
- Completed reload, in  2,789 seconds
Platform modules already initialized, skipping
Switching build target platform(24) subTarget(0) extendedPlatform(0) -> platform(13) subTarget(537395200) extendedPlatform(0)
Refreshing native plugins compatible for Editor in 1,38 ms, found 1 plugins.
Preloading 0 native plugins for Editor in 0,00 ms.
Unloading 1825 Unused Serialized files (Serialized files now loaded: 0)
System memory in use before: 81,7 MB.
System memory in use after: 81,7 MB.

Unloading 12 unused Assets to reduce memory usage. Loaded Objects now: 2397.
Total: 10,454015 ms (FindLiveObjects: 0,637278 ms CreateObjectMapping: 0,131259 ms MarkObjects: 9,358619 ms  DeleteObjects: 0,321568 ms)

AssetImportParameters requested are different than current active one (requested -> active):
  custom:graphics/normal-map-encoding: 01000000000000000000000000000000 -> 02000000000000000000000000000000
========================================================================
Received Prepare
Registering precompiled user dll's ...
Registered in 0,001664 seconds.
Begin MonoManager ReloadAssembly
Native extension for LinuxStandalone target not found
Native extension for WebGL target not found
Refreshing native plugins compatible for Editor in 0,89 ms, found 1 plugins.
Preloading 0 native plugins for Editor in 0,00 ms.
Mono: successfully reloaded assembly
- Completed reload, in  2,717 seconds
Platform modules already initialized, skipping
Switching build target platform(24) subTarget(0) extendedPlatform(0) -> platform(13) subTarget(537395200) extendedPlatform(0)
Refreshing native plugins compatible for Editor in 0,65 ms, found 1 plugins.
Preloading 0 native plugins for Editor in 0,00 ms.
Unloading 1825 Unused Serialized files (Serialized files now loaded: 0)
System memory in use before: 81,7 MB.
System memory in use after: 81,7 MB.

Unloading 12 unused Assets to reduce memory usage. Loaded Objects now: 2401.
Total: 8,655153 ms (FindLiveObjects: 0,642835 ms CreateObjectMapping: 0,139476 ms MarkObjects: 7,478971 ms  DeleteObjects: 0,389646 ms)

AssetImportParameters requested are different than current active one (requested -> active):
  custom:graphics/normal-map-encoding: 01000000000000000000000000000000 -> 02000000000000000000000000000000
========================================================================
Received Prepare
Registering precompiled user dll's ...
Registered in 0,001859 seconds.
Begin MonoManager ReloadAssembly
Native extension for LinuxStandalone target not found
Native extension for WebGL target not found
Refreshing native plugins compatible for Editor in 0,83 ms, found 1 plugins.
Preloading 0 native plugins for Editor in 0,00 ms.
Mono: successfully reloaded assembly
- Completed reload, in  2,663 seconds
Platform modules already initialized, skipping
Switching build target platform(24) subTarget(0) extendedPlatform(0) -> platform(13) subTarget(537395200) extendedPlatform(0)
Refreshing native plugins compatible for Editor in 0,83 ms, found 1 plugins.
Preloading 0 native plugins for Editor in 0,00 ms.
Unloading 1825 Unused Serialized files (Serialized files now loaded: 0)
System memory in use before: 81,8 MB.
System memory in use after: 81,7 MB.

Unloading 12 unused Assets to reduce memory usage. Loaded Objects now: 2405.
Total: 9,679988 ms (FindLiveObjects: 0,645422 ms CreateObjectMapping: 0,132990 ms MarkObjects: 8,578110 ms  DeleteObjects: 0,318645 ms)

AssetImportParameters requested are different than current active one (requested -> active):
  custom:graphics/normal-map-encoding: 01000000000000000000000000000000 -> 02000000000000000000000000000000
========================================================================
Received Prepare
Registering precompiled user dll's ...
Registered in 0,001733 seconds.
Begin MonoManager ReloadAssembly
Native extension for LinuxStandalone target not found
Native extension for WebGL target not found
Refreshing native plugins compatible for Editor in 0,85 ms, found 1 plugins.
Preloading 0 native plugins for Editor in 0,00 ms.
Mono: successfully reloaded assembly
- Completed reload, in  2,894 seconds
Platform modules already initialized, skipping
Switching build target platform(24) subTarget(0) extendedPlatform(0) -> platform(13) subTarget(537395200) extendedPlatform(0)
Refreshing native plugins compatible for Editor in 0,86 ms, found 1 plugins.
Preloading 0 native plugins for Editor in 0,00 ms.
Unloading 1825 Unused Serialized files (Serialized files now loaded: 0)
System memory in use before: 81,8 MB.
System memory in use after: 81,8 MB.

Unloading 12 unused Assets to reduce memory usage. Loaded Objects now: 2409.
Total: 9,722920 ms (FindLiveObjects: 0,647379 ms CreateObjectMapping: 0,134058 ms MarkObjects: 8,635261 ms  DeleteObjects: 0,302986 ms)

AssetImportParameters requested are different than current active one (requested -> active):
  custom:graphics/normal-map-encoding: 01000000000000000000000000000000 -> 02000000000000000000000000000000
========================================================================
Received Prepare
Registering precompiled user dll's ...
Registered in 0,001849 seconds.
Begin MonoManager ReloadAssembly
Native extension for LinuxStandalone target not found
Native extension for WebGL target not found
Refreshing native plugins compatible for Editor in 0,98 ms, found 1 plugins.
Preloading 0 native plugins for Editor in 0,00 ms.
Mono: successfully reloaded assembly
- Completed reload, in  2,726 seconds
Platform modules already initialized, skipping
Switching build target platform(24) subTarget(0) extendedPlatform(0) -> platform(13) subTarget(537395200) extendedPlatform(0)
Refreshing native plugins compatible for Editor in 1,06 ms, found 1 plugins.
Preloading 0 native plugins for Editor in 0,00 ms.
Unloading 1825 Unused Serialized files (Serialized files now loaded: 0)
System memory in use before: 81,8 MB.
System memory in use after: 81,8 MB.

Unloading 12 unused Assets to reduce memory usage. Loaded Objects now: 2413.
Total: 8,773190 ms (FindLiveObjects: 0,565972 ms CreateObjectMapping: 0,105066 ms MarkObjects: 7,814288 ms  DeleteObjects: 0,284851 ms)

AssetImportParameters requested are different than current active one (requested -> active):
  custom:graphics/normal-map-encoding: 01000000000000000000000000000000 -> 02000000000000000000000000000000
========================================================================
Received Prepare
Registering precompiled user dll's ...
Registered in 0,002155 seconds.
Begin MonoManager ReloadAssembly
Native extension for LinuxStandalone target not found
Native extension for WebGL target not found
Refreshing native plugins compatible for Editor in 0,88 ms, found 1 plugins.
Preloading 0 native plugins for Editor in 0,00 ms.
Mono: successfully reloaded assembly
- Completed reload, in  2,679 seconds
Platform modules already initialized, skipping
Switching build target platform(24) subTarget(0) extendedPlatform(0) -> platform(13) subTarget(537395200) extendedPlatform(0)
Refreshing native plugins compatible for Editor in 0,83 ms, found 1 plugins.
Preloading 0 native plugins for Editor in 0,00 ms.
Unloading 1825 Unused Serialized files (Serialized files now loaded: 0)
System memory in use before: 81,8 MB.
System memory in use after: 81,8 MB.

Unloading 12 unused Assets to reduce memory usage. Loaded Objects now: 2417.
Total: 6,867512 ms (FindLiveObjects: 0,627126 ms CreateObjectMapping: 0,125002 ms MarkObjects: 5,792492 ms  DeleteObjects: 0,318736 ms)

AssetImportParameters requested are different than current active one (requested -> active):
  custom:graphics/normal-map-encoding: 01000000000000000000000000000000 -> 02000000000000000000000000000000
========================================================================
Received Prepare
Registering precompiled user dll's ...
Registered in 0,001935 seconds.
Begin MonoManager ReloadAssembly
Native extension for LinuxStandalone target not found
Native extension for WebGL target not found
Refreshing native plugins compatible for Editor in 0,86 ms, found 1 plugins.
Preloading 0 native plugins for Editor in 0,00 ms.
Mono: successfully reloaded assembly
- Completed reload, in  2,683 seconds
Platform modules already initialized, skipping
Switching build target platform(24) subTarget(0) extendedPlatform(0) -> platform(13) subTarget(537395200) extendedPlatform(0)
Refreshing native plugins compatible for Editor in 0,82 ms, found 1 plugins.
Preloading 0 native plugins for Editor in 0,00 ms.
Unloading 1825 Unused Serialized files (Serialized files now loaded: 0)
System memory in use before: 81,8 MB.
System memory in use after: 81,8 MB.

Unloading 12 unused Assets to reduce memory usage. Loaded Objects now: 2421.
Total: 7,381939 ms (FindLiveObjects: 0,629256 ms CreateObjectMapping: 0,131143 ms MarkObjects: 6,355343 ms  DeleteObjects: 0,261636 ms)

AssetImportParameters requested are different than current active one (requested -> active):
  custom:graphics/normal-map-encoding: 01000000000000000000000000000000 -> 02000000000000000000000000000000
========================================================================
Received Prepare
Registering precompiled user dll's ...
Registered in 0,001918 seconds.
Begin MonoManager ReloadAssembly
Native extension for LinuxStandalone target not found
Native extension for WebGL target not found
Refreshing native plugins compatible for Editor in 0,93 ms, found 1 plugins.
Preloading 0 native plugins for Editor in 0,00 ms.
Mono: successfully reloaded assembly
- Completed reload, in  2,642 seconds
Platform modules already initialized, skipping
Switching build target platform(24) subTarget(0) extendedPlatform(0) -> platform(13) subTarget(537395200) extendedPlatform(0)
Refreshing native plugins compatible for Editor in 0,83 ms, found 1 plugins.
Preloading 0 native plugins for Editor in 0,00 ms.
Unloading 1825 Unused Serialized files (Serialized files now loaded: 0)
System memory in use before: 81,8 MB.
System memory in use after: 81,8 MB.

Unloading 12 unused Assets to reduce memory usage. Loaded Objects now: 2425.
Total: 17,230510 ms (FindLiveObjects: 0,639616 ms CreateObjectMapping: 0,118007 ms MarkObjects: 16,165207 ms  DeleteObjects: 0,303461 ms)

AssetImportParameters requested are different than current active one (requested -> active):
  custom:graphics/normal-map-encoding: 01000000000000000000000000000000 -> 02000000000000000000000000000000
========================================================================
Received Import Request.
  Time since last request: 2427,155421 seconds.
  path: ProjectSettings/TagManager.asset
  artifactKey: Guid(00000000000000003000000000000000) Importer(815301076,1909f56bfc062723c751e8b465ee728b)
Start importing ProjectSettings/TagManager.asset using Guid(00000000000000003000000000000000) Importer(815301076,1909f56bfc062723c751e8b465ee728b)  -> (artifact id: '1c22cb0ac1ace73e1971e9922ae3d835') in 0,059612 seconds
  Import took 0,068940 seconds .

========================================================================
Received Import Request.
  Time since last request: 23,838075 seconds.
  path: Assets/Project/Prefabs/Building.prefab
  artifactKey: Guid(2ae2468adb9f6a5389c50b1ba9b8baae) Importer(815301076,1909f56bfc062723c751e8b465ee728b)
Start importing Assets/Project/Prefabs/Building.prefab using Guid(2ae2468adb9f6a5389c50b1ba9b8baae) Importer(815301076,1909f56bfc062723c751e8b465ee728b)  -> (artifact id: '6fdf441af3e0995bd690bffebb451eb7') in 0,138544 seconds
  Import took 0,145407 seconds .

========================================================================
Received Prepare
Registering precompiled user dll's ...
Registered in 0,001565 seconds.
Begin MonoManager ReloadAssembly
Native extension for LinuxStandalone target not found
Native extension for WebGL target not found
Refreshing native plugins compatible for Editor in 0,81 ms, found 1 plugins.
Preloading 0 native plugins for Editor in 0,00 ms.
Mono: successfully reloaded assembly
- Completed reload, in  2,602 seconds
Platform modules already initialized, skipping
Switching build target platform(24) subTarget(0) extendedPlatform(0) -> platform(13) subTarget(537395200) extendedPlatform(0)
Refreshing native plugins compatible for Editor in 0,80 ms, found 1 plugins.
Preloading 0 native plugins for Editor in 0,00 ms.
Unloading 1825 Unused Serialized files (Serialized files now loaded: 0)
System memory in use before: 81,8 MB.
System memory in use after: 81,8 MB.

Unloading 13 unused Assets to reduce memory usage. Loaded Objects now: 2430.
Total: 7,712106 ms (FindLiveObjects: 0,674747 ms CreateObjectMapping: 0,124515 ms MarkObjects: 6,552426 ms  DeleteObjects: 0,356416 ms)

AssetImportParameters requested are different than current active one (requested -> active):
  custom:graphics/normal-map-encoding: 01000000000000000000000000000000 -> 02000000000000000000000000000000
========================================================================
Received Prepare
Registering precompiled user dll's ...
Registered in 0,001833 seconds.
Begin MonoManager ReloadAssembly
Native extension for LinuxStandalone target not found
Native extension for WebGL target not found
Refreshing native plugins compatible for Editor in 0,84 ms, found 1 plugins.
Preloading 0 native plugins for Editor in 0,00 ms.
Mono: successfully reloaded assembly
- Completed reload, in  2,593 seconds
Platform modules already initialized, skipping
Switching build target platform(24) subTarget(0) extendedPlatform(0) -> platform(13) subTarget(537395200) extendedPlatform(0)
Refreshing native plugins compatible for Editor in 0,72 ms, found 1 plugins.
Preloading 0 native plugins for Editor in 0,00 ms.
Unloading 1825 Unused Serialized files (Serialized files now loaded: 0)
System memory in use before: 81,8 MB.
System memory in use after: 81,8 MB.

Unloading 12 unused Assets to reduce memory usage. Loaded Objects now: 2434.
Total: 6,382058 ms (FindLiveObjects: 0,605771 ms CreateObjectMapping: 0,109563 ms MarkObjects: 5,352028 ms  DeleteObjects: 0,311367 ms)

AssetImportParameters requested are different than current active one (requested -> active):
  custom:graphics/normal-map-encoding: 01000000000000000000000000000000 -> 02000000000000000000000000000000
========================================================================
Received Prepare
Registering precompiled user dll's ...
Registered in 0,005294 seconds.
Begin MonoManager ReloadAssembly
Native extension for LinuxStandalone target not found
Native extension for WebGL target not found
Refreshing native plugins compatible for Editor in 0,85 ms, found 1 plugins.
Preloading 0 native plugins for Editor in 0,00 ms.
Mono: successfully reloaded assembly
- Completed reload, in  2,480 seconds
Platform modules already initialized, skipping
Switching build target platform(24) subTarget(0) extendedPlatform(0) -> platform(13) subTarget(537395200) extendedPlatform(0)
Refreshing native plugins compatible for Editor in 0,83 ms, found 1 plugins.
Preloading 0 native plugins for Editor in 0,00 ms.
Unloading 1825 Unused Serialized files (Serialized files now loaded: 0)
System memory in use before: 81,8 MB.
System memory in use after: 81,8 MB.

Unloading 12 unused Assets to reduce memory usage. Loaded Objects now: 2438.
Total: 9,429661 ms (FindLiveObjects: 0,626147 ms CreateObjectMapping: 0,127318 ms MarkObjects: 8,354177 ms  DeleteObjects: 0,317729 ms)

AssetImportParameters requested are different than current active one (requested -> active):
  custom:graphics/normal-map-encoding: 01000000000000000000000000000000 -> 02000000000000000000000000000000
========================================================================
Received Prepare
Registering precompiled user dll's ...
Registered in 0,001848 seconds.
Begin MonoManager ReloadAssembly
Native extension for LinuxStandalone target not found
Native extension for WebGL target not found
Refreshing native plugins compatible for Editor in 0,82 ms, found 1 plugins.
Preloading 0 native plugins for Editor in 0,00 ms.
Mono: successfully reloaded assembly
- Completed reload, in  2,689 seconds
Platform modules already initialized, skipping
Switching build target platform(24) subTarget(0) extendedPlatform(0) -> platform(13) subTarget(537395200) extendedPlatform(0)
Refreshing native plugins compatible for Editor in 4,61 ms, found 1 plugins.
Preloading 0 native plugins for Editor in 0,00 ms.
Unloading 1825 Unused Serialized files (Serialized files now loaded: 0)
System memory in use before: 81,8 MB.
System memory in use after: 81,8 MB.

Unloading 12 unused Assets to reduce memory usage. Loaded Objects now: 2442.
Total: 6,518747 ms (FindLiveObjects: 0,637320 ms CreateObjectMapping: 0,116518 ms MarkObjects: 5,445205 ms  DeleteObjects: 0,314752 ms)

AssetImportParameters requested are different than current active one (requested -> active):
  custom:graphics/normal-map-encoding: 01000000000000000000000000000000 -> 02000000000000000000000000000000
========================================================================
Received Prepare
Registering precompiled user dll's ...
Registered in 0,001762 seconds.
Begin MonoManager ReloadAssembly
Native extension for LinuxStandalone target not found
Native extension for WebGL target not found
Refreshing native plugins compatible for Editor in 0,84 ms, found 1 plugins.
Preloading 0 native plugins for Editor in 0,00 ms.
Mono: successfully reloaded assembly
- Completed reload, in  2,500 seconds
Platform modules already initialized, skipping
Switching build target platform(24) subTarget(0) extendedPlatform(0) -> platform(13) subTarget(537395200) extendedPlatform(0)
Refreshing native plugins compatible for Editor in 0,71 ms, found 1 plugins.
Preloading 0 native plugins for Editor in 0,00 ms.
Unloading 1825 Unused Serialized files (Serialized files now loaded: 0)
System memory in use before: 81,8 MB.
System memory in use after: 81,8 MB.

Unloading 12 unused Assets to reduce memory usage. Loaded Objects now: 2446.
Total: 6,857770 ms (FindLiveObjects: 0,626298 ms CreateObjectMapping: 0,107765 ms MarkObjects: 5,820884 ms  DeleteObjects: 0,297745 ms)

AssetImportParameters requested are different than current active one (requested -> active):
  custom:graphics/normal-map-encoding: 01000000000000000000000000000000 -> 02000000000000000000000000000000
========================================================================
Received Prepare
Registering precompiled user dll's ...
Registered in 0,001851 seconds.
Begin MonoManager ReloadAssembly
Native extension for LinuxStandalone target not found
Native extension for WebGL target not found
Refreshing native plugins compatible for Editor in 0,85 ms, found 1 plugins.
Preloading 0 native plugins for Editor in 0,00 ms.
Mono: successfully reloaded assembly
- Completed reload, in  2,706 seconds
Platform modules already initialized, skipping
Switching build target platform(24) subTarget(0) extendedPlatform(0) -> platform(13) subTarget(537395200) extendedPlatform(0)
Refreshing native plugins compatible for Editor in 0,84 ms, found 1 plugins.
Preloading 0 native plugins for Editor in 0,00 ms.
Unloading 1825 Unused Serialized files (Serialized files now loaded: 0)
System memory in use before: 81,8 MB.
System memory in use after: 81,8 MB.

Unloading 12 unused Assets to reduce memory usage. Loaded Objects now: 2450.
Total: 6,258273 ms (FindLiveObjects: 0,424846 ms CreateObjectMapping: 0,099811 ms MarkObjects: 5,500565 ms  DeleteObjects: 0,229564 ms)

AssetImportParameters requested are different than current active one (requested -> active):
  custom:graphics/normal-map-encoding: 01000000000000000000000000000000 -> 02000000000000000000000000000000
========================================================================
Received Prepare
Registering precompiled user dll's ...
Registered in 0,001707 seconds.
Begin MonoManager ReloadAssembly
Native extension for LinuxStandalone target not found
Native extension for WebGL target not found
Refreshing native plugins compatible for Editor in 0,97 ms, found 1 plugins.
Preloading 0 native plugins for Editor in 0,00 ms.
Mono: successfully reloaded assembly
- Completed reload, in  2,144 seconds
Platform modules already initialized, skipping
Switching build target platform(24) subTarget(0) extendedPlatform(0) -> platform(13) subTarget(537395200) extendedPlatform(0)
Refreshing native plugins compatible for Editor in 0,66 ms, found 1 plugins.
Preloading 0 native plugins for Editor in 0,00 ms.
Unloading 1825 Unused Serialized files (Serialized files now loaded: 0)
System memory in use before: 81,9 MB.
System memory in use after: 81,8 MB.

Unloading 12 unused Assets to reduce memory usage. Loaded Objects now: 2454.
Total: 19,749916 ms (FindLiveObjects: 0,606537 ms CreateObjectMapping: 0,115584 ms MarkObjects: 18,690905 ms  DeleteObjects: 0,332436 ms)

AssetImportParameters requested are different than current active one (requested -> active):
  custom:graphics/normal-map-encoding: 01000000000000000000000000000000 -> 02000000000000000000000000000000
========================================================================
Received Prepare
Registering precompiled user dll's ...
Registered in 0,001671 seconds.
Begin MonoManager ReloadAssembly
Native extension for LinuxStandalone target not found
Native extension for WebGL target not found
Refreshing native plugins compatible for Editor in 0,68 ms, found 1 plugins.
Preloading 0 native plugins for Editor in 0,00 ms.
Mono: successfully reloaded assembly
- Completed reload, in  2,001 seconds
Platform modules already initialized, skipping
Switching build target platform(24) subTarget(0) extendedPlatform(0) -> platform(13) subTarget(537395200) extendedPlatform(0)
Refreshing native plugins compatible for Editor in 0,79 ms, found 1 plugins.
Preloading 0 native plugins for Editor in 0,00 ms.
Unloading 1825 Unused Serialized files (Serialized files now loaded: 0)
System memory in use before: 81,9 MB.
System memory in use after: 81,9 MB.

Unloading 12 unused Assets to reduce memory usage. Loaded Objects now: 2458.
Total: 6,580062 ms (FindLiveObjects: 0,605894 ms CreateObjectMapping: 0,122620 ms MarkObjects: 5,538061 ms  DeleteObjects: 0,310143 ms)

AssetImportParameters requested are different than current active one (requested -> active):
  custom:graphics/normal-map-encoding: 01000000000000000000000000000000 -> 02000000000000000000000000000000
========================================================================
Received Prepare
Registering precompiled user dll's ...
Registered in 0,001818 seconds.
Begin MonoManager ReloadAssembly
Native extension for LinuxStandalone target not found
Native extension for WebGL target not found
Refreshing native plugins compatible for Editor in 0,78 ms, found 1 plugins.
Preloading 0 native plugins for Editor in 0,00 ms.
Mono: successfully reloaded assembly
- Completed reload, in  2,050 seconds
Platform modules already initialized, skipping
Switching build target platform(24) subTarget(0) extendedPlatform(0) -> platform(13) subTarget(537395200) extendedPlatform(0)
Refreshing native plugins compatible for Editor in 0,79 ms, found 1 plugins.
Preloading 0 native plugins for Editor in 0,00 ms.
Unloading 1825 Unused Serialized files (Serialized files now loaded: 0)
System memory in use before: 81,9 MB.
System memory in use after: 81,9 MB.

Unloading 12 unused Assets to reduce memory usage. Loaded Objects now: 2462.
Total: 5,627916 ms (FindLiveObjects: 0,568492 ms CreateObjectMapping: 0,103970 ms MarkObjects: 4,699990 ms  DeleteObjects: 0,252771 ms)

AssetImportParameters requested are different than current active one (requested -> active):
  custom:graphics/normal-map-encoding: 01000000000000000000000000000000 -> 02000000000000000000000000000000
========================================================================
Received Prepare
Registering precompiled user dll's ...
Registered in 0,001736 seconds.
Begin MonoManager ReloadAssembly
Native extension for LinuxStandalone target not found
Native extension for WebGL target not found
Refreshing native plugins compatible for Editor in 0,85 ms, found 1 plugins.
Preloading 0 native plugins for Editor in 0,00 ms.
Mono: successfully reloaded assembly
- Completed reload, in  2,653 seconds
Platform modules already initialized, skipping
Switching build target platform(24) subTarget(0) extendedPlatform(0) -> platform(13) subTarget(537395200) extendedPlatform(0)
Refreshing native plugins compatible for Editor in 0,80 ms, found 1 plugins.
Preloading 0 native plugins for Editor in 0,00 ms.
Unloading 1825 Unused Serialized files (Serialized files now loaded: 0)
System memory in use before: 81,9 MB.
System memory in use after: 81,9 MB.

Unloading 12 unused Assets to reduce memory usage. Loaded Objects now: 2466.
Total: 12,245004 ms (FindLiveObjects: 0,655982 ms CreateObjectMapping: 0,137336 ms MarkObjects: 11,117831 ms  DeleteObjects: 0,329442 ms)

AssetImportParameters requested are different than current active one (requested -> active):
  custom:graphics/normal-map-encoding: 01000000000000000000000000000000 -> 02000000000000000000000000000000
========================================================================
Received Prepare
Registering precompiled user dll's ...
Registered in 0,001671 seconds.
Begin MonoManager ReloadAssembly
Native extension for LinuxStandalone target not found
Native extension for WebGL target not found
Refreshing native plugins compatible for Editor in 0,65 ms, found 1 plugins.
Preloading 0 native plugins for Editor in 0,00 ms.
Mono: successfully reloaded assembly
- Completed reload, in  2,386 seconds
Platform modules already initialized, skipping
Switching build target platform(24) subTarget(0) extendedPlatform(0) -> platform(13) subTarget(537395200) extendedPlatform(0)
Refreshing native plugins compatible for Editor in 0,81 ms, found 1 plugins.
Preloading 0 native plugins for Editor in 0,00 ms.
Unloading 1825 Unused Serialized files (Serialized files now loaded: 0)
System memory in use before: 81,9 MB.
System memory in use after: 81,9 MB.

Unloading 12 unused Assets to reduce memory usage. Loaded Objects now: 2470.
Total: 7,014003 ms (FindLiveObjects: 0,609302 ms CreateObjectMapping: 0,114529 ms MarkObjects: 5,989516 ms  DeleteObjects: 0,297326 ms)

AssetImportParameters requested are different than current active one (requested -> active):
  custom:graphics/normal-map-encoding: 01000000000000000000000000000000 -> 02000000000000000000000000000000
========================================================================
Received Prepare
Registering precompiled user dll's ...
Registered in 0,001308 seconds.
Begin MonoManager ReloadAssembly
Native extension for LinuxStandalone target not found
Native extension for WebGL target not found
Refreshing native plugins compatible for Editor in 0,84 ms, found 1 plugins.
Preloading 0 native plugins for Editor in 0,00 ms.
Mono: successfully reloaded assembly
- Completed reload, in  2,171 seconds
Platform modules already initialized, skipping
Switching build target platform(24) subTarget(0) extendedPlatform(0) -> platform(13) subTarget(537395200) extendedPlatform(0)
Refreshing native plugins compatible for Editor in 0,67 ms, found 1 plugins.
Preloading 0 native plugins for Editor in 0,00 ms.
Unloading 1825 Unused Serialized files (Serialized files now loaded: 0)
System memory in use before: 81,9 MB.
System memory in use after: 81,9 MB.

Unloading 12 unused Assets to reduce memory usage. Loaded Objects now: 2474.
Total: 4,671931 ms (FindLiveObjects: 0,359364 ms CreateObjectMapping: 0,099340 ms MarkObjects: 3,920396 ms  DeleteObjects: 0,289979 ms)

AssetImportParameters requested are different than current active one (requested -> active):
  custom:graphics/normal-map-encoding: 01000000000000000000000000000000 -> 02000000000000000000000000000000
========================================================================
Received Prepare
Registering precompiled user dll's ...
Registered in 0,001465 seconds.
Begin MonoManager ReloadAssembly
Native extension for LinuxStandalone target not found
Native extension for WebGL target not found
Refreshing native plugins compatible for Editor in 0,69 ms, found 1 plugins.
Preloading 0 native plugins for Editor in 0,00 ms.
Mono: successfully reloaded assembly
- Completed reload, in  2,174 seconds
Platform modules already initialized, skipping
Switching build target platform(24) subTarget(0) extendedPlatform(0) -> platform(13) subTarget(537395200) extendedPlatform(0)
Refreshing native plugins compatible for Editor in 0,64 ms, found 1 plugins.
Preloading 0 native plugins for Editor in 0,00 ms.
Unloading 1825 Unused Serialized files (Serialized files now loaded: 0)
System memory in use before: 81,9 MB.
System memory in use after: 81,9 MB.

Unloading 12 unused Assets to reduce memory usage. Loaded Objects now: 2478.
Total: 4,665241 ms (FindLiveObjects: 0,387455 ms CreateObjectMapping: 0,111943 ms MarkObjects: 3,915764 ms  DeleteObjects: 0,247533 ms)

AssetImportParameters requested are different than current active one (requested -> active):
  custom:graphics/normal-map-encoding: 01000000000000000000000000000000 -> 02000000000000000000000000000000
========================================================================
Received Prepare
Registering precompiled user dll's ...
Registered in 0,001863 seconds.
Begin MonoManager ReloadAssembly
Native extension for LinuxStandalone target not found
Native extension for WebGL target not found
Refreshing native plugins compatible for Editor in 0,79 ms, found 1 plugins.
Preloading 0 native plugins for Editor in 0,00 ms.
Mono: successfully reloaded assembly
- Completed reload, in  2,458 seconds
Platform modules already initialized, skipping
Switching build target platform(24) subTarget(0) extendedPlatform(0) -> platform(13) subTarget(537395200) extendedPlatform(0)
Refreshing native plugins compatible for Editor in 0,63 ms, found 1 plugins.
Preloading 0 native plugins for Editor in 0,00 ms.
Unloading 1825 Unused Serialized files (Serialized files now loaded: 0)
System memory in use before: 81,9 MB.
System memory in use after: 81,9 MB.

Unloading 12 unused Assets to reduce memory usage. Loaded Objects now: 2482.
Total: 12,150786 ms (FindLiveObjects: 0,535788 ms CreateObjectMapping: 0,102381 ms MarkObjects: 11,191808 ms  DeleteObjects: 0,317219 ms)

AssetImportParameters requested are different than current active one (requested -> active):
  custom:graphics/normal-map-encoding: 01000000000000000000000000000000 -> 02000000000000000000000000000000
========================================================================
Received Prepare
Registering precompiled user dll's ...
Registered in 0,001853 seconds.
Begin MonoManager ReloadAssembly
Native extension for LinuxStandalone target not found
Native extension for WebGL target not found
Refreshing native plugins compatible for Editor in 0,68 ms, found 1 plugins.
Preloading 0 native plugins for Editor in 0,00 ms.
Mono: successfully reloaded assembly
- Completed reload, in  2,287 seconds
Platform modules already initialized, skipping
Switching build target platform(24) subTarget(0) extendedPlatform(0) -> platform(13) subTarget(537395200) extendedPlatform(0)
Refreshing native plugins compatible for Editor in 1,19 ms, found 1 plugins.
Preloading 0 native plugins for Editor in 0,00 ms.
Unloading 1825 Unused Serialized files (Serialized files now loaded: 0)
System memory in use before: 81,9 MB.
System memory in use after: 81,9 MB.

Unloading 12 unused Assets to reduce memory usage. Loaded Objects now: 2486.
Total: 5,786376 ms (FindLiveObjects: 0,629117 ms CreateObjectMapping: 0,106113 ms MarkObjects: 4,772551 ms  DeleteObjects: 0,275967 ms)

AssetImportParameters requested are different than current active one (requested -> active):
  custom:graphics/normal-map-encoding: 01000000000000000000000000000000 -> 02000000000000000000000000000000
========================================================================
Received Prepare
Registering precompiled user dll's ...
Registered in 0,001375 seconds.
Begin MonoManager ReloadAssembly
Native extension for LinuxStandalone target not found
Native extension for WebGL target not found
Refreshing native plugins compatible for Editor in 0,64 ms, found 1 plugins.
Preloading 0 native plugins for Editor in 0,00 ms.
Mono: successfully reloaded assembly
- Completed reload, in  2,302 seconds
Platform modules already initialized, skipping
Switching build target platform(24) subTarget(0) extendedPlatform(0) -> platform(13) subTarget(537395200) extendedPlatform(0)
Refreshing native plugins compatible for Editor in 0,79 ms, found 1 plugins.
Preloading 0 native plugins for Editor in 0,00 ms.
Unloading 1825 Unused Serialized files (Serialized files now loaded: 0)
System memory in use before: 81,9 MB.
System memory in use after: 81,9 MB.

Unloading 12 unused Assets to reduce memory usage. Loaded Objects now: 2490.
Total: 13,891635 ms (FindLiveObjects: 0,844567 ms CreateObjectMapping: 0,131006 ms MarkObjects: 12,620626 ms  DeleteObjects: 0,291907 ms)

AssetImportParameters requested are different than current active one (requested -> active):
  custom:graphics/normal-map-encoding: 01000000000000000000000000000000 -> 02000000000000000000000000000000
========================================================================
Received Import Request.
  Time since last request: 1028,578853 seconds.
  path: Assets/Project/Prefabs/Building.prefab
  artifactKey: Guid(2ae2468adb9f6a5389c50b1ba9b8baae) Importer(815301076,1909f56bfc062723c751e8b465ee728b)
Start importing Assets/Project/Prefabs/Building.prefab using Guid(2ae2468adb9f6a5389c50b1ba9b8baae) Importer(815301076,1909f56bfc062723c751e8b465ee728b)  -> (artifact id: '4b96a85a3759bb1a2b095ead3b771fd1') in 0,113977 seconds
  Import took 0,119265 seconds .

========================================================================
Received Prepare
Registering precompiled user dll's ...
Registered in 0,001307 seconds.
Begin MonoManager ReloadAssembly
Native extension for LinuxStandalone target not found
Native extension for WebGL target not found
Refreshing native plugins compatible for Editor in 0,84 ms, found 1 plugins.
Preloading 0 native plugins for Editor in 0,00 ms.
Mono: successfully reloaded assembly
- Completed reload, in  2,520 seconds
Platform modules already initialized, skipping
Switching build target platform(24) subTarget(0) extendedPlatform(0) -> platform(13) subTarget(537395200) extendedPlatform(0)
Refreshing native plugins compatible for Editor in 0,66 ms, found 1 plugins.
Preloading 0 native plugins for Editor in 0,00 ms.
Unloading 1825 Unused Serialized files (Serialized files now loaded: 0)
System memory in use before: 81,9 MB.
System memory in use after: 81,9 MB.

Unloading 12 unused Assets to reduce memory usage. Loaded Objects now: 2495.
Total: 6,684155 ms (FindLiveObjects: 0,376683 ms CreateObjectMapping: 0,104753 ms MarkObjects: 5,953312 ms  DeleteObjects: 0,246263 ms)

AssetImportParameters requested are different than current active one (requested -> active):
  custom:graphics/normal-map-encoding: 01000000000000000000000000000000 -> 02000000000000000000000000000000
========================================================================
Received Prepare
Registering precompiled user dll's ...
Registered in 0,001785 seconds.
Begin MonoManager ReloadAssembly
Native extension for LinuxStandalone target not found
Native extension for WebGL target not found
Refreshing native plugins compatible for Editor in 1,04 ms, found 1 plugins.
Preloading 0 native plugins for Editor in 0,00 ms.
Mono: successfully reloaded assembly
- Completed reload, in  2,485 seconds
Platform modules already initialized, skipping
Switching build target platform(24) subTarget(0) extendedPlatform(0) -> platform(13) subTarget(537395200) extendedPlatform(0)
Refreshing native plugins compatible for Editor in 0,82 ms, found 1 plugins.
Preloading 0 native plugins for Editor in 0,00 ms.
Unloading 1825 Unused Serialized files (Serialized files now loaded: 0)
System memory in use before: 81,9 MB.
System memory in use after: 81,9 MB.

Unloading 12 unused Assets to reduce memory usage. Loaded Objects now: 2499.
Total: 9,551076 ms (FindLiveObjects: 0,629316 ms CreateObjectMapping: 0,116169 ms MarkObjects: 8,499165 ms  DeleteObjects: 0,302590 ms)

AssetImportParameters requested are different than current active one (requested -> active):
  custom:graphics/normal-map-encoding: 01000000000000000000000000000000 -> 02000000000000000000000000000000
========================================================================
Received Prepare
Registering precompiled user dll's ...
Registered in 0,001815 seconds.
Begin MonoManager ReloadAssembly
Native extension for LinuxStandalone target not found
Native extension for WebGL target not found
Refreshing native plugins compatible for Editor in 0,82 ms, found 1 plugins.
Preloading 0 native plugins for Editor in 0,00 ms.
Mono: successfully reloaded assembly
- Completed reload, in  2,804 seconds
Platform modules already initialized, skipping
Switching build target platform(24) subTarget(0) extendedPlatform(0) -> platform(13) subTarget(537395200) extendedPlatform(0)
Refreshing native plugins compatible for Editor in 1,33 ms, found 1 plugins.
Preloading 0 native plugins for Editor in 0,00 ms.
Unloading 1825 Unused Serialized files (Serialized files now loaded: 0)
System memory in use before: 81,9 MB.
System memory in use after: 81,9 MB.

Unloading 12 unused Assets to reduce memory usage. Loaded Objects now: 2503.
Total: 7,006010 ms (FindLiveObjects: 0,658575 ms CreateObjectMapping: 0,140362 ms MarkObjects: 5,859944 ms  DeleteObjects: 0,342611 ms)

AssetImportParameters requested are different than current active one (requested -> active):
  custom:graphics/normal-map-encoding: 01000000000000000000000000000000 -> 02000000000000000000000000000000
========================================================================
Received Prepare
Registering precompiled user dll's ...
Registered in 0,001784 seconds.
Begin MonoManager ReloadAssembly
Native extension for LinuxStandalone target not found
Native extension for WebGL target not found
Refreshing native plugins compatible for Editor in 0,85 ms, found 1 plugins.
Preloading 0 native plugins for Editor in 0,00 ms.
Mono: successfully reloaded assembly
- Completed reload, in  2,966 seconds
Platform modules already initialized, skipping
Switching build target platform(24) subTarget(0) extendedPlatform(0) -> platform(13) subTarget(537395200) extendedPlatform(0)
Refreshing native plugins compatible for Editor in 0,67 ms, found 1 plugins.
Preloading 0 native plugins for Editor in 0,00 ms.
Unloading 1825 Unused Serialized files (Serialized files now loaded: 0)
System memory in use before: 81,9 MB.
System memory in use after: 81,9 MB.

Unloading 12 unused Assets to reduce memory usage. Loaded Objects now: 2507.
Total: 4,851570 ms (FindLiveObjects: 0,406351 ms CreateObjectMapping: 0,100939 ms MarkObjects: 4,090891 ms  DeleteObjects: 0,249158 ms)

AssetImportParameters requested are different than current active one (requested -> active):
  custom:graphics/normal-map-encoding: 01000000000000000000000000000000 -> 02000000000000000000000000000000
========================================================================
Received Prepare
Registering precompiled user dll's ...
Registered in 0,001886 seconds.
Begin MonoManager ReloadAssembly
Native extension for LinuxStandalone target not found
Native extension for WebGL target not found
Refreshing native plugins compatible for Editor in 0,65 ms, found 1 plugins.
Preloading 0 native plugins for Editor in 0,00 ms.
Mono: successfully reloaded assembly
- Completed reload, in  2,149 seconds
Platform modules already initialized, skipping
Switching build target platform(24) subTarget(0) extendedPlatform(0) -> platform(13) subTarget(537395200) extendedPlatform(0)
Refreshing native plugins compatible for Editor in 0,92 ms, found 1 plugins.
Preloading 0 native plugins for Editor in 0,00 ms.
Unloading 1825 Unused Serialized files (Serialized files now loaded: 0)
System memory in use before: 82,0 MB.
System memory in use after: 82,0 MB.

Unloading 12 unused Assets to reduce memory usage. Loaded Objects now: 2511.
Total: 6,292106 ms (FindLiveObjects: 0,363002 ms CreateObjectMapping: 0,098589 ms MarkObjects: 5,437469 ms  DeleteObjects: 0,389139 ms)

AssetImportParameters requested are different than current active one (requested -> active):
  custom:graphics/normal-map-encoding: 01000000000000000000000000000000 -> 02000000000000000000000000000000
========================================================================
Received Prepare
Registering precompiled user dll's ...
Registered in 0,001399 seconds.
Begin MonoManager ReloadAssembly
Native extension for LinuxStandalone target not found
Native extension for WebGL target not found
Refreshing native plugins compatible for Editor in 0,83 ms, found 1 plugins.
Preloading 0 native plugins for Editor in 0,00 ms.
Mono: successfully reloaded assembly
- Completed reload, in  2,749 seconds
Platform modules already initialized, skipping
Switching build target platform(24) subTarget(0) extendedPlatform(0) -> platform(13) subTarget(537395200) extendedPlatform(0)
Refreshing native plugins compatible for Editor in 0,81 ms, found 1 plugins.
Preloading 0 native plugins for Editor in 0,00 ms.
Unloading 1825 Unused Serialized files (Serialized files now loaded: 0)
System memory in use before: 82,0 MB.
System memory in use after: 82,0 MB.

Unloading 12 unused Assets to reduce memory usage. Loaded Objects now: 2515.
Total: 6,054528 ms (FindLiveObjects: 0,640039 ms CreateObjectMapping: 0,120888 ms MarkObjects: 4,997948 ms  DeleteObjects: 0,292338 ms)

AssetImportParameters requested are different than current active one (requested -> active):
  custom:graphics/normal-map-encoding: 01000000000000000000000000000000 -> 02000000000000000000000000000000
========================================================================
Received Import Request.
  Time since last request: 273,296222 seconds.
  path: Assets/Project/Prefabs/Building.prefab
  artifactKey: Guid(2ae2468adb9f6a5389c50b1ba9b8baae) Importer(815301076,1909f56bfc062723c751e8b465ee728b)
Start importing Assets/Project/Prefabs/Building.prefab using Guid(2ae2468adb9f6a5389c50b1ba9b8baae) Importer(815301076,1909f56bfc062723c751e8b465ee728b)  -> (artifact id: 'e31fd722e28f87eef05e375f36b59540') in 0,126893 seconds
  Import took 0,132818 seconds .

========================================================================
Received Import Request.
  Time since last request: 0,020066 seconds.
  path: Assets/Project/Prefabs/Building.prefab
  artifactKey: Guid(2ae2468adb9f6a5389c50b1ba9b8baae) Importer(815301076,1909f56bfc062723c751e8b465ee728b)
Start importing Assets/Project/Prefabs/Building.prefab using Guid(2ae2468adb9f6a5389c50b1ba9b8baae) Importer(815301076,1909f56bfc062723c751e8b465ee728b)  -> (artifact id: 'e31fd722e28f87eef05e375f36b59540') in 0,015905 seconds
  Import took 0,021855 seconds .

========================================================================
Received Import Request.
  Time since last request: 4,266635 seconds.
  path: Assets/Project/Prefabs/Building.prefab
  artifactKey: Guid(2ae2468adb9f6a5389c50b1ba9b8baae) Importer(815301076,1909f56bfc062723c751e8b465ee728b)
Start importing Assets/Project/Prefabs/Building.prefab using Guid(2ae2468adb9f6a5389c50b1ba9b8baae) Importer(815301076,1909f56bfc062723c751e8b465ee728b)  -> (artifact id: 'f6e30dbbed804e2a1486978cbd3340df') in 0,025466 seconds
  Import took 0,031243 seconds .

========================================================================
Received Import Request.
  Time since last request: 9,552400 seconds.
  path: Assets/Project/Prefabs/Building.prefab
  artifactKey: Guid(2ae2468adb9f6a5389c50b1ba9b8baae) Importer(815301076,1909f56bfc062723c751e8b465ee728b)
Start importing Assets/Project/Prefabs/Building.prefab using Guid(2ae2468adb9f6a5389c50b1ba9b8baae) Importer(815301076,1909f56bfc062723c751e8b465ee728b)  -> (artifact id: 'f9613715ed9e96d5901adc5352a0cd34') in 0,017791 seconds
  Import took 0,024340 seconds .

========================================================================
Received Prepare
Registering precompiled user dll's ...
Registered in 0,001765 seconds.
Begin MonoManager ReloadAssembly
Native extension for LinuxStandalone target not found
Native extension for WebGL target not found
Refreshing native plugins compatible for Editor in 0,84 ms, found 1 plugins.
Preloading 0 native plugins for Editor in 0,00 ms.
Mono: successfully reloaded assembly
- Completed reload, in  2,968 seconds
Platform modules already initialized, skipping
Switching build target platform(24) subTarget(0) extendedPlatform(0) -> platform(13) subTarget(537395200) extendedPlatform(0)
Refreshing native plugins compatible for Editor in 0,82 ms, found 1 plugins.
Preloading 0 native plugins for Editor in 0,00 ms.
Unloading 1825 Unused Serialized files (Serialized files now loaded: 0)
System memory in use before: 82,0 MB.
System memory in use after: 82,0 MB.

Unloading 12 unused Assets to reduce memory usage. Loaded Objects now: 2520.
Total: 7,577952 ms (FindLiveObjects: 0,643464 ms CreateObjectMapping: 0,113825 ms MarkObjects: 6,518337 ms  DeleteObjects: 0,297263 ms)

AssetImportParameters requested are different than current active one (requested -> active):
  custom:graphics/normal-map-encoding: 01000000000000000000000000000000 -> 02000000000000000000000000000000
========================================================================
Received Prepare
Registering precompiled user dll's ...
Registered in 0,001773 seconds.
Begin MonoManager ReloadAssembly
Native extension for LinuxStandalone target not found
Native extension for WebGL target not found
Refreshing native plugins compatible for Editor in 0,85 ms, found 1 plugins.
Preloading 0 native plugins for Editor in 0,00 ms.
Mono: successfully reloaded assembly
- Completed reload, in  2,873 seconds
Platform modules already initialized, skipping
Switching build target platform(24) subTarget(0) extendedPlatform(0) -> platform(13) subTarget(537395200) extendedPlatform(0)
Refreshing native plugins compatible for Editor in 0,85 ms, found 1 plugins.
Preloading 0 native plugins for Editor in 0,00 ms.
Unloading 1825 Unused Serialized files (Serialized files now loaded: 0)
System memory in use before: 82,0 MB.
System memory in use after: 82,0 MB.

Unloading 12 unused Assets to reduce memory usage. Loaded Objects now: 2524.
Total: 6,295283 ms (FindLiveObjects: 0,662510 ms CreateObjectMapping: 0,132770 ms MarkObjects: 5,080979 ms  DeleteObjects: 0,415426 ms)

AssetImportParameters requested are different than current active one (requested -> active):
  custom:graphics/normal-map-encoding: 01000000000000000000000000000000 -> 02000000000000000000000000000000
========================================================================
Received Prepare
Registering precompiled user dll's ...
Registered in 0,001716 seconds.
Begin MonoManager ReloadAssembly
Native extension for LinuxStandalone target not found
Native extension for WebGL target not found
Refreshing native plugins compatible for Editor in 0,67 ms, found 1 plugins.
Preloading 0 native plugins for Editor in 0,00 ms.
Mono: successfully reloaded assembly
- Completed reload, in  2,817 seconds
Platform modules already initialized, skipping
Switching build target platform(24) subTarget(0) extendedPlatform(0) -> platform(13) subTarget(537395200) extendedPlatform(0)
Refreshing native plugins compatible for Editor in 0,76 ms, found 1 plugins.
Preloading 0 native plugins for Editor in 0,00 ms.
Unloading 1825 Unused Serialized files (Serialized files now loaded: 0)
System memory in use before: 82,0 MB.
System memory in use after: 82,0 MB.

Unloading 12 unused Assets to reduce memory usage. Loaded Objects now: 2528.
Total: 6,201771 ms (FindLiveObjects: 1,416917 ms CreateObjectMapping: 0,199552 ms MarkObjects: 4,241335 ms  DeleteObjects: 0,340926 ms)

AssetImportParameters requested are different than current active one (requested -> active):
  custom:graphics/normal-map-encoding: 01000000000000000000000000000000 -> 02000000000000000000000000000000
========================================================================
Received Prepare
Registering precompiled user dll's ...
Registered in 0,001701 seconds.
Begin MonoManager ReloadAssembly
Native extension for LinuxStandalone target not found
Native extension for WebGL target not found
Refreshing native plugins compatible for Editor in 0,85 ms, found 1 plugins.
Preloading 0 native plugins for Editor in 0,00 ms.
Mono: successfully reloaded assembly
- Completed reload, in  2,865 seconds
Platform modules already initialized, skipping
Switching build target platform(24) subTarget(0) extendedPlatform(0) -> platform(13) subTarget(537395200) extendedPlatform(0)
Refreshing native plugins compatible for Editor in 0,83 ms, found 1 plugins.
Preloading 0 native plugins for Editor in 0,00 ms.
Unloading 1825 Unused Serialized files (Serialized files now loaded: 0)
System memory in use before: 82,0 MB.
System memory in use after: 82,0 MB.

Unloading 12 unused Assets to reduce memory usage. Loaded Objects now: 2532.
Total: 8,956147 ms (FindLiveObjects: 0,716638 ms CreateObjectMapping: 0,147079 ms MarkObjects: 7,794148 ms  DeleteObjects: 0,294259 ms)

AssetImportParameters requested are different than current active one (requested -> active):
  custom:graphics/normal-map-encoding: 01000000000000000000000000000000 -> 02000000000000000000000000000000
========================================================================
Received Prepare
Registering precompiled user dll's ...
Registered in 0,001822 seconds.
Begin MonoManager ReloadAssembly
Native extension for LinuxStandalone target not found
Native extension for WebGL target not found
Refreshing native plugins compatible for Editor in 0,88 ms, found 1 plugins.
Preloading 0 native plugins for Editor in 0,00 ms.
Mono: successfully reloaded assembly
- Completed reload, in  2,842 seconds
Platform modules already initialized, skipping
Switching build target platform(24) subTarget(0) extendedPlatform(0) -> platform(13) subTarget(537395200) extendedPlatform(0)
Refreshing native plugins compatible for Editor in 0,83 ms, found 1 plugins.
Preloading 0 native plugins for Editor in 0,00 ms.
Unloading 1825 Unused Serialized files (Serialized files now loaded: 0)
System memory in use before: 82,1 MB.
System memory in use after: 82,1 MB.

Unloading 12 unused Assets to reduce memory usage. Loaded Objects now: 2536.
Total: 10,062722 ms (FindLiveObjects: 0,672365 ms CreateObjectMapping: 0,143535 ms MarkObjects: 8,925405 ms  DeleteObjects: 0,317380 ms)

AssetImportParameters requested are different than current active one (requested -> active):
  custom:graphics/normal-map-encoding: 01000000000000000000000000000000 -> 02000000000000000000000000000000
========================================================================
Received Prepare
Registering precompiled user dll's ...
Registered in 0,001779 seconds.
Begin MonoManager ReloadAssembly
Native extension for LinuxStandalone target not found
Native extension for WebGL target not found
Refreshing native plugins compatible for Editor in 0,82 ms, found 1 plugins.
Preloading 0 native plugins for Editor in 0,00 ms.
Mono: successfully reloaded assembly
- Completed reload, in  2,282 seconds
Platform modules already initialized, skipping
Switching build target platform(24) subTarget(0) extendedPlatform(0) -> platform(13) subTarget(537395200) extendedPlatform(0)
Refreshing native plugins compatible for Editor in 1,16 ms, found 1 plugins.
Preloading 0 native plugins for Editor in 0,00 ms.
Unloading 1825 Unused Serialized files (Serialized files now loaded: 0)
System memory in use before: 82,0 MB.
System memory in use after: 82,0 MB.

Unloading 12 unused Assets to reduce memory usage. Loaded Objects now: 2540.
Total: 5,848902 ms (FindLiveObjects: 0,368375 ms CreateObjectMapping: 0,099009 ms MarkObjects: 5,098850 ms  DeleteObjects: 0,279865 ms)

AssetImportParameters requested are different than current active one (requested -> active):
  custom:graphics/normal-map-encoding: 01000000000000000000000000000000 -> 02000000000000000000000000000000
========================================================================
Received Prepare
Registering precompiled user dll's ...
Registered in 0,001751 seconds.
Begin MonoManager ReloadAssembly
Native extension for LinuxStandalone target not found
Native extension for WebGL target not found
Refreshing native plugins compatible for Editor in 0,83 ms, found 1 plugins.
Preloading 0 native plugins for Editor in 0,00 ms.
Mono: successfully reloaded assembly
- Completed reload, in  2,623 seconds
Platform modules already initialized, skipping
Switching build target platform(24) subTarget(0) extendedPlatform(0) -> platform(13) subTarget(537395200) extendedPlatform(0)
Refreshing native plugins compatible for Editor in 0,78 ms, found 1 plugins.
Preloading 0 native plugins for Editor in 0,00 ms.
Unloading 1825 Unused Serialized files (Serialized files now loaded: 0)
System memory in use before: 82,0 MB.
System memory in use after: 82,0 MB.

Unloading 12 unused Assets to reduce memory usage. Loaded Objects now: 2544.
Total: 6,063647 ms (FindLiveObjects: 0,609131 ms CreateObjectMapping: 0,108599 ms MarkObjects: 4,957861 ms  DeleteObjects: 0,385003 ms)

AssetImportParameters requested are different than current active one (requested -> active):
  custom:graphics/normal-map-encoding: 01000000000000000000000000000000 -> 02000000000000000000000000000000
========================================================================
Received Prepare
Registering precompiled user dll's ...
Registered in 0,001894 seconds.
Begin MonoManager ReloadAssembly
Native extension for LinuxStandalone target not found
Native extension for WebGL target not found
Refreshing native plugins compatible for Editor in 0,80 ms, found 1 plugins.
Preloading 0 native plugins for Editor in 0,00 ms.
Mono: successfully reloaded assembly
- Completed reload, in  2,512 seconds
Platform modules already initialized, skipping
Switching build target platform(24) subTarget(0) extendedPlatform(0) -> platform(13) subTarget(537395200) extendedPlatform(0)
Refreshing native plugins compatible for Editor in 0,65 ms, found 1 plugins.
Preloading 0 native plugins for Editor in 0,00 ms.
Unloading 1825 Unused Serialized files (Serialized files now loaded: 0)
System memory in use before: 82,0 MB.
System memory in use after: 82,0 MB.

Unloading 12 unused Assets to reduce memory usage. Loaded Objects now: 2548.
Total: 8,981582 ms (FindLiveObjects: 0,356783 ms CreateObjectMapping: 0,099005 ms MarkObjects: 8,249609 ms  DeleteObjects: 0,272907 ms)

AssetImportParameters requested are different than current active one (requested -> active):
  custom:graphics/normal-map-encoding: 01000000000000000000000000000000 -> 02000000000000000000000000000000
========================================================================
Received Prepare
Registering precompiled user dll's ...
Registered in 0,001697 seconds.
Begin MonoManager ReloadAssembly
Native extension for LinuxStandalone target not found
Native extension for WebGL target not found
Refreshing native plugins compatible for Editor in 0,65 ms, found 1 plugins.
Preloading 0 native plugins for Editor in 0,00 ms.
Mono: successfully reloaded assembly
- Completed reload, in  2,184 seconds
Platform modules already initialized, skipping
Switching build target platform(24) subTarget(0) extendedPlatform(0) -> platform(13) subTarget(537395200) extendedPlatform(0)
Refreshing native plugins compatible for Editor in 0,63 ms, found 1 plugins.
Preloading 0 native plugins for Editor in 0,00 ms.
Unloading 1825 Unused Serialized files (Serialized files now loaded: 0)
System memory in use before: 82,0 MB.
System memory in use after: 82,0 MB.

Unloading 12 unused Assets to reduce memory usage. Loaded Objects now: 2552.
Total: 4,657417 ms (FindLiveObjects: 0,359758 ms CreateObjectMapping: 0,099379 ms MarkObjects: 3,987396 ms  DeleteObjects: 0,208343 ms)

AssetImportParameters requested are different than current active one (requested -> active):
  custom:graphics/normal-map-encoding: 01000000000000000000000000000000 -> 02000000000000000000000000000000
========================================================================
Received Prepare
Registering precompiled user dll's ...
Registered in 0,001695 seconds.
Begin MonoManager ReloadAssembly
Native extension for LinuxStandalone target not found
Native extension for WebGL target not found
Refreshing native plugins compatible for Editor in 0,64 ms, found 1 plugins.
Preloading 0 native plugins for Editor in 0,00 ms.
Mono: successfully reloaded assembly
- Completed reload, in  2,352 seconds
Platform modules already initialized, skipping
Switching build target platform(24) subTarget(0) extendedPlatform(0) -> platform(13) subTarget(537395200) extendedPlatform(0)
Refreshing native plugins compatible for Editor in 0,83 ms, found 1 plugins.
Preloading 0 native plugins for Editor in 0,00 ms.
Unloading 1825 Unused Serialized files (Serialized files now loaded: 0)
System memory in use before: 82,1 MB.
System memory in use after: 82,1 MB.

Unloading 12 unused Assets to reduce memory usage. Loaded Objects now: 2556.
Total: 5,432768 ms (FindLiveObjects: 0,664310 ms CreateObjectMapping: 0,118845 ms MarkObjects: 4,408789 ms  DeleteObjects: 0,236419 ms)

AssetImportParameters requested are different than current active one (requested -> active):
  custom:graphics/normal-map-encoding: 01000000000000000000000000000000 -> 02000000000000000000000000000000
========================================================================
Received Prepare
Registering precompiled user dll's ...
Registered in 0,001830 seconds.
Begin MonoManager ReloadAssembly
Native extension for LinuxStandalone target not found
Native extension for WebGL target not found
Refreshing native plugins compatible for Editor in 0,65 ms, found 1 plugins.
Preloading 0 native plugins for Editor in 0,00 ms.
Mono: successfully reloaded assembly
- Completed reload, in  2,589 seconds
Platform modules already initialized, skipping
Switching build target platform(24) subTarget(0) extendedPlatform(0) -> platform(13) subTarget(537395200) extendedPlatform(0)
Refreshing native plugins compatible for Editor in 0,84 ms, found 1 plugins.
Preloading 0 native plugins for Editor in 0,00 ms.
Unloading 1825 Unused Serialized files (Serialized files now loaded: 0)
System memory in use before: 82,1 MB.
System memory in use after: 82,1 MB.

Unloading 12 unused Assets to reduce memory usage. Loaded Objects now: 2560.
Total: 9,211728 ms (FindLiveObjects: 0,650865 ms CreateObjectMapping: 0,116992 ms MarkObjects: 8,035357 ms  DeleteObjects: 0,403360 ms)

AssetImportParameters requested are different than current active one (requested -> active):
  custom:graphics/normal-map-encoding: 01000000000000000000000000000000 -> 02000000000000000000000000000000
========================================================================
Received Prepare
Registering precompiled user dll's ...
Registered in 0,001910 seconds.
Begin MonoManager ReloadAssembly
Native extension for LinuxStandalone target not found
Native extension for WebGL target not found
Refreshing native plugins compatible for Editor in 0,93 ms, found 1 plugins.
Preloading 0 native plugins for Editor in 0,00 ms.
Mono: successfully reloaded assembly
- Completed reload, in  3,129 seconds
Platform modules already initialized, skipping
Switching build target platform(24) subTarget(0) extendedPlatform(0) -> platform(13) subTarget(537395200) extendedPlatform(0)
Refreshing native plugins compatible for Editor in 0,82 ms, found 1 plugins.
Preloading 0 native plugins for Editor in 0,00 ms.
Unloading 1825 Unused Serialized files (Serialized files now loaded: 0)
System memory in use before: 82,1 MB.
System memory in use after: 82,1 MB.

Unloading 12 unused Assets to reduce memory usage. Loaded Objects now: 2564.
Total: 7,280025 ms (FindLiveObjects: 0,662486 ms CreateObjectMapping: 0,124772 ms MarkObjects: 6,185542 ms  DeleteObjects: 0,302962 ms)

AssetImportParameters requested are different than current active one (requested -> active):
  custom:graphics/normal-map-encoding: 01000000000000000000000000000000 -> 02000000000000000000000000000000
========================================================================
Received Prepare
Registering precompiled user dll's ...
Registered in 0,001399 seconds.
Begin MonoManager ReloadAssembly
Native extension for LinuxStandalone target not found
Native extension for WebGL target not found
Refreshing native plugins compatible for Editor in 0,82 ms, found 1 plugins.
Preloading 0 native plugins for Editor in 0,00 ms.
Mono: successfully reloaded assembly
- Completed reload, in  2,986 seconds
Platform modules already initialized, skipping
Switching build target platform(24) subTarget(0) extendedPlatform(0) -> platform(13) subTarget(537395200) extendedPlatform(0)
Refreshing native plugins compatible for Editor in 0,85 ms, found 1 plugins.
Preloading 0 native plugins for Editor in 0,00 ms.
Unloading 1825 Unused Serialized files (Serialized files now loaded: 0)
System memory in use before: 82,1 MB.
System memory in use after: 82,1 MB.

Unloading 12 unused Assets to reduce memory usage. Loaded Objects now: 2568.
Total: 8,387173 ms (FindLiveObjects: 0,680649 ms CreateObjectMapping: 0,119190 ms MarkObjects: 7,257857 ms  DeleteObjects: 0,324762 ms)

AssetImportParameters requested are different than current active one (requested -> active):
  custom:graphics/normal-map-encoding: 01000000000000000000000000000000 -> 02000000000000000000000000000000
========================================================================
Received Prepare
Registering precompiled user dll's ...
Registered in 0,001390 seconds.
Begin MonoManager ReloadAssembly
Native extension for LinuxStandalone target not found
Native extension for WebGL target not found
Refreshing native plugins compatible for Editor in 0,65 ms, found 1 plugins.
Preloading 0 native plugins for Editor in 0,00 ms.
Mono: successfully reloaded assembly
- Completed reload, in  2,261 seconds
Platform modules already initialized, skipping
Switching build target platform(24) subTarget(0) extendedPlatform(0) -> platform(13) subTarget(537395200) extendedPlatform(0)
Refreshing native plugins compatible for Editor in 0,81 ms, found 1 plugins.
Preloading 0 native plugins for Editor in 0,00 ms.
Unloading 1825 Unused Serialized files (Serialized files now loaded: 0)
System memory in use before: 82,1 MB.
System memory in use after: 82,1 MB.

Unloading 12 unused Assets to reduce memory usage. Loaded Objects now: 2572.
Total: 5,446993 ms (FindLiveObjects: 1,069724 ms CreateObjectMapping: 0,160335 ms MarkObjects: 3,990586 ms  DeleteObjects: 0,222673 ms)

AssetImportParameters requested are different than current active one (requested -> active):
  custom:graphics/normal-map-encoding: 01000000000000000000000000000000 -> 02000000000000000000000000000000
========================================================================
Received Import Request.
  Time since last request: 507,961466 seconds.
  path: Assets/Project/Prefabs/Building.prefab
  artifactKey: Guid(2ae2468adb9f6a5389c50b1ba9b8baae) Importer(815301076,1909f56bfc062723c751e8b465ee728b)
Start importing Assets/Project/Prefabs/Building.prefab using Guid(2ae2468adb9f6a5389c50b1ba9b8baae) Importer(815301076,1909f56bfc062723c751e8b465ee728b)  -> (artifact id: 'c01c70f8864607546d4647afb1ecba0b') in 0,132703 seconds
  Import took 0,139617 seconds .

========================================================================
Received Import Request.
  Time since last request: 9,268666 seconds.
  path: Assets/Project/Prefabs/Building.prefab
  artifactKey: Guid(2ae2468adb9f6a5389c50b1ba9b8baae) Importer(815301076,1909f56bfc062723c751e8b465ee728b)
Start importing Assets/Project/Prefabs/Building.prefab using Guid(2ae2468adb9f6a5389c50b1ba9b8baae) Importer(815301076,1909f56bfc062723c751e8b465ee728b)  -> (artifact id: 'cf4fe6d6f2662c320c55f94309ef84ea') in 0,018986 seconds
  Import took 0,025802 seconds .

========================================================================
Received Import Request.
  Time since last request: 1,656586 seconds.
  path: Assets/Project/Prefabs/Building.prefab
  artifactKey: Guid(2ae2468adb9f6a5389c50b1ba9b8baae) Importer(815301076,1909f56bfc062723c751e8b465ee728b)
Start importing Assets/Project/Prefabs/Building.prefab using Guid(2ae2468adb9f6a5389c50b1ba9b8baae) Importer(815301076,1909f56bfc062723c751e8b465ee728b)  -> (artifact id: '41b2595d96d4044d64b67a37985979b0') in 0,030519 seconds
  Import took 0,037382 seconds .

========================================================================
Received Import Request.
  Time since last request: 0,444757 seconds.
  path: Assets/Project/Prefabs/Building.prefab
  artifactKey: Guid(2ae2468adb9f6a5389c50b1ba9b8baae) Importer(815301076,1909f56bfc062723c751e8b465ee728b)
Start importing Assets/Project/Prefabs/Building.prefab using Guid(2ae2468adb9f6a5389c50b1ba9b8baae) Importer(815301076,1909f56bfc062723c751e8b465ee728b)  -> (artifact id: 'e1d9cbbda7c2e0520431b78457edb427') in 0,015532 seconds
  Import took 0,022059 seconds .

========================================================================
Received Import Request.
  Time since last request: 0,875834 seconds.
  path: Assets/Project/Prefabs/Building.prefab
  artifactKey: Guid(2ae2468adb9f6a5389c50b1ba9b8baae) Importer(815301076,1909f56bfc062723c751e8b465ee728b)
Start importing Assets/Project/Prefabs/Building.prefab using Guid(2ae2468adb9f6a5389c50b1ba9b8baae) Importer(815301076,1909f56bfc062723c751e8b465ee728b)  -> (artifact id: '0a81fa4f0cf3266eab8176c14ce20c0d') in 0,015540 seconds
  Import took 0,021327 seconds .

========================================================================
Received Import Request.
  Time since last request: 3,301813 seconds.
  path: Assets/Project/Prefabs/Building.prefab
  artifactKey: Guid(2ae2468adb9f6a5389c50b1ba9b8baae) Importer(815301076,1909f56bfc062723c751e8b465ee728b)
Start importing Assets/Project/Prefabs/Building.prefab using Guid(2ae2468adb9f6a5389c50b1ba9b8baae) Importer(815301076,1909f56bfc062723c751e8b465ee728b)  -> (artifact id: '68ad1de5741c79c9799106ae25418375') in 0,015095 seconds
  Import took 0,020794 seconds .

========================================================================
Received Prepare
Registering precompiled user dll's ...
Registered in 0,001776 seconds.
Begin MonoManager ReloadAssembly
Native extension for LinuxStandalone target not found
Native extension for WebGL target not found
Refreshing native plugins compatible for Editor in 0,92 ms, found 1 plugins.
Preloading 0 native plugins for Editor in 0,00 ms.
Mono: successfully reloaded assembly
- Completed reload, in  2,394 seconds
Platform modules already initialized, skipping
Switching build target platform(24) subTarget(0) extendedPlatform(0) -> platform(13) subTarget(537395200) extendedPlatform(0)
Refreshing native plugins compatible for Editor in 0,62 ms, found 1 plugins.
Preloading 0 native plugins for Editor in 0,00 ms.
Unloading 1825 Unused Serialized files (Serialized files now loaded: 0)
System memory in use before: 82,1 MB.
System memory in use after: 82,1 MB.

Unloading 12 unused Assets to reduce memory usage. Loaded Objects now: 2577.
Total: 5,662273 ms (FindLiveObjects: 0,600556 ms CreateObjectMapping: 0,106750 ms MarkObjects: 4,702748 ms  DeleteObjects: 0,249577 ms)

AssetImportParameters requested are different than current active one (requested -> active):
  custom:graphics/normal-map-encoding: 01000000000000000000000000000000 -> 02000000000000000000000000000000
AssetImportWorkerClient::OnTransportError - code=2 error=End of file
