Unity Editor version:    2020.3.20f1 (41c4e627c95f)
Branch:                  2020.3/staging
Build type:              Release
Batch mode:              YES
System name:             Linux
Distro version:          #44~20.04.1-Ubuntu SMP Thu Mar 24 16:43:35 UTC 2022
Kernel version:          5.13.0-39-generic
Architecture:            x86_64
Available memory:        32049 MB
Using pre-set license
Pro License: NO
Desktop is 2560 x 1440 @ 60 Hz

COMMAND LINE ARGUMENTS:
Unity
-adb2
-batchMode
-noUpm
-name
AssetImportWorker0
-projectPath
/home/valter/Projects/Unity Projects/ProtectThePrincessBeta/ProtectThePrincess(beta)
-logFile
Logs/AssetImportWorker0.log
-srvPort
34619
Successfully changed project path to: /home/valter/Projects/Unity Projects/ProtectThePrincessBeta/ProtectThePrincess(beta)
/home/valter/Projects/Unity Projects/ProtectThePrincessBeta/ProtectThePrincess(beta)
Using Asset Import Pipeline V2.
Refreshing native plugins compatible for Editor in 125,26 ms, found 2 plugins.
Preloading 0 native plugins for Editor in 0,00 ms.
Initialize engine version: 2020.3.20f1 (41c4e627c95f)
[Subsystems] Discovering subsystems at path /home/valter/UnityHub/2020.3.20f1/Editor/Data/Resources/UnitySubsystems
[Subsystems] Discovering subsystems at path /home/valter/Projects/Unity Projects/ProtectThePrincessBeta/ProtectThePrincess(beta)/Assets
GLX Extensions: GLX_ARB_get_proc_address GLX_ARB_multisample GLX_EXT_visual_info GLX_EXT_visual_rating GLX_EXT_import_context GLX_SGI_video_sync GLX_SGIX_fbconfig GLX_SGIX_pbuffer GLX_SGI_swap_control GLX_EXT_swap_control GLX_EXT_swap_control_tear GLX_EXT_buffer_age GLX_ARB_create_context GLX_ARB_create_context_profile GLX_NV_float_buffer GLX_ARB_fbconfig_float GLX_EXT_texture_from_pixmap GLX_EXT_framebuffer_sRGB GLX_NV_copy_image GLX_EXT_create_context_es_profile GLX_EXT_create_context_es2_profile GLX_ARB_create_context_no_error GLX_ARB_create_context_robustness GLX_NV_delay_before_swap GLX_EXT_stereo_tree GLX_ARB_context_flush_control GLX_NV_robustness_video_memory_purge GLX_NV_multigpu_context 
Renderer: NVIDIA GeForce GTX 1050 Ti/PCIe/SSE2
Vendor:   NVIDIA Corporation
Version:  4.5.0 NVIDIA 470.103.01
GLES:     0
 GL_AMD_multi_draw_indirect GL_AMD_seamless_cubemap_per_texture GL_AMD_vertex_shader_viewport_index GL_AMD_vertex_shader_layer GL_ARB_arrays_of_arrays GL_ARB_base_instance GL_ARB_bindless_texture GL_ARB_blend_func_extended GL_ARB_buffer_storage GL_ARB_clear_buffer_object GL_ARB_clear_texture GL_ARB_clip_control GL_ARB_color_buffer_float GL_ARB_compressed_texture_pixel_storage GL_ARB_conservative_depth GL_ARB_compute_shader GL_ARB_compute_variable_group_size GL_ARB_conditional_render_inverted GL_ARB_copy_buffer GL_ARB_copy_image GL_ARB_cull_distance GL_ARB_debug_output GL_ARB_depth_buffer_float GL_ARB_depth_clamp GL_ARB_depth_texture GL_ARB_derivative_control GL_ARB_direct_state_access GL_ARB_draw_buffers GL_ARB_draw_buffers_blend GL_ARB_draw_indirect GL_ARB_draw_elements_base_vertex GL_ARB_draw_instanced GL_ARB_enhanced_layouts GL_ARB_ES2_compatibility GL_ARB_ES3_compatibility GL_ARB_ES3_1_compatibility GL_ARB_ES3_2_compatibility GL_ARB_explicit_attrib_location GL_ARB_explicit_uniform_location GL_ARB_fragmen
t_coord_conventions GL_ARB_fragment_layer_viewport GL_ARB_fragment_program GL_ARB_fragment_program_shadow GL_ARB_fragment_shader GL_ARB_fragment_shader_interlock GL_ARB_framebuffer_no_attachments GL_ARB_framebuffer_object GL_ARB_framebuffer_sRGB GL_ARB_geometry_shader4 GL_ARB_get_program_binary GL_ARB_get_texture_sub_image GL_ARB_gl_spirv GL_ARB_gpu_shader5 GL_ARB_gpu_shader_fp64 GL_ARB_gpu_shader_int64 GL_ARB_half_float_pixel GL_ARB_half_float_vertex GL_ARB_imaging GL_ARB_indirect_parameters GL_ARB_instanced_arrays GL_ARB_internalformat_query GL_ARB_internalformat_query2 GL_ARB_invalidate_subdata GL_ARB_map_buffer_alignment GL_ARB_map_buffer_range GL_ARB_multi_bind GL_ARB_multi_draw_indirect GL_ARB_multisample GL_ARB_multitexture GL_ARB_occlusion_query GL_ARB_occlusion_query2 GL_ARB_parallel_shader_compile GL_ARB_pipeline_statistics_query GL_ARB_pixel_buffer_object GL_ARB_point_parameters GL_ARB_point_sprite GL_ARB_polygon_offset_clamp GL_ARB_post_depth_coverage GL_ARB_program_interface_query GL_ARB_provoki
ng_vertex GL_ARB_query_buffer_object GL_ARB_robust_buffer_access_behavior GL_ARB_robustness GL_ARB_sample_locations GL_ARB_sample_shading GL_ARB_sampler_objects GL_ARB_seamless_cube_map GL_ARB_seamless_cubemap_per_texture GL_ARB_separate_shader_objects GL_ARB_shader_atomic_counter_ops GL_ARB_shader_atomic_counters GL_ARB_shader_ballot GL_ARB_shader_bit_encoding GL_ARB_shader_clock GL_ARB_shader_draw_parameters GL_ARB_shader_group_vote GL_ARB_shader_image_load_store GL_ARB_shader_image_size GL_ARB_shader_objects GL_ARB_shader_precision GL_ARB_shader_storage_buffer_object GL_ARB_shader_subroutine GL_ARB_shader_texture_image_samples GL_ARB_shader_texture_lod GL_ARB_shading_language_100 GL_ARB_shader_viewport_layer_array GL_ARB_shading_language_420pack GL_ARB_shading_language_include GL_ARB_shading_language_packing GL_ARB_shadow GL_ARB_sparse_buffer GL_ARB_sparse_texture GL_ARB_sparse_texture2 GL_ARB_sparse_texture_clamp GL_ARB_spirv_extensions GL_ARB_stencil_texturing GL_ARB_sync GL_ARB_tessellation_shader GL_A
RB_texture_barrier GL_ARB_texture_border_clamp GL_ARB_texture_buffer_object GL_ARB_texture_buffer_object_rgb32 GL_ARB_texture_buffer_range GL_ARB_texture_compression GL_ARB_texture_compression_bptc GL_ARB_texture_compression_rgtc GL_ARB_texture_cube_map GL_ARB_texture_cube_map_array GL_ARB_texture_env_add GL_ARB_texture_env_combine GL_ARB_texture_env_crossbar GL_ARB_texture_env_dot3 GL_ARB_texture_filter_anisotropic GL_ARB_texture_filter_minmax GL_ARB_texture_float GL_ARB_texture_gather GL_ARB_texture_mirror_clamp_to_edge GL_ARB_texture_mirrored_repeat GL_ARB_texture_multisample GL_ARB_texture_non_power_of_two GL_ARB_texture_query_levels GL_ARB_texture_query_lod GL_ARB_texture_rectangle GL_ARB_texture_rg GL_ARB_texture_rgb10_a2ui GL_ARB_texture_stencil8 GL_ARB_texture_storage GL_ARB_texture_storage_multisample GL_ARB_texture_swizzle GL_ARB_texture_view GL_ARB_timer_query GL_ARB_transform_feedback2 GL_ARB_transform_feedback3 GL_ARB_transform_feedback_instanced GL_ARB_transform_feedback_overflow_query GL_ARB_t
ranspose_matrix GL_ARB_uniform_buffer_object GL_ARB_vertex_array_bgra GL_ARB_vertex_array_object GL_ARB_vertex_attrib_64bit GL_ARB_vertex_attrib_binding GL_ARB_vertex_buffer_object GL_ARB_vertex_program GL_ARB_vertex_shader GL_ARB_vertex_type_10f_11f_11f_rev GL_ARB_vertex_type_2_10_10_10_rev GL_ARB_viewport_array GL_ARB_window_pos GL_ATI_draw_buffers GL_ATI_texture_float GL_ATI_texture_mirror_once GL_S3_s3tc GL_EXT_texture_env_add GL_EXT_abgr GL_EXT_bgra GL_EXT_bindable_uniform GL_EXT_blend_color GL_EXT_blend_equation_separate GL_EXT_blend_func_separate GL_EXT_blend_minmax GL_EXT_blend_subtract GL_EXT_compiled_vertex_array GL_EXT_Cg_shader GL_EXT_depth_bounds_test GL_EXT_direct_state_access GL_EXT_draw_buffers2 GL_EXT_draw_instanced GL_EXT_draw_range_elements GL_EXT_fog_coord GL_EXT_framebuffer_blit GL_EXT_framebuffer_multisample GL_EXTX_framebuffer_mixed_formats GL_EXT_framebuffer_multisample_blit_scaled GL_EXT_framebuffer_object GL_EXT_framebuffer_sRGB GL_EXT_geometry_shader4 GL_EXT_gpu_program_parameters 
GL_EXT_gpu_shader4 GL_EXT_multi_draw_arrays GL_EXT_multiview_texture_multisample GL_EXT_multiview_timer_query GL_EXT_packed_depth_stencil GL_EXT_packed_float GL_EXT_packed_pixels GL_EXT_pixel_buffer_object GL_EXT_point_parameters GL_EXT_polygon_offset_clamp GL_EXT_post_depth_coverage GL_EXT_provoking_vertex GL_EXT_raster_multisample GL_EXT_rescale_normal GL_EXT_secondary_color GL_EXT_separate_shader_objects GL_EXT_separate_specular_color GL_EXT_shader_image_load_formatted GL_EXT_shader_image_load_store GL_EXT_shader_integer_mix GL_EXT_shadow_funcs GL_EXT_sparse_texture2 GL_EXT_stencil_two_side GL_EXT_stencil_wrap GL_EXT_texture3D GL_EXT_texture_array GL_EXT_texture_buffer_object GL_EXT_texture_compression_dxt1 GL_EXT_texture_compression_latc GL_EXT_texture_compression_rgtc GL_EXT_texture_compression_s3tc GL_EXT_texture_cube_map GL_EXT_texture_edge_clamp GL_EXT_texture_env_combine GL_EXT_texture_env_dot3 GL_EXT_texture_filter_anisotropic GL_EXT_texture_filter_minmax GL_EXT_texture_integer GL_EXT_texture_lod G
L_EXT_texture_lod_bias GL_EXT_texture_mirror_clamp GL_EXT_texture_object GL_EXT_texture_shadow_lod GL_EXT_texture_shared_exponent GL_EXT_texture_sRGB GL_EXT_texture_sRGB_R8 GL_EXT_texture_sRGB_decode GL_EXT_texture_storage GL_EXT_texture_swizzle GL_EXT_timer_query GL_EXT_transform_feedback2 GL_EXT_vertex_array GL_EXT_vertex_array_bgra GL_EXT_vertex_attrib_64bit GL_EXT_window_rectangles GL_EXT_x11_sync_object GL_EXT_import_sync_object GL_NV_robustness_video_memory_purge GL_IBM_rasterpos_clip GL_IBM_texture_mirrored_repeat GL_KHR_context_flush_control GL_KHR_debug GL_EXT_memory_object GL_EXT_memory_object_fd GL_NV_memory_object_sparse GL_KHR_parallel_shader_compile GL_KHR_no_error GL_KHR_robust_buffer_access_behavior GL_KHR_robustness GL_EXT_semaphore GL_EXT_semaphore_fd GL_NV_timeline_semaphore GL_KHR_shader_subgroup GL_KTX_buffer_region GL_NV_alpha_to_coverage_dither_control GL_NV_bindless_multi_draw_indirect GL_NV_bindless_multi_draw_indirect_count GL_NV_bindless_texture GL_NV_blend_equation_advanced GL_NV_
blend_equation_advanced_coherent GL_NVX_blend_equation_advanced_multi_draw_buffers GL_NV_blend_minmax_factor GL_NV_blend_square GL_NV_clip_space_w_scaling GL_NV_command_list GL_NV_compute_program5 GL_NV_conditional_render GL_NV_conservative_raster GL_NV_conservative_raster_dilate GL_NV_conservative_raster_pre_snap_triangles GL_NV_copy_depth_to_color GL_NV_copy_image GL_NV_depth_buffer_float GL_NV_depth_clamp GL_NV_draw_texture GL_NV_draw_vulkan_image GL_NV_ES1_1_compatibility GL_NV_ES3_1_compatibility GL_NV_explicit_multisample GL_NV_feature_query GL_NV_fence GL_NV_fill_rectangle GL_NV_float_buffer GL_NV_fog_distance GL_NV_fragment_coverage_to_color GL_NV_fragment_program GL_NV_fragment_program_option GL_NV_fragment_program2 GL_NV_fragment_shader_interlock GL_NV_framebuffer_mixed_samples GL_NV_framebuffer_multisample_coverage GL_NV_geometry_shader4 GL_NV_geometry_shader_passthrough GL_NV_gpu_program4 GL_NV_internalformat_sample_query GL_NV_gpu_program4_1 GL_NV_gpu_program5 GL_NV_gpu_program5_mem_extended GL_
NV_gpu_program_fp64 GL_NV_gpu_shader5 GL_NV_half_float GL_NV_light_max_exponent GL_NV_memory_attachment GL_NV_multisample_coverage GL_NV_multisample_filter_hint GL_NV_occlusion_query GL_NV_packed_depth_stencil GL_NV_parameter_buffer_object GL_NV_parameter_buffer_object2 GL_NV_path_rendering GL_NV_path_rendering_shared_edge GL_NV_pixel_data_range GL_NV_point_sprite GL_NV_primitive_restart GL_NV_query_resource GL_NV_query_resource_tag GL_NV_register_combiners GL_NV_register_combiners2 GL_NV_sample_locations GL_NV_sample_mask_override_coverage GL_NV_shader_atomic_counters GL_NV_shader_atomic_float GL_NV_shader_atomic_float64 GL_NV_shader_atomic_fp16_vector GL_NV_shader_atomic_int64 GL_NV_shader_buffer_load GL_NV_shader_storage_buffer_object GL_NV_shader_subgroup_partitioned GL_NV_stereo_view_rendering GL_NV_texgen_reflection GL_NV_texture_barrier GL_NV_texture_compression_vtc GL_NV_texture_env_combine4 GL_NV_texture_multisample GL_NV_texture_rectangle GL_NV_texture_rectangle_compressed GL_NV_texture_shader GL_N
V_texture_shader2 GL_NV_texture_shader3 GL_NV_transform_feedback GL_NV_transform_feedback2 GL_NV_uniform_buffer_unified_memory GL_NV_vdpau_interop GL_NV_vdpau_interop2 GL_NV_vertex_array_range GL_NV_vertex_array_range2 GL_NV_vertex_attrib_integer_64bit GL_NV_vertex_buffer_unified_memory GL_NV_vertex_program GL_NV_vertex_program1_1 GL_NV_vertex_program2 GL_NV_vertex_program2_option GL_NV_vertex_program3 GL_NV_viewport_array2 GL_NV_viewport_swizzle GL_NVX_conditional_render GL_NV_gpu_multicast GL_NVX_progress_fence GL_NVX_gpu_memory_info GL_NVX_nvenc_interop GL_NV_shader_thread_group GL_NV_shader_thread_shuffle GL_KHR_blend_equation_advanced GL_KHR_blend_equation_advanced_coherent GL_OVR_multiview GL_OVR_multiview2 GL_SGIS_generate_mipmap GL_SGIS_texture_lod GL_SGIX_depth_texture GL_SGIX_shadow GL_SUN_slice_accum
OPENGL LOG: Creating OpenGL 4.5 graphics device ; Context level  <OpenGL 4.5> ; Context handle -790546184
Initialize mono
Mono path[0] = '/home/valter/UnityHub/2020.3.20f1/Editor/Data/Managed'
Mono path[1] = '/home/valter/UnityHub/2020.3.20f1/Editor/Data/MonoBleedingEdge/lib/mono/unityjit'
Mono config path = '/home/valter/UnityHub/2020.3.20f1/Editor/Data/MonoBleedingEdge/etc'
Using monoOptions --debugger-agent=transport=dt_socket,embedding=1,server=y,suspend=n,address=127.0.0.1:56886
Begin MonoManager ReloadAssembly
Registering precompiled unity dll's ...
Register platform support module: /home/valter/UnityHub/2020.3.20f1/Editor/Data/PlaybackEngines/WindowsStandaloneSupport/UnityEditor.WindowsStandalone.Extensions.dll
Register platform support module: /home/valter/UnityHub/2020.3.20f1/Editor/Data/PlaybackEngines/LinuxStandaloneSupport/UnityEditor.LinuxStandalone.Extensions.dll
Registered in 0,001315 seconds.
Native extension for LinuxStandalone target not found
Native extension for WindowsStandalone target not found
Refreshing native plugins compatible for Editor in 116,06 ms, found 2 plugins.
Preloading 0 native plugins for Editor in 0,00 ms.
Mono: successfully reloaded assembly
- Completed reload, in  2,289 seconds
Domain Reload Profiling:
	ReloadAssembly (2289ms)
		BeginReloadAssembly (34ms)
			ExecutionOrderSort (0ms)
			DisableScriptedObjects (0ms)
			BackupInstance (0ms)
			ReleaseScriptingObjects (0ms)
			CreateAndSetChildDomain (1ms)
		EndReloadAssembly (602ms)
			LoadAssemblies (32ms)
			RebuildTransferFunctionScriptingTraits (0ms)
			SetupTypeCache (189ms)
			ReleaseScriptCaches (0ms)
			RebuildScriptCaches (55ms)
			SetupLoadedEditorAssemblies (283ms)
				LogAssemblyErrors (0ms)
				InitializePlatformSupportModulesInManaged (6ms)
				SetLoadedEditorAssemblies (0ms)
				RefreshPlugins (116ms)
				BeforeProcessingInitializeOnLoad (10ms)
				ProcessInitializeOnLoadAttributes (115ms)
				ProcessInitializeOnLoadMethodAttributes (35ms)
				AfterProcessingInitializeOnLoad (0ms)
				EditorAssembliesLoaded (0ms)
			ExecutionOrderSort2 (0ms)
			AwakeInstancesAfterBackupRestoration (0ms)
Platform modules already initialized, skipping
Registering precompiled user dll's ...
Registered in 0,013438 seconds.
Begin MonoManager ReloadAssembly
Native extension for LinuxStandalone target not found
Native extension for WindowsStandalone target not found
Refreshing native plugins compatible for Editor in 111,62 ms, found 2 plugins.
Preloading 0 native plugins for Editor in 0,00 ms.
Mono: successfully reloaded assembly
- Completed reload, in  2,282 seconds
Domain Reload Profiling:
	ReloadAssembly (2283ms)
		BeginReloadAssembly (153ms)
			ExecutionOrderSort (0ms)
			DisableScriptedObjects (6ms)
			BackupInstance (0ms)
			ReleaseScriptingObjects (0ms)
			CreateAndSetChildDomain (26ms)
		EndReloadAssembly (2053ms)
			LoadAssemblies (110ms)
			RebuildTransferFunctionScriptingTraits (0ms)
			SetupTypeCache (523ms)
			ReleaseScriptCaches (1ms)
			RebuildScriptCaches (98ms)
			SetupLoadedEditorAssemblies (1114ms)
				LogAssemblyErrors (0ms)
				InitializePlatformSupportModulesInManaged (5ms)
				SetLoadedEditorAssemblies (0ms)
				RefreshPlugins (112ms)
				BeforeProcessingInitializeOnLoad (134ms)
				ProcessInitializeOnLoadAttributes (837ms)
				ProcessInitializeOnLoadMethodAttributes (22ms)
				AfterProcessingInitializeOnLoad (4ms)
				EditorAssembliesLoaded (0ms)
			ExecutionOrderSort2 (0ms)
			AwakeInstancesAfterBackupRestoration (8ms)
Platform modules already initialized, skipping
========================================================================
Worker process is ready to serve import requests
Launched and connected shader compiler UnityShaderCompiler after 0.02 seconds
Refreshing native plugins compatible for Editor in 1,16 ms, found 2 plugins.
Preloading 0 native plugins for Editor in 0,00 ms.
Unloading 4511 Unused Serialized files (Serialized files now loaded: 0)
System memory in use before: 246,9 MB.
System memory in use after: 246,8 MB.

Unloading 77 unused Assets to reduce memory usage. Loaded Objects now: 4917.
Total: 12,023986 ms (FindLiveObjects: 0,763117 ms CreateObjectMapping: 0,341206 ms MarkObjects: 10,442409 ms  DeleteObjects: 0,475522 ms)

AssetImportParameters requested are different than current active one (requested -> active):
  custom:video-decoder-ogg-theora: a1e56fd34408186e4bbccfd4996cb3dc -> 
  custom:container-muxer-webm: aa71ff27fc2769a1b78a27578f13a17b -> 
  custom:container-demuxer-webm: 4f35f7cbe854078d1ac9338744f61a02 -> 
  custom:container-demuxer-ogg: 62fdf1f143b41e24485cea50d1cbac27 -> 
  custom:video-encoder-webm-vp8: eb34c28f22e8b96e1ab97ce403110664 -> 
  custom:video-decoder-webm-vp8: 9c59270c3fd7afecdb556c50c9e8de78 -> 
  custom:audio-decoder-ogg-vorbis: bf7c407c2cedff20999df2af8eb42d56 -> 
  custom:audio-encoder-webm-vorbis: bf7c407c2cedff20999df2af8eb42d56 -> 
========================================================================
Received Import Request.
  path: Assets/Project/Scripts/Managers/Quitmanager.cs
  artifactKey: Guid(ffe6c9ce3d42bee5ca7d2ffd5ab6793b) Importer(815301076,1909f56bfc062723c751e8b465ee728b)
Start importing Assets/Project/Scripts/Managers/Quitmanager.cs using Guid(ffe6c9ce3d42bee5ca7d2ffd5ab6793b) Importer(815301076,1909f56bfc062723c751e8b465ee728b)  -> (artifact id: '38ab0fdd23139cfc2e19b9bcfac6c5a2') in 0,008098 seconds 
  Import took 0,016489 seconds .

========================================================================
Received Import Request.
  Time since last request: 0,955435 seconds.
  path: Assets/Project/Scripts/Managers/QuitManager.cs
  artifactKey: Guid(ffe6c9ce3d42bee5ca7d2ffd5ab6793b) Importer(815301076,1909f56bfc062723c751e8b465ee728b)
Start importing Assets/Project/Scripts/Managers/QuitManager.cs using Guid(ffe6c9ce3d42bee5ca7d2ffd5ab6793b) Importer(815301076,1909f56bfc062723c751e8b465ee728b)  -> (artifact id: '3c5d1f57d4380c13b70cfbe5a9b60984') in 0,002239 seconds 
  Import took 0,014288 seconds .

========================================================================
Received Prepare
Registering precompiled user dll's ...
Registered in 0,009298 seconds.
Begin MonoManager ReloadAssembly
Native extension for LinuxStandalone target not found
Native extension for WindowsStandalone target not found
Refreshing native plugins compatible for Editor in 1,40 ms, found 2 plugins.
Preloading 0 native plugins for Editor in 0,00 ms.
Mono: successfully reloaded assembly
- Completed reload, in  1,738 seconds
Domain Reload Profiling:
	ReloadAssembly (1739ms)
		BeginReloadAssembly (134ms)
			ExecutionOrderSort (0ms)
			DisableScriptedObjects (9ms)
			BackupInstance (0ms)
			ReleaseScriptingObjects (0ms)
			CreateAndSetChildDomain (60ms)
		EndReloadAssembly (1523ms)
			LoadAssemblies (115ms)
			RebuildTransferFunctionScriptingTraits (0ms)
			SetupTypeCache (545ms)
			ReleaseScriptCaches (2ms)
			RebuildScriptCaches (84ms)
			SetupLoadedEditorAssemblies (615ms)
				LogAssemblyErrors (0ms)
				InitializePlatformSupportModulesInManaged (8ms)
				SetLoadedEditorAssemblies (1ms)
				RefreshPlugins (1ms)
				BeforeProcessingInitializeOnLoad (131ms)
				ProcessInitializeOnLoadAttributes (456ms)
				ProcessInitializeOnLoadMethodAttributes (14ms)
				AfterProcessingInitializeOnLoad (4ms)
				EditorAssembliesLoaded (0ms)
			ExecutionOrderSort2 (0ms)
			AwakeInstancesAfterBackupRestoration (14ms)
Platform modules already initialized, skipping
Refreshing native plugins compatible for Editor in 1,26 ms, found 2 plugins.
Preloading 0 native plugins for Editor in 0,00 ms.
Unloading 4427 Unused Serialized files (Serialized files now loaded: 0)
System memory in use before: 239,0 MB.
System memory in use after: 238,9 MB.

Unloading 65 unused Assets to reduce memory usage. Loaded Objects now: 4920.
Total: 11,787496 ms (FindLiveObjects: 0,624827 ms CreateObjectMapping: 0,267109 ms MarkObjects: 10,640958 ms  DeleteObjects: 0,252560 ms)

AssetImportParameters requested are different than current active one (requested -> active):
  custom:video-decoder-ogg-theora: a1e56fd34408186e4bbccfd4996cb3dc -> 
  custom:container-muxer-webm: aa71ff27fc2769a1b78a27578f13a17b -> 
  custom:container-demuxer-webm: 4f35f7cbe854078d1ac9338744f61a02 -> 
  custom:container-demuxer-ogg: 62fdf1f143b41e24485cea50d1cbac27 -> 
  custom:video-encoder-webm-vp8: eb34c28f22e8b96e1ab97ce403110664 -> 
  custom:video-decoder-webm-vp8: 9c59270c3fd7afecdb556c50c9e8de78 -> 
  custom:audio-decoder-ogg-vorbis: bf7c407c2cedff20999df2af8eb42d56 -> 
  custom:audio-encoder-webm-vorbis: bf7c407c2cedff20999df2af8eb42d56 -> 
========================================================================
Received Prepare
Registering precompiled user dll's ...
Registered in 0,009096 seconds.
Begin MonoManager ReloadAssembly
Native extension for LinuxStandalone target not found
Native extension for WindowsStandalone target not found
Refreshing native plugins compatible for Editor in 1,23 ms, found 2 plugins.
Preloading 0 native plugins for Editor in 0,00 ms.
Mono: successfully reloaded assembly
- Completed reload, in  1,642 seconds
Domain Reload Profiling:
	ReloadAssembly (1642ms)
		BeginReloadAssembly (128ms)
			ExecutionOrderSort (0ms)
			DisableScriptedObjects (8ms)
			BackupInstance (0ms)
			ReleaseScriptingObjects (0ms)
			CreateAndSetChildDomain (56ms)
		EndReloadAssembly (1437ms)
			LoadAssemblies (112ms)
			RebuildTransferFunctionScriptingTraits (0ms)
			SetupTypeCache (511ms)
			ReleaseScriptCaches (2ms)
			RebuildScriptCaches (73ms)
			SetupLoadedEditorAssemblies (583ms)
				LogAssemblyErrors (0ms)
				InitializePlatformSupportModulesInManaged (7ms)
				SetLoadedEditorAssemblies (1ms)
				RefreshPlugins (1ms)
				BeforeProcessingInitializeOnLoad (119ms)
				ProcessInitializeOnLoadAttributes (437ms)
				ProcessInitializeOnLoadMethodAttributes (14ms)
				AfterProcessingInitializeOnLoad (4ms)
				EditorAssembliesLoaded (0ms)
			ExecutionOrderSort2 (0ms)
			AwakeInstancesAfterBackupRestoration (13ms)
Platform modules already initialized, skipping
Refreshing native plugins compatible for Editor in 1,26 ms, found 2 plugins.
Preloading 0 native plugins for Editor in 0,00 ms.
Unloading 4427 Unused Serialized files (Serialized files now loaded: 0)
System memory in use before: 239,0 MB.
System memory in use after: 239,0 MB.

Unloading 65 unused Assets to reduce memory usage. Loaded Objects now: 4923.
Total: 17,161641 ms (FindLiveObjects: 0,596520 ms CreateObjectMapping: 0,255644 ms MarkObjects: 15,667838 ms  DeleteObjects: 0,638425 ms)

AssetImportParameters requested are different than current active one (requested -> active):
  custom:video-decoder-ogg-theora: a1e56fd34408186e4bbccfd4996cb3dc -> 
  custom:container-muxer-webm: aa71ff27fc2769a1b78a27578f13a17b -> 
  custom:container-demuxer-webm: 4f35f7cbe854078d1ac9338744f61a02 -> 
  custom:container-demuxer-ogg: 62fdf1f143b41e24485cea50d1cbac27 -> 
  custom:video-encoder-webm-vp8: eb34c28f22e8b96e1ab97ce403110664 -> 
  custom:video-decoder-webm-vp8: 9c59270c3fd7afecdb556c50c9e8de78 -> 
  custom:audio-decoder-ogg-vorbis: bf7c407c2cedff20999df2af8eb42d56 -> 
  custom:audio-encoder-webm-vorbis: bf7c407c2cedff20999df2af8eb42d56 -> 
========================================================================
Received Import Request.
  Time since last request: 173,422943 seconds.
  path: Assets/Project/Scripts/Managers/QuitManager.cs
  artifactKey: Guid(ffe6c9ce3d42bee5ca7d2ffd5ab6793b) Importer(815301076,1909f56bfc062723c751e8b465ee728b)
Start importing Assets/Project/Scripts/Managers/QuitManager.cs using Guid(ffe6c9ce3d42bee5ca7d2ffd5ab6793b) Importer(815301076,1909f56bfc062723c751e8b465ee728b)  -> (artifact id: '13bace7e170d7b529b1d2bf7e9e04ccf') in 0,009229 seconds 
  Import took 0,020831 seconds .

========================================================================
Received Prepare
Registering precompiled user dll's ...
Registered in 0,008977 seconds.
Begin MonoManager ReloadAssembly
Native extension for LinuxStandalone target not found
Native extension for WindowsStandalone target not found
Refreshing native plugins compatible for Editor in 1,30 ms, found 2 plugins.
Preloading 0 native plugins for Editor in 0,00 ms.
Mono: successfully reloaded assembly
- Completed reload, in  1,614 seconds
Domain Reload Profiling:
	ReloadAssembly (1614ms)
		BeginReloadAssembly (125ms)
			ExecutionOrderSort (0ms)
			DisableScriptedObjects (8ms)
			BackupInstance (0ms)
			ReleaseScriptingObjects (0ms)
			CreateAndSetChildDomain (58ms)
		EndReloadAssembly (1413ms)
			LoadAssemblies (108ms)
			RebuildTransferFunctionScriptingTraits (0ms)
			SetupTypeCache (494ms)
			ReleaseScriptCaches (2ms)
			RebuildScriptCaches (71ms)
			SetupLoadedEditorAssemblies (580ms)
				LogAssemblyErrors (0ms)
				InitializePlatformSupportModulesInManaged (7ms)
				SetLoadedEditorAssemblies (1ms)
				RefreshPlugins (1ms)
				BeforeProcessingInitializeOnLoad (121ms)
				ProcessInitializeOnLoadAttributes (432ms)
				ProcessInitializeOnLoadMethodAttributes (13ms)
				AfterProcessingInitializeOnLoad (4ms)
				EditorAssembliesLoaded (0ms)
			ExecutionOrderSort2 (0ms)
			AwakeInstancesAfterBackupRestoration (13ms)
Platform modules already initialized, skipping
Refreshing native plugins compatible for Editor in 1,26 ms, found 2 plugins.
Preloading 0 native plugins for Editor in 0,00 ms.
Unloading 4427 Unused Serialized files (Serialized files now loaded: 0)
System memory in use before: 239,1 MB.
System memory in use after: 239,0 MB.

Unloading 65 unused Assets to reduce memory usage. Loaded Objects now: 4926.
Total: 15,149130 ms (FindLiveObjects: 0,457127 ms CreateObjectMapping: 0,141235 ms MarkObjects: 14,305417 ms  DeleteObjects: 0,244099 ms)

AssetImportParameters requested are different than current active one (requested -> active):
  custom:video-decoder-ogg-theora: a1e56fd34408186e4bbccfd4996cb3dc -> 
  custom:container-muxer-webm: aa71ff27fc2769a1b78a27578f13a17b -> 
  custom:container-demuxer-webm: 4f35f7cbe854078d1ac9338744f61a02 -> 
  custom:container-demuxer-ogg: 62fdf1f143b41e24485cea50d1cbac27 -> 
  custom:video-encoder-webm-vp8: eb34c28f22e8b96e1ab97ce403110664 -> 
  custom:video-decoder-webm-vp8: 9c59270c3fd7afecdb556c50c9e8de78 -> 
  custom:audio-decoder-ogg-vorbis: bf7c407c2cedff20999df2af8eb42d56 -> 
  custom:audio-encoder-webm-vorbis: bf7c407c2cedff20999df2af8eb42d56 -> 
========================================================================
Received Import Request.
  Time since last request: 59,306660 seconds.
  path: Assets/Project/Scripts/Managers/QuitManager.cs
  artifactKey: Guid(ffe6c9ce3d42bee5ca7d2ffd5ab6793b) Importer(815301076,1909f56bfc062723c751e8b465ee728b)
Start importing Assets/Project/Scripts/Managers/QuitManager.cs using Guid(ffe6c9ce3d42bee5ca7d2ffd5ab6793b) Importer(815301076,1909f56bfc062723c751e8b465ee728b)  -> (artifact id: 'b18baf43917e656027d5bb2414c00321') in 0,007895 seconds 
  Import took 0,015339 seconds .

========================================================================
Received Prepare
Registering precompiled user dll's ...
Registered in 0,008966 seconds.
Begin MonoManager ReloadAssembly
Native extension for LinuxStandalone target not found
Native extension for WindowsStandalone target not found
Refreshing native plugins compatible for Editor in 1,36 ms, found 2 plugins.
Preloading 0 native plugins for Editor in 0,00 ms.
Mono: successfully reloaded assembly
- Completed reload, in  1,655 seconds
Domain Reload Profiling:
	ReloadAssembly (1655ms)
		BeginReloadAssembly (132ms)
			ExecutionOrderSort (0ms)
			DisableScriptedObjects (9ms)
			BackupInstance (0ms)
			ReleaseScriptingObjects (0ms)
			CreateAndSetChildDomain (58ms)
		EndReloadAssembly (1446ms)
			LoadAssemblies (110ms)
			RebuildTransferFunctionScriptingTraits (0ms)
			SetupTypeCache (495ms)
			ReleaseScriptCaches (2ms)
			RebuildScriptCaches (73ms)
			SetupLoadedEditorAssemblies (611ms)
				LogAssemblyErrors (0ms)
				InitializePlatformSupportModulesInManaged (7ms)
				SetLoadedEditorAssemblies (1ms)
				RefreshPlugins (1ms)
				BeforeProcessingInitializeOnLoad (121ms)
				ProcessInitializeOnLoadAttributes (464ms)
				ProcessInitializeOnLoadMethodAttributes (13ms)
				AfterProcessingInitializeOnLoad (4ms)
				EditorAssembliesLoaded (0ms)
			ExecutionOrderSort2 (0ms)
			AwakeInstancesAfterBackupRestoration (13ms)
Platform modules already initialized, skipping
Refreshing native plugins compatible for Editor in 1,20 ms, found 2 plugins.
Preloading 0 native plugins for Editor in 0,00 ms.
Unloading 4427 Unused Serialized files (Serialized files now loaded: 0)
System memory in use before: 239,1 MB.
System memory in use after: 239,1 MB.

Unloading 65 unused Assets to reduce memory usage. Loaded Objects now: 4929.
Total: 14,234375 ms (FindLiveObjects: 0,579538 ms CreateObjectMapping: 0,256936 ms MarkObjects: 13,136349 ms  DeleteObjects: 0,259939 ms)

AssetImportParameters requested are different than current active one (requested -> active):
  custom:video-decoder-ogg-theora: a1e56fd34408186e4bbccfd4996cb3dc -> 
  custom:container-muxer-webm: aa71ff27fc2769a1b78a27578f13a17b -> 
  custom:container-demuxer-webm: 4f35f7cbe854078d1ac9338744f61a02 -> 
  custom:container-demuxer-ogg: 62fdf1f143b41e24485cea50d1cbac27 -> 
  custom:video-encoder-webm-vp8: eb34c28f22e8b96e1ab97ce403110664 -> 
  custom:video-decoder-webm-vp8: 9c59270c3fd7afecdb556c50c9e8de78 -> 
  custom:audio-decoder-ogg-vorbis: bf7c407c2cedff20999df2af8eb42d56 -> 
  custom:audio-encoder-webm-vorbis: bf7c407c2cedff20999df2af8eb42d56 -> 
========================================================================
Received Prepare
Registering precompiled user dll's ...
Registered in 0,009014 seconds.
Begin MonoManager ReloadAssembly
Native extension for LinuxStandalone target not found
Native extension for WindowsStandalone target not found
Refreshing native plugins compatible for Editor in 1,25 ms, found 2 plugins.
Preloading 0 native plugins for Editor in 0,00 ms.
Mono: successfully reloaded assembly
- Completed reload, in  1,700 seconds
Domain Reload Profiling:
	ReloadAssembly (1701ms)
		BeginReloadAssembly (131ms)
			ExecutionOrderSort (0ms)
			DisableScriptedObjects (8ms)
			BackupInstance (0ms)
			ReleaseScriptingObjects (0ms)
			CreateAndSetChildDomain (59ms)
		EndReloadAssembly (1491ms)
			LoadAssemblies (112ms)
			RebuildTransferFunctionScriptingTraits (0ms)
			SetupTypeCache (496ms)
			ReleaseScriptCaches (2ms)
			RebuildScriptCaches (79ms)
			SetupLoadedEditorAssemblies (637ms)
				LogAssemblyErrors (0ms)
				InitializePlatformSupportModulesInManaged (7ms)
				SetLoadedEditorAssemblies (1ms)
				RefreshPlugins (1ms)
				BeforeProcessingInitializeOnLoad (126ms)
				ProcessInitializeOnLoadAttributes (481ms)
				ProcessInitializeOnLoadMethodAttributes (15ms)
				AfterProcessingInitializeOnLoad (5ms)
				EditorAssembliesLoaded (0ms)
			ExecutionOrderSort2 (0ms)
			AwakeInstancesAfterBackupRestoration (14ms)
Platform modules already initialized, skipping
Refreshing native plugins compatible for Editor in 1,35 ms, found 2 plugins.
Preloading 0 native plugins for Editor in 0,00 ms.
Unloading 4427 Unused Serialized files (Serialized files now loaded: 0)
System memory in use before: 239,1 MB.
System memory in use after: 239,1 MB.

Unloading 65 unused Assets to reduce memory usage. Loaded Objects now: 4932.
Total: 10,303176 ms (FindLiveObjects: 0,463766 ms CreateObjectMapping: 0,194815 ms MarkObjects: 9,361956 ms  DeleteObjects: 0,281178 ms)

AssetImportParameters requested are different than current active one (requested -> active):
  custom:video-decoder-ogg-theora: a1e56fd34408186e4bbccfd4996cb3dc -> 
  custom:container-muxer-webm: aa71ff27fc2769a1b78a27578f13a17b -> 
  custom:container-demuxer-webm: 4f35f7cbe854078d1ac9338744f61a02 -> 
  custom:container-demuxer-ogg: 62fdf1f143b41e24485cea50d1cbac27 -> 
  custom:video-encoder-webm-vp8: eb34c28f22e8b96e1ab97ce403110664 -> 
  custom:video-decoder-webm-vp8: 9c59270c3fd7afecdb556c50c9e8de78 -> 
  custom:audio-decoder-ogg-vorbis: bf7c407c2cedff20999df2af8eb42d56 -> 
  custom:audio-encoder-webm-vorbis: bf7c407c2cedff20999df2af8eb42d56 -> 
========================================================================
Received Prepare
Registering precompiled user dll's ...
Registered in 0,009145 seconds.
Begin MonoManager ReloadAssembly
Native extension for LinuxStandalone target not found
Native extension for WindowsStandalone target not found
Refreshing native plugins compatible for Editor in 1,21 ms, found 2 plugins.
Preloading 0 native plugins for Editor in 0,00 ms.
Mono: successfully reloaded assembly
- Completed reload, in  1,613 seconds
Domain Reload Profiling:
	ReloadAssembly (1613ms)
		BeginReloadAssembly (129ms)
			ExecutionOrderSort (0ms)
			DisableScriptedObjects (9ms)
			BackupInstance (0ms)
			ReleaseScriptingObjects (0ms)
			CreateAndSetChildDomain (58ms)
		EndReloadAssembly (1406ms)
			LoadAssemblies (111ms)
			RebuildTransferFunctionScriptingTraits (0ms)
			SetupTypeCache (503ms)
			ReleaseScriptCaches (2ms)
			RebuildScriptCaches (74ms)
			SetupLoadedEditorAssemblies (558ms)
				LogAssemblyErrors (0ms)
				InitializePlatformSupportModulesInManaged (7ms)
				SetLoadedEditorAssemblies (1ms)
				RefreshPlugins (1ms)
				BeforeProcessingInitializeOnLoad (121ms)
				ProcessInitializeOnLoadAttributes (411ms)
				ProcessInitializeOnLoadMethodAttributes (13ms)
				AfterProcessingInitializeOnLoad (4ms)
				EditorAssembliesLoaded (0ms)
			ExecutionOrderSort2 (0ms)
			AwakeInstancesAfterBackupRestoration (13ms)
Platform modules already initialized, skipping
Refreshing native plugins compatible for Editor in 1,32 ms, found 2 plugins.
Preloading 0 native plugins for Editor in 0,00 ms.
Unloading 4427 Unused Serialized files (Serialized files now loaded: 0)
System memory in use before: 239,1 MB.
System memory in use after: 239,1 MB.

Unloading 65 unused Assets to reduce memory usage. Loaded Objects now: 4935.
Total: 12,324789 ms (FindLiveObjects: 0,591523 ms CreateObjectMapping: 0,274018 ms MarkObjects: 11,164663 ms  DeleteObjects: 0,292653 ms)

AssetImportParameters requested are different than current active one (requested -> active):
  custom:video-decoder-ogg-theora: a1e56fd34408186e4bbccfd4996cb3dc -> 
  custom:container-muxer-webm: aa71ff27fc2769a1b78a27578f13a17b -> 
  custom:container-demuxer-webm: 4f35f7cbe854078d1ac9338744f61a02 -> 
  custom:container-demuxer-ogg: 62fdf1f143b41e24485cea50d1cbac27 -> 
  custom:video-encoder-webm-vp8: eb34c28f22e8b96e1ab97ce403110664 -> 
  custom:video-decoder-webm-vp8: 9c59270c3fd7afecdb556c50c9e8de78 -> 
  custom:audio-decoder-ogg-vorbis: bf7c407c2cedff20999df2af8eb42d56 -> 
  custom:audio-encoder-webm-vorbis: bf7c407c2cedff20999df2af8eb42d56 -> 
========================================================================
Received Prepare
Registering precompiled user dll's ...
Registered in 0,009068 seconds.
Begin MonoManager ReloadAssembly
Native extension for LinuxStandalone target not found
Native extension for WindowsStandalone target not found
Refreshing native plugins compatible for Editor in 1,31 ms, found 2 plugins.
Preloading 0 native plugins for Editor in 0,00 ms.
Mono: successfully reloaded assembly
- Completed reload, in  1,614 seconds
Domain Reload Profiling:
	ReloadAssembly (1614ms)
		BeginReloadAssembly (129ms)
			ExecutionOrderSort (0ms)
			DisableScriptedObjects (8ms)
			BackupInstance (0ms)
			ReleaseScriptingObjects (0ms)
			CreateAndSetChildDomain (57ms)
		EndReloadAssembly (1407ms)
			LoadAssemblies (111ms)
			RebuildTransferFunctionScriptingTraits (0ms)
			SetupTypeCache (503ms)
			ReleaseScriptCaches (2ms)
			RebuildScriptCaches (73ms)
			SetupLoadedEditorAssemblies (560ms)
				LogAssemblyErrors (0ms)
				InitializePlatformSupportModulesInManaged (7ms)
				SetLoadedEditorAssemblies (1ms)
				RefreshPlugins (1ms)
				BeforeProcessingInitializeOnLoad (122ms)
				ProcessInitializeOnLoadAttributes (411ms)
				ProcessInitializeOnLoadMethodAttributes (13ms)
				AfterProcessingInitializeOnLoad (4ms)
				EditorAssembliesLoaded (0ms)
			ExecutionOrderSort2 (0ms)
			AwakeInstancesAfterBackupRestoration (13ms)
Platform modules already initialized, skipping
Refreshing native plugins compatible for Editor in 1,22 ms, found 2 plugins.
Preloading 0 native plugins for Editor in 0,00 ms.
Unloading 4427 Unused Serialized files (Serialized files now loaded: 0)
System memory in use before: 239,2 MB.
System memory in use after: 239,1 MB.

Unloading 65 unused Assets to reduce memory usage. Loaded Objects now: 4938.
Total: 13,661876 ms (FindLiveObjects: 0,580799 ms CreateObjectMapping: 0,256786 ms MarkObjects: 12,539099 ms  DeleteObjects: 0,283100 ms)

AssetImportParameters requested are different than current active one (requested -> active):
  custom:video-decoder-ogg-theora: a1e56fd34408186e4bbccfd4996cb3dc -> 
  custom:container-muxer-webm: aa71ff27fc2769a1b78a27578f13a17b -> 
  custom:container-demuxer-webm: 4f35f7cbe854078d1ac9338744f61a02 -> 
  custom:container-demuxer-ogg: 62fdf1f143b41e24485cea50d1cbac27 -> 
  custom:video-encoder-webm-vp8: eb34c28f22e8b96e1ab97ce403110664 -> 
  custom:video-decoder-webm-vp8: 9c59270c3fd7afecdb556c50c9e8de78 -> 
  custom:audio-decoder-ogg-vorbis: bf7c407c2cedff20999df2af8eb42d56 -> 
  custom:audio-encoder-webm-vorbis: bf7c407c2cedff20999df2af8eb42d56 -> 
========================================================================
Received Import Request.
  Time since last request: 294,196129 seconds.
  path: Assets/Project/Sprites/ArtOpis (копия).png
  artifactKey: Guid(3ffd4168f3a601e33834dcffa07f547c) Importer(815301076,1909f56bfc062723c751e8b465ee728b)
Start importing Assets/Project/Sprites/ArtOpis (копия).png using Guid(3ffd4168f3a601e33834dcffa07f547c) Importer(815301076,1909f56bfc062723c751e8b465ee728b)  -> (artifact id: '99e477a09b59849ba02572ae1723f130') in 0,081125 seconds 
  Import took 0,091332 seconds .

========================================================================
Received Import Request.
  Time since last request: 0,000223 seconds.
  path: Assets/Project/Sprites/BackGround.png
  artifactKey: Guid(54e9b2d4916acd10080095dad1216fa8) Importer(815301076,1909f56bfc062723c751e8b465ee728b)
Start importing Assets/Project/Sprites/BackGround.png using Guid(54e9b2d4916acd10080095dad1216fa8) Importer(815301076,1909f56bfc062723c751e8b465ee728b)  -> (artifact id: 'cd2d6c09aee04876b8d0053362ebe11b') in 0,044722 seconds 
  Import took 0,052751 seconds .

========================================================================
Received Import Request.
  Time since last request: 0,000151 seconds.
  path: Assets/Project/Sprites/UIStatsInGame.png
  artifactKey: Guid(e22e13e4bb9712b9cb7dc61f68b96497) Importer(815301076,1909f56bfc062723c751e8b465ee728b)
Start importing Assets/Project/Sprites/UIStatsInGame.png using Guid(e22e13e4bb9712b9cb7dc61f68b96497) Importer(815301076,1909f56bfc062723c751e8b465ee728b)  -> (artifact id: '6f751dea12fb8d8a2c10843198eac3eb') in 0,016503 seconds 
  Import took 0,023753 seconds .

========================================================================
Received Import Request.
  Time since last request: 0,000252 seconds.
  path: Assets/Project/Sprites/Tools .png
  artifactKey: Guid(c84995c279705c6ae866e967c90471fd) Importer(815301076,1909f56bfc062723c751e8b465ee728b)
Start importing Assets/Project/Sprites/Tools .png using Guid(c84995c279705c6ae866e967c90471fd) Importer(815301076,1909f56bfc062723c751e8b465ee728b)  -> (artifact id: 'b3ac8ab045390106a14e076e837e8012') in 0,027456 seconds 
  Import took 0,034998 seconds .

========================================================================
Received Import Request.
  Time since last request: 0,000147 seconds.
  path: Assets/Project/Sprites/Circle.png
  artifactKey: Guid(c1cb2f430443b405eabff59ffa440291) Importer(815301076,1909f56bfc062723c751e8b465ee728b)
Start importing Assets/Project/Sprites/Circle.png using Guid(c1cb2f430443b405eabff59ffa440291) Importer(815301076,1909f56bfc062723c751e8b465ee728b)  -> (artifact id: 'fa32c38657c0569a161d8539875820f7') in 0,011569 seconds 
  Import took 0,019030 seconds .

========================================================================
Received Import Request.
  Time since last request: 0,000168 seconds.
  path: Assets/Project/Sprites/icon.jpg
  artifactKey: Guid(fffd378ed4f604d788af17e9ec346662) Importer(815301076,1909f56bfc062723c751e8b465ee728b)
Start importing Assets/Project/Sprites/icon.jpg using Guid(fffd378ed4f604d788af17e9ec346662) Importer(815301076,1909f56bfc062723c751e8b465ee728b)  -> (artifact id: '04e0d9d684cc688b887a21d272dd5af7') in 0,014300 seconds 
  Import took 0,021919 seconds .

========================================================================
Received Import Request.
  Time since last request: 0,000149 seconds.
  path: Assets/Project/Sprites/Square.png
  artifactKey: Guid(64141bdd2fc3ba3dd9dc48e65b9e048c) Importer(815301076,1909f56bfc062723c751e8b465ee728b)
Start importing Assets/Project/Sprites/Square.png using Guid(64141bdd2fc3ba3dd9dc48e65b9e048c) Importer(815301076,1909f56bfc062723c751e8b465ee728b)  -> (artifact id: '64177a875e219249d34f1ab8c94d9fc1') in 0,012799 seconds 
  Import took 0,020137 seconds .

========================================================================
Received Import Request.
  Time since last request: 3,712773 seconds.
  path: Assets/Project/Sprites/UI/arrow.png
  artifactKey: Guid(a9a94434f40b6e3f1a0580e06a8cbdc1) Importer(815301076,1909f56bfc062723c751e8b465ee728b)
Start importing Assets/Project/Sprites/UI/arrow.png using Guid(a9a94434f40b6e3f1a0580e06a8cbdc1) Importer(815301076,1909f56bfc062723c751e8b465ee728b)  -> (artifact id: '7543895eb83e1b8ba73e4545976cd877') in 0,013367 seconds 
  Import took 0,022998 seconds .

========================================================================
Received Import Request.
  Time since last request: 0,000170 seconds.
  path: Assets/Project/Sprites/UI/BigPanel.png
  artifactKey: Guid(47028ce36d21450689184994698c39a1) Importer(815301076,1909f56bfc062723c751e8b465ee728b)
Start importing Assets/Project/Sprites/UI/BigPanel.png using Guid(47028ce36d21450689184994698c39a1) Importer(815301076,1909f56bfc062723c751e8b465ee728b)  -> (artifact id: '8e4ab5fb2775139af8d47ee6d613a23b') in 0,025304 seconds 
  Import took 0,032799 seconds .

========================================================================
Received Import Request.
  Time since last request: 0,000156 seconds.
  path: Assets/Project/Sprites/UI/UI Buttons .png
  artifactKey: Guid(79e1ee5256c7f0b68af68b0926b449fc) Importer(815301076,1909f56bfc062723c751e8b465ee728b)
Start importing Assets/Project/Sprites/UI/UI Buttons .png using Guid(79e1ee5256c7f0b68af68b0926b449fc) Importer(815301076,1909f56bfc062723c751e8b465ee728b)  -> (artifact id: '07c62548ad55789ce36c5c54c458e54d') in 0,041451 seconds 
  Import took 0,050673 seconds .

========================================================================
Received Import Request.
  Time since last request: 0,000164 seconds.
  path: Assets/Project/Sprites/UI/ground.png
  artifactKey: Guid(a9ffeb94757331bf7abc67fec320dcfe) Importer(815301076,1909f56bfc062723c751e8b465ee728b)
Start importing Assets/Project/Sprites/UI/ground.png using Guid(a9ffeb94757331bf7abc67fec320dcfe) Importer(815301076,1909f56bfc062723c751e8b465ee728b)  -> (artifact id: '4571878eed06c95300af3ee2e1feb846') in 0,018476 seconds 
  Import took 0,025710 seconds .

========================================================================
Received Import Request.
  Time since last request: 0,000230 seconds.
  path: Assets/Project/Sprites/UI/CountryIcon.png
  artifactKey: Guid(652ff5d2e2fe49778a0954597eb78aca) Importer(815301076,1909f56bfc062723c751e8b465ee728b)
Start importing Assets/Project/Sprites/UI/CountryIcon.png using Guid(652ff5d2e2fe49778a0954597eb78aca) Importer(815301076,1909f56bfc062723c751e8b465ee728b)  -> (artifact id: 'f2fd1978e19eff455a2e455fb4c9e1d4') in 0,023964 seconds 
  Import took 0,031400 seconds .

========================================================================
Received Import Request.
  Time since last request: 0,000217 seconds.
  path: Assets/Project/Sprites/UI/UIStatsInGame.png
  artifactKey: Guid(94de1d567e2d00212973741af4cd26c7) Importer(815301076,1909f56bfc062723c751e8b465ee728b)
Start importing Assets/Project/Sprites/UI/UIStatsInGame.png using Guid(94de1d567e2d00212973741af4cd26c7) Importer(815301076,1909f56bfc062723c751e8b465ee728b)  -> (artifact id: '6681a1977bb7b860e2c9ee1202313fc8') in 0,016050 seconds 
  Import took 0,023357 seconds .

========================================================================
Received Import Request.
  Time since last request: 0,000149 seconds.
  path: Assets/Project/Sprites/UI/SmallPanel.png
  artifactKey: Guid(7517d9f6077106dae8830eb4205de9da) Importer(815301076,1909f56bfc062723c751e8b465ee728b)
Start importing Assets/Project/Sprites/UI/SmallPanel.png using Guid(7517d9f6077106dae8830eb4205de9da) Importer(815301076,1909f56bfc062723c751e8b465ee728b)  -> (artifact id: '4d83b431f76bb2d3b2d4aa256272b6e3') in 0,020367 seconds 
  Import took 0,028498 seconds .

========================================================================
Received Import Request.
  Time since last request: 0,000204 seconds.
  path: Assets/Project/Sprites/UI/NonBuilding.png
  artifactKey: Guid(20176183e7034b356ad45a14e80a25ee) Importer(815301076,1909f56bfc062723c751e8b465ee728b)
Start importing Assets/Project/Sprites/UI/NonBuilding.png using Guid(20176183e7034b356ad45a14e80a25ee) Importer(815301076,1909f56bfc062723c751e8b465ee728b)  -> (artifact id: 'a1ad6fa43f9f097694255b4b8208edbd') in 0,013458 seconds 
  Import took 0,021250 seconds .

========================================================================
Received Import Request.
  Time since last request: 0,000149 seconds.
  path: Assets/Project/Sprites/UI/UISettings.png
  artifactKey: Guid(a4a2dd8c35a82fa75b7b6b9480efb0cd) Importer(815301076,1909f56bfc062723c751e8b465ee728b)
Start importing Assets/Project/Sprites/UI/UISettings.png using Guid(a4a2dd8c35a82fa75b7b6b9480efb0cd) Importer(815301076,1909f56bfc062723c751e8b465ee728b)  -> (artifact id: 'b10c91e1d5b3616a935028a5ff2c3f14') in 0,056294 seconds 
  Import took 0,063671 seconds .

========================================================================
Received Import Request.
  Time since last request: 0,000601 seconds.
  path: Assets/Project/Sprites/UI/UpgradeUI.png
  artifactKey: Guid(c2fd68c87d681a19692a847923eb0a6f) Importer(815301076,1909f56bfc062723c751e8b465ee728b)
Start importing Assets/Project/Sprites/UI/UpgradeUI.png using Guid(c2fd68c87d681a19692a847923eb0a6f) Importer(815301076,1909f56bfc062723c751e8b465ee728b)  -> (artifact id: '7946791aca5e34278a3dfb291296f234') in 0,030929 seconds 
  Import took 0,038669 seconds .

========================================================================
Received Import Request.
  Time since last request: 0,000225 seconds.
  path: Assets/Project/Sprites/UI/Money.png
  artifactKey: Guid(467fde4c02b58fa83a2ee9a1e0d0e459) Importer(815301076,1909f56bfc062723c751e8b465ee728b)
Start importing Assets/Project/Sprites/UI/Money.png using Guid(467fde4c02b58fa83a2ee9a1e0d0e459) Importer(815301076,1909f56bfc062723c751e8b465ee728b)  -> (artifact id: '6d0a7c35a3a522a7f0cddabc4a1f2463') in 0,012755 seconds 
  Import took 0,020542 seconds .

========================================================================
Received Import Request.
  Time since last request: 0,000162 seconds.
  path: Assets/Project/Sprites/UI/Circle.png
  artifactKey: Guid(42200f9ef90b2a57481e83e24090523d) Importer(815301076,1909f56bfc062723c751e8b465ee728b)
Start importing Assets/Project/Sprites/UI/Circle.png using Guid(42200f9ef90b2a57481e83e24090523d) Importer(815301076,1909f56bfc062723c751e8b465ee728b)  -> (artifact id: 'e343bb701b5c45a2fb3a4b7b7448d41f') in 0,010897 seconds 
  Import took 0,018141 seconds .

========================================================================
Received Import Request.
  Time since last request: 0,000129 seconds.
  path: Assets/Project/Sprites/UI/ShopUI.png
  artifactKey: Guid(503afc5fb5e79650fa9a25fc66945ef0) Importer(815301076,1909f56bfc062723c751e8b465ee728b)
Start importing Assets/Project/Sprites/UI/ShopUI.png using Guid(503afc5fb5e79650fa9a25fc66945ef0) Importer(815301076,1909f56bfc062723c751e8b465ee728b)  -> (artifact id: 'b07aa7aff4928e78ec4b58e61da5f0d5') in 0,052510 seconds 
  Import took 0,061690 seconds .

========================================================================
Received Import Request.
  Time since last request: 0,000147 seconds.
  path: Assets/Project/Sprites/UI/Fence.png
  artifactKey: Guid(302836a156b89f55da50c7b4b929c23a) Importer(815301076,1909f56bfc062723c751e8b465ee728b)
Start importing Assets/Project/Sprites/UI/Fence.png using Guid(302836a156b89f55da50c7b4b929c23a) Importer(815301076,1909f56bfc062723c751e8b465ee728b)  -> (artifact id: '32666ee5ae9a4a8a73d32306a61bac7e') in 0,011805 seconds 
  Import took 0,019748 seconds .

========================================================================
Received Import Request.
  Time since last request: 0,000175 seconds.
  path: Assets/Project/Sprites/UI/Rewarded.png
  artifactKey: Guid(0f57cd974417d47e88754201898ca346) Importer(815301076,1909f56bfc062723c751e8b465ee728b)
Start importing Assets/Project/Sprites/UI/Rewarded.png using Guid(0f57cd974417d47e88754201898ca346) Importer(815301076,1909f56bfc062723c751e8b465ee728b)  -> (artifact id: '914d72961456540873d68171e012b93f') in 0,012525 seconds 
  Import took 0,020555 seconds .

========================================================================
Received Import Request.
  Time since last request: 0,000222 seconds.
  path: Assets/Project/Sprites/UI/PlusBuilding.png
  artifactKey: Guid(db80abbfd7500728b9e580e7c5966441) Importer(815301076,1909f56bfc062723c751e8b465ee728b)
Start importing Assets/Project/Sprites/UI/PlusBuilding.png using Guid(db80abbfd7500728b9e580e7c5966441) Importer(815301076,1909f56bfc062723c751e8b465ee728b)  -> (artifact id: '3ee6393551d3fe01a9bea149c26f2b1d') in 0,012365 seconds 
  Import took 0,020030 seconds .

========================================================================
Received Import Request.
  Time since last request: 0,001322 seconds.
  path: Assets/Project/Sprites/UI/UIDefender.png
  artifactKey: Guid(1f1924ccc57f6ba2db4fdc42b0d558a4) Importer(815301076,1909f56bfc062723c751e8b465ee728b)
Start importing Assets/Project/Sprites/UI/UIDefender.png using Guid(1f1924ccc57f6ba2db4fdc42b0d558a4) Importer(815301076,1909f56bfc062723c751e8b465ee728b)  -> (artifact id: 'da6c96277a774206ab3f2e50bf180b4b') in 0,044433 seconds 
  Import took 0,052009 seconds .

========================================================================
Received Import Request.
  Time since last request: 0,000224 seconds.
  path: Assets/Project/Sprites/UI/Music .png
  artifactKey: Guid(973d67145b69799578f349dcc099e314) Importer(815301076,1909f56bfc062723c751e8b465ee728b)
Start importing Assets/Project/Sprites/UI/Music .png using Guid(973d67145b69799578f349dcc099e314) Importer(815301076,1909f56bfc062723c751e8b465ee728b)  -> (artifact id: '3b731a8577356ad972137c0ecdd37f28') in 0,017589 seconds 
  Import took 0,025200 seconds .

========================================================================
Received Import Request.
  Time since last request: 0,000231 seconds.
  path: Assets/Project/Sprites/UI/UI.png
  artifactKey: Guid(dd87fa0847e25259a93f8511f73a21ec) Importer(815301076,1909f56bfc062723c751e8b465ee728b)
Start importing Assets/Project/Sprites/UI/UI.png using Guid(dd87fa0847e25259a93f8511f73a21ec) Importer(815301076,1909f56bfc062723c751e8b465ee728b)  -> (artifact id: '5bb9e42b55ca746dfc35f65c362944b8') in 0,057194 seconds 
  Import took 0,065180 seconds .

========================================================================
Received Import Request.
  Time since last request: 0,000293 seconds.
  path: Assets/Project/Sprites/UI/Homes.png
  artifactKey: Guid(0c9fd78f6ca653c0babb484062de586f) Importer(815301076,1909f56bfc062723c751e8b465ee728b)
Start importing Assets/Project/Sprites/UI/Homes.png using Guid(0c9fd78f6ca653c0babb484062de586f) Importer(815301076,1909f56bfc062723c751e8b465ee728b)  -> (artifact id: '7f349ebd79a68ddfca94bcfc6370411a') in 0,022605 seconds 
  Import took 0,030320 seconds .

========================================================================
Received Import Request.
  Time since last request: 0,000214 seconds.
  path: Assets/Project/Sprites/UI/NetworkUI.png
  artifactKey: Guid(0a7adf5bc1db57d66a67f4e0155c6fa5) Importer(815301076,1909f56bfc062723c751e8b465ee728b)
Start importing Assets/Project/Sprites/UI/NetworkUI.png using Guid(0a7adf5bc1db57d66a67f4e0155c6fa5) Importer(815301076,1909f56bfc062723c751e8b465ee728b)  -> (artifact id: '39133aa19b7a590e5b28421d5307fd80') in 0,021216 seconds 
  Import took 0,028759 seconds .

========================================================================
Received Import Request.
  Time since last request: 219,199639 seconds.
  path: Assets/Project/Sprites/UI/YesNo.png
  artifactKey: Guid(82b104a2433166844941bd0eade9a619) Importer(815301076,1909f56bfc062723c751e8b465ee728b)
Start importing Assets/Project/Sprites/UI/YesNo.png using Guid(82b104a2433166844941bd0eade9a619) Importer(815301076,1909f56bfc062723c751e8b465ee728b)  -> (artifact id: '1ccfc88da602b05e7248c75a2d1fc248') in 0,017681 seconds 
  Import took 0,029567 seconds .

========================================================================
Received Import Request.
  Time since last request: 5,886888 seconds.
  path: Assets/Project/Sprites/UI/YesNo.png
  artifactKey: Guid(82b104a2433166844941bd0eade9a619) Importer(815301076,1909f56bfc062723c751e8b465ee728b)
Start importing Assets/Project/Sprites/UI/YesNo.png using Guid(82b104a2433166844941bd0eade9a619) Importer(815301076,1909f56bfc062723c751e8b465ee728b)  -> (artifact id: '114b0da2352e2e166c399aad51a6258d') in 0,008493 seconds 
  Import took 0,018209 seconds .

========================================================================
Received Import Request.
  Time since last request: 3,613068 seconds.
  path: Assets/Project/Sprites/UI/YesNo.png
  artifactKey: Guid(82b104a2433166844941bd0eade9a619) Importer(815301076,1909f56bfc062723c751e8b465ee728b)
Start importing Assets/Project/Sprites/UI/YesNo.png using Guid(82b104a2433166844941bd0eade9a619) Importer(815301076,1909f56bfc062723c751e8b465ee728b)  -> (artifact id: 'cbff61047bd290594f6f60ffdce6a8ba') in 0,019265 seconds 
  Import took 0,030496 seconds .

========================================================================
Received Prepare
Registering precompiled user dll's ...
Registered in 0,009046 seconds.
Begin MonoManager ReloadAssembly
Native extension for LinuxStandalone target not found
Native extension for WindowsStandalone target not found
Refreshing native plugins compatible for Editor in 1,37 ms, found 2 plugins.
Preloading 0 native plugins for Editor in 0,00 ms.
Mono: successfully reloaded assembly
- Completed reload, in  1,641 seconds
Domain Reload Profiling:
	ReloadAssembly (1641ms)
		BeginReloadAssembly (130ms)
			ExecutionOrderSort (0ms)
			DisableScriptedObjects (8ms)
			BackupInstance (0ms)
			ReleaseScriptingObjects (0ms)
			CreateAndSetChildDomain (58ms)
		EndReloadAssembly (1433ms)
			LoadAssemblies (111ms)
			RebuildTransferFunctionScriptingTraits (0ms)
			SetupTypeCache (509ms)
			ReleaseScriptCaches (2ms)
			RebuildScriptCaches (77ms)
			SetupLoadedEditorAssemblies (574ms)
				LogAssemblyErrors (0ms)
				InitializePlatformSupportModulesInManaged (7ms)
				SetLoadedEditorAssemblies (1ms)
				RefreshPlugins (1ms)
				BeforeProcessingInitializeOnLoad (122ms)
				ProcessInitializeOnLoadAttributes (424ms)
				ProcessInitializeOnLoadMethodAttributes (14ms)
				AfterProcessingInitializeOnLoad (4ms)
				EditorAssembliesLoaded (0ms)
			ExecutionOrderSort2 (0ms)
			AwakeInstancesAfterBackupRestoration (14ms)
Platform modules already initialized, skipping
Refreshing native plugins compatible for Editor in 1,23 ms, found 2 plugins.
Preloading 0 native plugins for Editor in 0,00 ms.
Unloading 4427 Unused Serialized files (Serialized files now loaded: 0)
System memory in use before: 241,0 MB.
System memory in use after: 241,0 MB.

Unloading 65 unused Assets to reduce memory usage. Loaded Objects now: 5037.
Total: 9,525600 ms (FindLiveObjects: 0,449348 ms CreateObjectMapping: 0,140133 ms MarkObjects: 8,672675 ms  DeleteObjects: 0,262072 ms)

AssetImportParameters requested are different than current active one (requested -> active):
  custom:video-decoder-ogg-theora: a1e56fd34408186e4bbccfd4996cb3dc -> 
  custom:container-muxer-webm: aa71ff27fc2769a1b78a27578f13a17b -> 
  custom:container-demuxer-webm: 4f35f7cbe854078d1ac9338744f61a02 -> 
  custom:container-demuxer-ogg: 62fdf1f143b41e24485cea50d1cbac27 -> 
  custom:video-encoder-webm-vp8: eb34c28f22e8b96e1ab97ce403110664 -> 
  custom:video-decoder-webm-vp8: 9c59270c3fd7afecdb556c50c9e8de78 -> 
  custom:audio-decoder-ogg-vorbis: bf7c407c2cedff20999df2af8eb42d56 -> 
  custom:audio-encoder-webm-vorbis: bf7c407c2cedff20999df2af8eb42d56 -> 
========================================================================
Received Import Request.
  Time since last request: 183,465408 seconds.
  path: Assets/Project/Prefabs/PanelQuit.prefab
  artifactKey: Guid(2581492cf2ea383febd4d80395a9124d) Importer(815301076,1909f56bfc062723c751e8b465ee728b)
Start importing Assets/Project/Prefabs/PanelQuit.prefab using Guid(2581492cf2ea383febd4d80395a9124d) Importer(815301076,1909f56bfc062723c751e8b465ee728b)  -> (artifact id: '5e15925776152bad38436e1cc3a3d5a3') in 0,092599 seconds 
  Import took 0,105210 seconds .

========================================================================
Received Import Request.
  Time since last request: 36,487076 seconds.
  path: Assets/Project/Scenes/MenuScene.unity
  artifactKey: Guid(698237416ddc0c990af91e73513c7172) Importer(815301076,1909f56bfc062723c751e8b465ee728b)
Start importing Assets/Project/Scenes/MenuScene.unity using Guid(698237416ddc0c990af91e73513c7172) Importer(815301076,1909f56bfc062723c751e8b465ee728b)  -> (artifact id: '5b10e8f36987708676f876d31f696114') in 0,002743 seconds 
  Import took 0,015036 seconds .

========================================================================
Received Import Request.
  Time since last request: 25,588214 seconds.
  path: Assets/Project/Scenes/GameScene.unity
  artifactKey: Guid(f9bb088fa3735de22a539f18f0799442) Importer(815301076,1909f56bfc062723c751e8b465ee728b)
Start importing Assets/Project/Scenes/GameScene.unity using Guid(f9bb088fa3735de22a539f18f0799442) Importer(815301076,1909f56bfc062723c751e8b465ee728b)  -> (artifact id: '9a97521402c2350d43d2521bbc3ea969') in 0,002755 seconds 
  Import took 0,011723 seconds .

========================================================================
Received Prepare
Registering precompiled user dll's ...
Registered in 0,009025 seconds.
Begin MonoManager ReloadAssembly
Native extension for LinuxStandalone target not found
Native extension for WindowsStandalone target not found
Refreshing native plugins compatible for Editor in 1,21 ms, found 2 plugins.
Preloading 0 native plugins for Editor in 0,00 ms.
Mono: successfully reloaded assembly
- Completed reload, in  1,691 seconds
Domain Reload Profiling:
	ReloadAssembly (1692ms)
		BeginReloadAssembly (128ms)
			ExecutionOrderSort (0ms)
			DisableScriptedObjects (8ms)
			BackupInstance (0ms)
			ReleaseScriptingObjects (0ms)
			CreateAndSetChildDomain (59ms)
		EndReloadAssembly (1484ms)
			LoadAssemblies (114ms)
			RebuildTransferFunctionScriptingTraits (0ms)
			SetupTypeCache (516ms)
			ReleaseScriptCaches (2ms)
			RebuildScriptCaches (77ms)
			SetupLoadedEditorAssemblies (614ms)
				LogAssemblyErrors (0ms)
				InitializePlatformSupportModulesInManaged (8ms)
				SetLoadedEditorAssemblies (1ms)
				RefreshPlugins (1ms)
				BeforeProcessingInitializeOnLoad (124ms)
				ProcessInitializeOnLoadAttributes (460ms)
				ProcessInitializeOnLoadMethodAttributes (14ms)
				AfterProcessingInitializeOnLoad (4ms)
				EditorAssembliesLoaded (0ms)
			ExecutionOrderSort2 (0ms)
			AwakeInstancesAfterBackupRestoration (14ms)
Platform modules already initialized, skipping
Refreshing native plugins compatible for Editor in 1,20 ms, found 2 plugins.
Preloading 0 native plugins for Editor in 0,00 ms.
Unloading 4427 Unused Serialized files (Serialized files now loaded: 0)
System memory in use before: 241,0 MB.
System memory in use after: 241,0 MB.

Unloading 66 unused Assets to reduce memory usage. Loaded Objects now: 5040.
Total: 8,489556 ms (FindLiveObjects: 0,480037 ms CreateObjectMapping: 0,164235 ms MarkObjects: 7,599773 ms  DeleteObjects: 0,243378 ms)

AssetImportParameters requested are different than current active one (requested -> active):
  custom:video-decoder-ogg-theora: a1e56fd34408186e4bbccfd4996cb3dc -> 
  custom:container-muxer-webm: aa71ff27fc2769a1b78a27578f13a17b -> 
  custom:container-demuxer-webm: 4f35f7cbe854078d1ac9338744f61a02 -> 
  custom:container-demuxer-ogg: 62fdf1f143b41e24485cea50d1cbac27 -> 
  custom:video-encoder-webm-vp8: eb34c28f22e8b96e1ab97ce403110664 -> 
  custom:video-decoder-webm-vp8: 9c59270c3fd7afecdb556c50c9e8de78 -> 
  custom:audio-decoder-ogg-vorbis: bf7c407c2cedff20999df2af8eb42d56 -> 
  custom:audio-encoder-webm-vorbis: bf7c407c2cedff20999df2af8eb42d56 -> 
========================================================================
Received Import Request.
  Time since last request: 9,557861 seconds.
  path: Assets/Project/Scenes/MenuScene.unity
  artifactKey: Guid(698237416ddc0c990af91e73513c7172) Importer(815301076,1909f56bfc062723c751e8b465ee728b)
Start importing Assets/Project/Scenes/MenuScene.unity using Guid(698237416ddc0c990af91e73513c7172) Importer(815301076,1909f56bfc062723c751e8b465ee728b)  -> (artifact id: '898939d4063644476ce2cc5d18756c6e') in 0,018060 seconds 
  Import took 0,030069 seconds .

========================================================================
Received Prepare
Registering precompiled user dll's ...
Registered in 0,009423 seconds.
Begin MonoManager ReloadAssembly
Native extension for LinuxStandalone target not found
Native extension for WindowsStandalone target not found
Refreshing native plugins compatible for Editor in 1,24 ms, found 2 plugins.
Preloading 0 native plugins for Editor in 0,00 ms.
Mono: successfully reloaded assembly
- Completed reload, in  1,669 seconds
Domain Reload Profiling:
	ReloadAssembly (1669ms)
		BeginReloadAssembly (129ms)
			ExecutionOrderSort (0ms)
			DisableScriptedObjects (9ms)
			BackupInstance (0ms)
			ReleaseScriptingObjects (0ms)
			CreateAndSetChildDomain (60ms)
		EndReloadAssembly (1461ms)
			LoadAssemblies (113ms)
			RebuildTransferFunctionScriptingTraits (0ms)
			SetupTypeCache (506ms)
			ReleaseScriptCaches (2ms)
			RebuildScriptCaches (79ms)
			SetupLoadedEditorAssemblies (594ms)
				LogAssemblyErrors (0ms)
				InitializePlatformSupportModulesInManaged (7ms)
				SetLoadedEditorAssemblies (1ms)
				RefreshPlugins (1ms)
				BeforeProcessingInitializeOnLoad (124ms)
				ProcessInitializeOnLoadAttributes (444ms)
				ProcessInitializeOnLoadMethodAttributes (14ms)
				AfterProcessingInitializeOnLoad (4ms)
				EditorAssembliesLoaded (0ms)
			ExecutionOrderSort2 (0ms)
			AwakeInstancesAfterBackupRestoration (14ms)
Platform modules already initialized, skipping
Refreshing native plugins compatible for Editor in 1,21 ms, found 2 plugins.
Preloading 0 native plugins for Editor in 0,00 ms.
Unloading 4427 Unused Serialized files (Serialized files now loaded: 0)
System memory in use before: 241,1 MB.
System memory in use after: 241,0 MB.

Unloading 65 unused Assets to reduce memory usage. Loaded Objects now: 5043.
Total: 10,106569 ms (FindLiveObjects: 0,537763 ms CreateObjectMapping: 0,200993 ms MarkObjects: 9,103598 ms  DeleteObjects: 0,262573 ms)

AssetImportParameters requested are different than current active one (requested -> active):
  custom:video-decoder-ogg-theora: a1e56fd34408186e4bbccfd4996cb3dc -> 
  custom:container-muxer-webm: aa71ff27fc2769a1b78a27578f13a17b -> 
  custom:container-demuxer-webm: 4f35f7cbe854078d1ac9338744f61a02 -> 
  custom:container-demuxer-ogg: 62fdf1f143b41e24485cea50d1cbac27 -> 
  custom:video-encoder-webm-vp8: eb34c28f22e8b96e1ab97ce403110664 -> 
  custom:video-decoder-webm-vp8: 9c59270c3fd7afecdb556c50c9e8de78 -> 
  custom:audio-decoder-ogg-vorbis: bf7c407c2cedff20999df2af8eb42d56 -> 
  custom:audio-encoder-webm-vorbis: bf7c407c2cedff20999df2af8eb42d56 -> 
========================================================================
Received Prepare
Registering precompiled user dll's ...
Registered in 0,009275 seconds.
Begin MonoManager ReloadAssembly
Native extension for LinuxStandalone target not found
Native extension for WindowsStandalone target not found
Refreshing native plugins compatible for Editor in 1,29 ms, found 2 plugins.
Preloading 0 native plugins for Editor in 0,00 ms.
Mono: successfully reloaded assembly
- Completed reload, in  1,673 seconds
Domain Reload Profiling:
	ReloadAssembly (1674ms)
		BeginReloadAssembly (137ms)
			ExecutionOrderSort (0ms)
			DisableScriptedObjects (10ms)
			BackupInstance (0ms)
			ReleaseScriptingObjects (0ms)
			CreateAndSetChildDomain (61ms)
		EndReloadAssembly (1453ms)
			LoadAssemblies (126ms)
			RebuildTransferFunctionScriptingTraits (0ms)
			SetupTypeCache (518ms)
			ReleaseScriptCaches (2ms)
			RebuildScriptCaches (88ms)
			SetupLoadedEditorAssemblies (568ms)
				LogAssemblyErrors (0ms)
				InitializePlatformSupportModulesInManaged (7ms)
				SetLoadedEditorAssemblies (1ms)
				RefreshPlugins (1ms)
				BeforeProcessingInitializeOnLoad (123ms)
				ProcessInitializeOnLoadAttributes (418ms)
				ProcessInitializeOnLoadMethodAttributes (13ms)
				AfterProcessingInitializeOnLoad (4ms)
				EditorAssembliesLoaded (0ms)
			ExecutionOrderSort2 (0ms)
			AwakeInstancesAfterBackupRestoration (13ms)
Platform modules already initialized, skipping
Refreshing native plugins compatible for Editor in 1,33 ms, found 2 plugins.
Preloading 0 native plugins for Editor in 0,00 ms.
Unloading 4427 Unused Serialized files (Serialized files now loaded: 0)
System memory in use before: 241,1 MB.
System memory in use after: 241,0 MB.

Unloading 65 unused Assets to reduce memory usage. Loaded Objects now: 5046.
Total: 14,684803 ms (FindLiveObjects: 0,634520 ms CreateObjectMapping: 0,265377 ms MarkObjects: 13,526779 ms  DeleteObjects: 0,256475 ms)

AssetImportParameters requested are different than current active one (requested -> active):
  custom:video-decoder-ogg-theora: a1e56fd34408186e4bbccfd4996cb3dc -> 
  custom:container-muxer-webm: aa71ff27fc2769a1b78a27578f13a17b -> 
  custom:container-demuxer-webm: 4f35f7cbe854078d1ac9338744f61a02 -> 
  custom:container-demuxer-ogg: 62fdf1f143b41e24485cea50d1cbac27 -> 
  custom:video-encoder-webm-vp8: eb34c28f22e8b96e1ab97ce403110664 -> 
  custom:video-decoder-webm-vp8: 9c59270c3fd7afecdb556c50c9e8de78 -> 
  custom:audio-decoder-ogg-vorbis: bf7c407c2cedff20999df2af8eb42d56 -> 
  custom:audio-encoder-webm-vorbis: bf7c407c2cedff20999df2af8eb42d56 -> 
========================================================================
Received Import Request.
  Time since last request: 108,070086 seconds.
  path: Assets/Project/Scripts/Managers/QuitManagerButton.cs
  artifactKey: Guid(c835618e23ec5d571956d7957fde9bee) Importer(815301076,1909f56bfc062723c751e8b465ee728b)
Start importing Assets/Project/Scripts/Managers/QuitManagerButton.cs using Guid(c835618e23ec5d571956d7957fde9bee) Importer(815301076,1909f56bfc062723c751e8b465ee728b)  -> (artifact id: '1b10e14f546e6b4f7895a3453a5cfe7f') in 0,011994 seconds 
  Import took 0,021228 seconds .

========================================================================
Received Prepare
Registering precompiled user dll's ...
Registered in 0,009113 seconds.
Begin MonoManager ReloadAssembly
Native extension for LinuxStandalone target not found
Native extension for WindowsStandalone target not found
Refreshing native plugins compatible for Editor in 1,31 ms, found 2 plugins.
Preloading 0 native plugins for Editor in 0,00 ms.
Mono: successfully reloaded assembly
- Completed reload, in  1,712 seconds
Domain Reload Profiling:
	ReloadAssembly (1713ms)
		BeginReloadAssembly (131ms)
			ExecutionOrderSort (0ms)
			DisableScriptedObjects (9ms)
			BackupInstance (0ms)
			ReleaseScriptingObjects (0ms)
			CreateAndSetChildDomain (59ms)
		EndReloadAssembly (1502ms)
			LoadAssemblies (113ms)
			RebuildTransferFunctionScriptingTraits (0ms)
			SetupTypeCache (509ms)
			ReleaseScriptCaches (2ms)
			RebuildScriptCaches (77ms)
			SetupLoadedEditorAssemblies (640ms)
				LogAssemblyErrors (0ms)
				InitializePlatformSupportModulesInManaged (8ms)
				SetLoadedEditorAssemblies (1ms)
				RefreshPlugins (1ms)
				BeforeProcessingInitializeOnLoad (127ms)
				ProcessInitializeOnLoadAttributes (486ms)
				ProcessInitializeOnLoadMethodAttributes (13ms)
				AfterProcessingInitializeOnLoad (4ms)
				EditorAssembliesLoaded (0ms)
			ExecutionOrderSort2 (0ms)
			AwakeInstancesAfterBackupRestoration (13ms)
Platform modules already initialized, skipping
Refreshing native plugins compatible for Editor in 1,24 ms, found 2 plugins.
Preloading 0 native plugins for Editor in 0,00 ms.
Unloading 4428 Unused Serialized files (Serialized files now loaded: 0)
System memory in use before: 241,1 MB.
System memory in use after: 241,0 MB.

Unloading 65 unused Assets to reduce memory usage. Loaded Objects now: 5050.
Total: 10,637503 ms (FindLiveObjects: 0,648738 ms CreateObjectMapping: 0,301064 ms MarkObjects: 9,380360 ms  DeleteObjects: 0,305089 ms)

AssetImportParameters requested are different than current active one (requested -> active):
  custom:video-decoder-ogg-theora: a1e56fd34408186e4bbccfd4996cb3dc -> 
  custom:container-muxer-webm: aa71ff27fc2769a1b78a27578f13a17b -> 
  custom:container-demuxer-webm: 4f35f7cbe854078d1ac9338744f61a02 -> 
  custom:container-demuxer-ogg: 62fdf1f143b41e24485cea50d1cbac27 -> 
  custom:video-encoder-webm-vp8: eb34c28f22e8b96e1ab97ce403110664 -> 
  custom:video-decoder-webm-vp8: 9c59270c3fd7afecdb556c50c9e8de78 -> 
  custom:audio-decoder-ogg-vorbis: bf7c407c2cedff20999df2af8eb42d56 -> 
  custom:audio-encoder-webm-vorbis: bf7c407c2cedff20999df2af8eb42d56 -> 
========================================================================
Received Import Request.
  Time since last request: 489,764458 seconds.
  path: Assets/Project/Scripts/Managers/QuitManagerButton.cs
  artifactKey: Guid(c835618e23ec5d571956d7957fde9bee) Importer(815301076,1909f56bfc062723c751e8b465ee728b)
Start importing Assets/Project/Scripts/Managers/QuitManagerButton.cs using Guid(c835618e23ec5d571956d7957fde9bee) Importer(815301076,1909f56bfc062723c751e8b465ee728b)  -> (artifact id: '9d3be24d0458037b3e17ceb3ae72ea71') in 0,010010 seconds 
  Import took 0,021766 seconds .

========================================================================
Received Prepare
Registering precompiled user dll's ...
Registered in 0,009381 seconds.
Begin MonoManager ReloadAssembly
Native extension for LinuxStandalone target not found
Native extension for WindowsStandalone target not found
Refreshing native plugins compatible for Editor in 1,21 ms, found 2 plugins.
Preloading 0 native plugins for Editor in 0,00 ms.
Mono: successfully reloaded assembly
- Completed reload, in  1,655 seconds
Domain Reload Profiling:
	ReloadAssembly (1655ms)
		BeginReloadAssembly (135ms)
			ExecutionOrderSort (0ms)
			DisableScriptedObjects (9ms)
			BackupInstance (0ms)
			ReleaseScriptingObjects (0ms)
			CreateAndSetChildDomain (67ms)
		EndReloadAssembly (1441ms)
			LoadAssemblies (111ms)
			RebuildTransferFunctionScriptingTraits (0ms)
			SetupTypeCache (508ms)
			ReleaseScriptCaches (2ms)
			RebuildScriptCaches (73ms)
			SetupLoadedEditorAssemblies (591ms)
				LogAssemblyErrors (0ms)
				InitializePlatformSupportModulesInManaged (7ms)
				SetLoadedEditorAssemblies (1ms)
				RefreshPlugins (1ms)
				BeforeProcessingInitializeOnLoad (123ms)
				ProcessInitializeOnLoadAttributes (442ms)
				ProcessInitializeOnLoadMethodAttributes (13ms)
				AfterProcessingInitializeOnLoad (4ms)
				EditorAssembliesLoaded (0ms)
			ExecutionOrderSort2 (0ms)
			AwakeInstancesAfterBackupRestoration (13ms)
Platform modules already initialized, skipping
Refreshing native plugins compatible for Editor in 1,23 ms, found 2 plugins.
Preloading 0 native plugins for Editor in 0,00 ms.
Unloading 4428 Unused Serialized files (Serialized files now loaded: 0)
System memory in use before: 241,1 MB.
System memory in use after: 241,0 MB.

Unloading 65 unused Assets to reduce memory usage. Loaded Objects now: 5053.
Total: 11,158825 ms (FindLiveObjects: 0,640907 ms CreateObjectMapping: 0,291371 ms MarkObjects: 9,918584 ms  DeleteObjects: 0,306090 ms)

AssetImportParameters requested are different than current active one (requested -> active):
  custom:video-decoder-ogg-theora: a1e56fd34408186e4bbccfd4996cb3dc -> 
  custom:container-muxer-webm: aa71ff27fc2769a1b78a27578f13a17b -> 
  custom:container-demuxer-webm: 4f35f7cbe854078d1ac9338744f61a02 -> 
  custom:container-demuxer-ogg: 62fdf1f143b41e24485cea50d1cbac27 -> 
  custom:video-encoder-webm-vp8: eb34c28f22e8b96e1ab97ce403110664 -> 
  custom:video-decoder-webm-vp8: 9c59270c3fd7afecdb556c50c9e8de78 -> 
  custom:audio-decoder-ogg-vorbis: bf7c407c2cedff20999df2af8eb42d56 -> 
  custom:audio-encoder-webm-vorbis: bf7c407c2cedff20999df2af8eb42d56 -> 
========================================================================
Received Import Request.
  Time since last request: 49,356965 seconds.
  path: Assets/Project/Scripts/Managers/QuitManagerButton.cs
  artifactKey: Guid(c835618e23ec5d571956d7957fde9bee) Importer(815301076,1909f56bfc062723c751e8b465ee728b)
Start importing Assets/Project/Scripts/Managers/QuitManagerButton.cs using Guid(c835618e23ec5d571956d7957fde9bee) Importer(815301076,1909f56bfc062723c751e8b465ee728b)  -> (artifact id: 'a5414bba400e5deb49484ba1a4da7b4d') in 0,008275 seconds 
  Import took 0,016090 seconds .

========================================================================
Received Import Request.
  Time since last request: 10,477898 seconds.
  path: Assets/Project/Prefabs/PanelQuit.prefab
  artifactKey: Guid(2581492cf2ea383febd4d80395a9124d) Importer(815301076,1909f56bfc062723c751e8b465ee728b)
Start importing Assets/Project/Prefabs/PanelQuit.prefab using Guid(2581492cf2ea383febd4d80395a9124d) Importer(815301076,1909f56bfc062723c751e8b465ee728b)  -> (artifact id: '0a646e4417363e98ff5be013dd47dced') in 0,083269 seconds 
  Import took 0,093840 seconds .

========================================================================
Received Prepare
Registering precompiled user dll's ...
Registered in 0,009053 seconds.
Begin MonoManager ReloadAssembly
Native extension for LinuxStandalone target not found
Native extension for WindowsStandalone target not found
Refreshing native plugins compatible for Editor in 1,23 ms, found 2 plugins.
Preloading 0 native plugins for Editor in 0,00 ms.
Mono: successfully reloaded assembly
- Completed reload, in  1,642 seconds
Domain Reload Profiling:
	ReloadAssembly (1643ms)
		BeginReloadAssembly (138ms)
			ExecutionOrderSort (0ms)
			DisableScriptedObjects (9ms)
			BackupInstance (0ms)
			ReleaseScriptingObjects (0ms)
			CreateAndSetChildDomain (66ms)
		EndReloadAssembly (1425ms)
			LoadAssemblies (112ms)
			RebuildTransferFunctionScriptingTraits (0ms)
			SetupTypeCache (508ms)
			ReleaseScriptCaches (2ms)
			RebuildScriptCaches (74ms)
			SetupLoadedEditorAssemblies (571ms)
				LogAssemblyErrors (0ms)
				InitializePlatformSupportModulesInManaged (8ms)
				SetLoadedEditorAssemblies (1ms)
				RefreshPlugins (1ms)
				BeforeProcessingInitializeOnLoad (124ms)
				ProcessInitializeOnLoadAttributes (419ms)
				ProcessInitializeOnLoadMethodAttributes (13ms)
				AfterProcessingInitializeOnLoad (4ms)
				EditorAssembliesLoaded (0ms)
			ExecutionOrderSort2 (0ms)
			AwakeInstancesAfterBackupRestoration (13ms)
Platform modules already initialized, skipping
Refreshing native plugins compatible for Editor in 1,24 ms, found 2 plugins.
Preloading 0 native plugins for Editor in 0,00 ms.
Unloading 4428 Unused Serialized files (Serialized files now loaded: 0)
System memory in use before: 241,1 MB.
System memory in use after: 241,1 MB.

Unloading 66 unused Assets to reduce memory usage. Loaded Objects now: 5056.
Total: 15,295171 ms (FindLiveObjects: 0,615895 ms CreateObjectMapping: 0,296297 ms MarkObjects: 14,110172 ms  DeleteObjects: 0,271105 ms)

AssetImportParameters requested are different than current active one (requested -> active):
  custom:video-decoder-ogg-theora: a1e56fd34408186e4bbccfd4996cb3dc -> 
  custom:container-muxer-webm: aa71ff27fc2769a1b78a27578f13a17b -> 
  custom:container-demuxer-webm: 4f35f7cbe854078d1ac9338744f61a02 -> 
  custom:container-demuxer-ogg: 62fdf1f143b41e24485cea50d1cbac27 -> 
  custom:video-encoder-webm-vp8: eb34c28f22e8b96e1ab97ce403110664 -> 
  custom:video-decoder-webm-vp8: 9c59270c3fd7afecdb556c50c9e8de78 -> 
  custom:audio-decoder-ogg-vorbis: bf7c407c2cedff20999df2af8eb42d56 -> 
  custom:audio-encoder-webm-vorbis: bf7c407c2cedff20999df2af8eb42d56 -> 
========================================================================
Received Prepare
Registering precompiled user dll's ...
Registered in 0,009084 seconds.
Begin MonoManager ReloadAssembly
Native extension for LinuxStandalone target not found
Native extension for WindowsStandalone target not found
Refreshing native plugins compatible for Editor in 1,23 ms, found 2 plugins.
Preloading 0 native plugins for Editor in 0,00 ms.
Mono: successfully reloaded assembly
- Completed reload, in  1,698 seconds
Domain Reload Profiling:
	ReloadAssembly (1699ms)
		BeginReloadAssembly (135ms)
			ExecutionOrderSort (0ms)
			DisableScriptedObjects (9ms)
			BackupInstance (0ms)
			ReleaseScriptingObjects (0ms)
			CreateAndSetChildDomain (63ms)
		EndReloadAssembly (1482ms)
			LoadAssemblies (113ms)
			RebuildTransferFunctionScriptingTraits (0ms)
			SetupTypeCache (522ms)
			ReleaseScriptCaches (2ms)
			RebuildScriptCaches (76ms)
			SetupLoadedEditorAssemblies (604ms)
				LogAssemblyErrors (0ms)
				InitializePlatformSupportModulesInManaged (7ms)
				SetLoadedEditorAssemblies (1ms)
				RefreshPlugins (1ms)
				BeforeProcessingInitializeOnLoad (123ms)
				ProcessInitializeOnLoadAttributes (454ms)
				ProcessInitializeOnLoadMethodAttributes (14ms)
				AfterProcessingInitializeOnLoad (4ms)
				EditorAssembliesLoaded (0ms)
			ExecutionOrderSort2 (0ms)
			AwakeInstancesAfterBackupRestoration (14ms)
Platform modules already initialized, skipping
Refreshing native plugins compatible for Editor in 1,24 ms, found 2 plugins.
Preloading 0 native plugins for Editor in 0,00 ms.
Unloading 4428 Unused Serialized files (Serialized files now loaded: 0)
System memory in use before: 241,1 MB.
System memory in use after: 241,1 MB.

Unloading 65 unused Assets to reduce memory usage. Loaded Objects now: 5059.
Total: 14,269851 ms (FindLiveObjects: 0,614293 ms CreateObjectMapping: 0,291771 ms MarkObjects: 13,042827 ms  DeleteObjects: 0,318677 ms)

AssetImportParameters requested are different than current active one (requested -> active):
  custom:video-decoder-ogg-theora: a1e56fd34408186e4bbccfd4996cb3dc -> 
  custom:container-muxer-webm: aa71ff27fc2769a1b78a27578f13a17b -> 
  custom:container-demuxer-webm: 4f35f7cbe854078d1ac9338744f61a02 -> 
  custom:container-demuxer-ogg: 62fdf1f143b41e24485cea50d1cbac27 -> 
  custom:video-encoder-webm-vp8: eb34c28f22e8b96e1ab97ce403110664 -> 
  custom:video-decoder-webm-vp8: 9c59270c3fd7afecdb556c50c9e8de78 -> 
  custom:audio-decoder-ogg-vorbis: bf7c407c2cedff20999df2af8eb42d56 -> 
  custom:audio-encoder-webm-vorbis: bf7c407c2cedff20999df2af8eb42d56 -> 
========================================================================
Received Import Request.
  Time since last request: 116,137726 seconds.
  path: Assets/Project/Prefabs/PanelQuit.prefab
  artifactKey: Guid(2581492cf2ea383febd4d80395a9124d) Importer(815301076,1909f56bfc062723c751e8b465ee728b)
Start importing Assets/Project/Prefabs/PanelQuit.prefab using Guid(2581492cf2ea383febd4d80395a9124d) Importer(815301076,1909f56bfc062723c751e8b465ee728b)  -> (artifact id: '91949c3d741595691a7cc993aa88286b') in 0,091539 seconds 
  Import took 0,104975 seconds .

========================================================================
Received Import Request.
  Time since last request: 3,033995 seconds.
  path: Assets/Project/Prefabs/PanelQuit.prefab
  artifactKey: Guid(2581492cf2ea383febd4d80395a9124d) Importer(815301076,1909f56bfc062723c751e8b465ee728b)
Start importing Assets/Project/Prefabs/PanelQuit.prefab using Guid(2581492cf2ea383febd4d80395a9124d) Importer(815301076,1909f56bfc062723c751e8b465ee728b)  -> (artifact id: 'ee23c21e4fcc329eebaaba83c7191eb8') in 0,013541 seconds 
  Import took 0,023637 seconds .

========================================================================
Received Prepare
Registering precompiled user dll's ...
Registered in 0,009064 seconds.
Begin MonoManager ReloadAssembly
Native extension for LinuxStandalone target not found
Native extension for WindowsStandalone target not found
Refreshing native plugins compatible for Editor in 1,29 ms, found 2 plugins.
Preloading 0 native plugins for Editor in 0,00 ms.
Mono: successfully reloaded assembly
- Completed reload, in  1,657 seconds
Domain Reload Profiling:
	ReloadAssembly (1657ms)
		BeginReloadAssembly (135ms)
			ExecutionOrderSort (0ms)
			DisableScriptedObjects (9ms)
			BackupInstance (0ms)
			ReleaseScriptingObjects (0ms)
			CreateAndSetChildDomain (63ms)
		EndReloadAssembly (1443ms)
			LoadAssemblies (110ms)
			RebuildTransferFunctionScriptingTraits (0ms)
			SetupTypeCache (509ms)
			ReleaseScriptCaches (2ms)
			RebuildScriptCaches (75ms)
			SetupLoadedEditorAssemblies (586ms)
				LogAssemblyErrors (0ms)
				InitializePlatformSupportModulesInManaged (8ms)
				SetLoadedEditorAssemblies (1ms)
				RefreshPlugins (1ms)
				BeforeProcessingInitializeOnLoad (122ms)
				ProcessInitializeOnLoadAttributes (436ms)
				ProcessInitializeOnLoadMethodAttributes (14ms)
				AfterProcessingInitializeOnLoad (4ms)
				EditorAssembliesLoaded (0ms)
			ExecutionOrderSort2 (0ms)
			AwakeInstancesAfterBackupRestoration (14ms)
Platform modules already initialized, skipping
Refreshing native plugins compatible for Editor in 1,24 ms, found 2 plugins.
Preloading 0 native plugins for Editor in 0,00 ms.
Unloading 4428 Unused Serialized files (Serialized files now loaded: 0)
System memory in use before: 241,1 MB.
System memory in use after: 241,1 MB.

Unloading 66 unused Assets to reduce memory usage. Loaded Objects now: 5062.
Total: 13,394667 ms (FindLiveObjects: 0,625458 ms CreateObjectMapping: 0,264455 ms MarkObjects: 12,201188 ms  DeleteObjects: 0,301805 ms)

AssetImportParameters requested are different than current active one (requested -> active):
  custom:video-decoder-ogg-theora: a1e56fd34408186e4bbccfd4996cb3dc -> 
  custom:container-muxer-webm: aa71ff27fc2769a1b78a27578f13a17b -> 
  custom:container-demuxer-webm: 4f35f7cbe854078d1ac9338744f61a02 -> 
  custom:container-demuxer-ogg: 62fdf1f143b41e24485cea50d1cbac27 -> 
  custom:video-encoder-webm-vp8: eb34c28f22e8b96e1ab97ce403110664 -> 
  custom:video-decoder-webm-vp8: 9c59270c3fd7afecdb556c50c9e8de78 -> 
  custom:audio-decoder-ogg-vorbis: bf7c407c2cedff20999df2af8eb42d56 -> 
  custom:audio-encoder-webm-vorbis: bf7c407c2cedff20999df2af8eb42d56 -> 
========================================================================
Received Prepare
Registering precompiled user dll's ...
Registered in 0,009074 seconds.
Begin MonoManager ReloadAssembly
Native extension for LinuxStandalone target not found
Native extension for WindowsStandalone target not found
Refreshing native plugins compatible for Editor in 1,35 ms, found 2 plugins.
Preloading 0 native plugins for Editor in 0,00 ms.
Mono: successfully reloaded assembly
- Completed reload, in  1,659 seconds
Domain Reload Profiling:
	ReloadAssembly (1660ms)
		BeginReloadAssembly (139ms)
			ExecutionOrderSort (0ms)
			DisableScriptedObjects (9ms)
			BackupInstance (0ms)
			ReleaseScriptingObjects (0ms)
			CreateAndSetChildDomain (65ms)
		EndReloadAssembly (1440ms)
			LoadAssemblies (112ms)
			RebuildTransferFunctionScriptingTraits (0ms)
			SetupTypeCache (510ms)
			ReleaseScriptCaches (2ms)
			RebuildScriptCaches (75ms)
			SetupLoadedEditorAssemblies (584ms)
				LogAssemblyErrors (0ms)
				InitializePlatformSupportModulesInManaged (7ms)
				SetLoadedEditorAssemblies (1ms)
				RefreshPlugins (1ms)
				BeforeProcessingInitializeOnLoad (122ms)
				ProcessInitializeOnLoadAttributes (435ms)
				ProcessInitializeOnLoadMethodAttributes (14ms)
				AfterProcessingInitializeOnLoad (4ms)
				EditorAssembliesLoaded (0ms)
			ExecutionOrderSort2 (0ms)
			AwakeInstancesAfterBackupRestoration (13ms)
Platform modules already initialized, skipping
Refreshing native plugins compatible for Editor in 1,30 ms, found 2 plugins.
Preloading 0 native plugins for Editor in 0,00 ms.
Unloading 4428 Unused Serialized files (Serialized files now loaded: 0)
System memory in use before: 241,1 MB.
System memory in use after: 241,1 MB.

Unloading 65 unused Assets to reduce memory usage. Loaded Objects now: 5065.
Total: 13,233486 ms (FindLiveObjects: 0,636311 ms CreateObjectMapping: 0,271005 ms MarkObjects: 12,047937 ms  DeleteObjects: 0,276702 ms)

AssetImportParameters requested are different than current active one (requested -> active):
  custom:video-decoder-ogg-theora: a1e56fd34408186e4bbccfd4996cb3dc -> 
  custom:container-muxer-webm: aa71ff27fc2769a1b78a27578f13a17b -> 
  custom:container-demuxer-webm: 4f35f7cbe854078d1ac9338744f61a02 -> 
  custom:container-demuxer-ogg: 62fdf1f143b41e24485cea50d1cbac27 -> 
  custom:video-encoder-webm-vp8: eb34c28f22e8b96e1ab97ce403110664 -> 
  custom:video-decoder-webm-vp8: 9c59270c3fd7afecdb556c50c9e8de78 -> 
  custom:audio-decoder-ogg-vorbis: bf7c407c2cedff20999df2af8eb42d56 -> 
  custom:audio-encoder-webm-vorbis: bf7c407c2cedff20999df2af8eb42d56 -> 
========================================================================
Received Prepare
Registering precompiled user dll's ...
Registered in 0,009261 seconds.
Begin MonoManager ReloadAssembly
Native extension for LinuxStandalone target not found
Native extension for WindowsStandalone target not found
Refreshing native plugins compatible for Editor in 1,27 ms, found 2 plugins.
Preloading 0 native plugins for Editor in 0,00 ms.
Mono: successfully reloaded assembly
- Completed reload, in  1,719 seconds
Domain Reload Profiling:
	ReloadAssembly (1719ms)
		BeginReloadAssembly (134ms)
			ExecutionOrderSort (0ms)
			DisableScriptedObjects (9ms)
			BackupInstance (0ms)
			ReleaseScriptingObjects (0ms)
			CreateAndSetChildDomain (61ms)
		EndReloadAssembly (1504ms)
			LoadAssemblies (114ms)
			RebuildTransferFunctionScriptingTraits (0ms)
			SetupTypeCache (535ms)
			ReleaseScriptCaches (2ms)
			RebuildScriptCaches (79ms)
			SetupLoadedEditorAssemblies (599ms)
				LogAssemblyErrors (0ms)
				InitializePlatformSupportModulesInManaged (8ms)
				SetLoadedEditorAssemblies (1ms)
				RefreshPlugins (1ms)
				BeforeProcessingInitializeOnLoad (129ms)
				ProcessInitializeOnLoadAttributes (442ms)
				ProcessInitializeOnLoadMethodAttributes (14ms)
				AfterProcessingInitializeOnLoad (4ms)
				EditorAssembliesLoaded (0ms)
			ExecutionOrderSort2 (0ms)
			AwakeInstancesAfterBackupRestoration (14ms)
Platform modules already initialized, skipping
Refreshing native plugins compatible for Editor in 1,27 ms, found 2 plugins.
Preloading 0 native plugins for Editor in 0,00 ms.
Unloading 4428 Unused Serialized files (Serialized files now loaded: 0)
System memory in use before: 241,1 MB.
System memory in use after: 241,1 MB.

Unloading 65 unused Assets to reduce memory usage. Loaded Objects now: 5068.
Total: 11,296785 ms (FindLiveObjects: 0,621552 ms CreateObjectMapping: 0,302095 ms MarkObjects: 10,059168 ms  DeleteObjects: 0,311577 ms)

AssetImportParameters requested are different than current active one (requested -> active):
  custom:video-decoder-ogg-theora: a1e56fd34408186e4bbccfd4996cb3dc -> 
  custom:container-muxer-webm: aa71ff27fc2769a1b78a27578f13a17b -> 
  custom:container-demuxer-webm: 4f35f7cbe854078d1ac9338744f61a02 -> 
  custom:container-demuxer-ogg: 62fdf1f143b41e24485cea50d1cbac27 -> 
  custom:video-encoder-webm-vp8: eb34c28f22e8b96e1ab97ce403110664 -> 
  custom:video-decoder-webm-vp8: 9c59270c3fd7afecdb556c50c9e8de78 -> 
  custom:audio-decoder-ogg-vorbis: bf7c407c2cedff20999df2af8eb42d56 -> 
  custom:audio-encoder-webm-vorbis: bf7c407c2cedff20999df2af8eb42d56 -> 
========================================================================
Received Prepare
Registering precompiled user dll's ...
Registered in 0,009123 seconds.
Begin MonoManager ReloadAssembly
Native extension for LinuxStandalone target not found
Native extension for WindowsStandalone target not found
Refreshing native plugins compatible for Editor in 1,30 ms, found 2 plugins.
Preloading 0 native plugins for Editor in 0,00 ms.
Mono: successfully reloaded assembly
- Completed reload, in  1,718 seconds
Domain Reload Profiling:
	ReloadAssembly (1719ms)
		BeginReloadAssembly (144ms)
			ExecutionOrderSort (0ms)
			DisableScriptedObjects (10ms)
			BackupInstance (0ms)
			ReleaseScriptingObjects (0ms)
			CreateAndSetChildDomain (71ms)
		EndReloadAssembly (1493ms)
			LoadAssemblies (113ms)
			RebuildTransferFunctionScriptingTraits (0ms)
			SetupTypeCache (520ms)
			ReleaseScriptCaches (2ms)
			RebuildScriptCaches (81ms)
			SetupLoadedEditorAssemblies (609ms)
				LogAssemblyErrors (0ms)
				InitializePlatformSupportModulesInManaged (8ms)
				SetLoadedEditorAssemblies (1ms)
				RefreshPlugins (1ms)
				BeforeProcessingInitializeOnLoad (126ms)
				ProcessInitializeOnLoadAttributes (455ms)
				ProcessInitializeOnLoadMethodAttributes (14ms)
				AfterProcessingInitializeOnLoad (4ms)
				EditorAssembliesLoaded (0ms)
			ExecutionOrderSort2 (0ms)
			AwakeInstancesAfterBackupRestoration (14ms)
Platform modules already initialized, skipping
Refreshing native plugins compatible for Editor in 1,31 ms, found 2 plugins.
Preloading 0 native plugins for Editor in 0,00 ms.
Unloading 4428 Unused Serialized files (Serialized files now loaded: 0)
System memory in use before: 241,2 MB.
System memory in use after: 241,1 MB.

Unloading 65 unused Assets to reduce memory usage. Loaded Objects now: 5071.
Total: 12,860739 ms (FindLiveObjects: 0,694257 ms CreateObjectMapping: 0,285823 ms MarkObjects: 11,556555 ms  DeleteObjects: 0,322322 ms)

AssetImportParameters requested are different than current active one (requested -> active):
  custom:video-decoder-ogg-theora: a1e56fd34408186e4bbccfd4996cb3dc -> 
  custom:container-muxer-webm: aa71ff27fc2769a1b78a27578f13a17b -> 
  custom:container-demuxer-webm: 4f35f7cbe854078d1ac9338744f61a02 -> 
  custom:container-demuxer-ogg: 62fdf1f143b41e24485cea50d1cbac27 -> 
  custom:video-encoder-webm-vp8: eb34c28f22e8b96e1ab97ce403110664 -> 
  custom:video-decoder-webm-vp8: 9c59270c3fd7afecdb556c50c9e8de78 -> 
  custom:audio-decoder-ogg-vorbis: bf7c407c2cedff20999df2af8eb42d56 -> 
  custom:audio-encoder-webm-vorbis: bf7c407c2cedff20999df2af8eb42d56 -> 
========================================================================
Received Prepare
Registering precompiled user dll's ...
Registered in 0,009235 seconds.
Begin MonoManager ReloadAssembly
Native extension for LinuxStandalone target not found
Native extension for WindowsStandalone target not found
Refreshing native plugins compatible for Editor in 1,27 ms, found 2 plugins.
Preloading 0 native plugins for Editor in 0,00 ms.
Mono: successfully reloaded assembly
- Completed reload, in  1,654 seconds
Domain Reload Profiling:
	ReloadAssembly (1655ms)
		BeginReloadAssembly (136ms)
			ExecutionOrderSort (0ms)
			DisableScriptedObjects (9ms)
			BackupInstance (0ms)
			ReleaseScriptingObjects (0ms)
			CreateAndSetChildDomain (65ms)
		EndReloadAssembly (1440ms)
			LoadAssemblies (110ms)
			RebuildTransferFunctionScriptingTraits (0ms)
			SetupTypeCache (522ms)
			ReleaseScriptCaches (2ms)
			RebuildScriptCaches (78ms)
			SetupLoadedEditorAssemblies (565ms)
				LogAssemblyErrors (0ms)
				InitializePlatformSupportModulesInManaged (7ms)
				SetLoadedEditorAssemblies (1ms)
				RefreshPlugins (1ms)
				BeforeProcessingInitializeOnLoad (127ms)
				ProcessInitializeOnLoadAttributes (411ms)
				ProcessInitializeOnLoadMethodAttributes (13ms)
				AfterProcessingInitializeOnLoad (5ms)
				EditorAssembliesLoaded (0ms)
			ExecutionOrderSort2 (0ms)
			AwakeInstancesAfterBackupRestoration (13ms)
Platform modules already initialized, skipping
Refreshing native plugins compatible for Editor in 1,30 ms, found 2 plugins.
Preloading 0 native plugins for Editor in 0,00 ms.
Unloading 4428 Unused Serialized files (Serialized files now loaded: 0)
System memory in use before: 241,2 MB.
System memory in use after: 241,1 MB.

Unloading 65 unused Assets to reduce memory usage. Loaded Objects now: 5074.
Total: 11,543728 ms (FindLiveObjects: 0,647537 ms CreateObjectMapping: 0,313259 ms MarkObjects: 10,264286 ms  DeleteObjects: 0,317094 ms)

AssetImportParameters requested are different than current active one (requested -> active):
  custom:video-decoder-ogg-theora: a1e56fd34408186e4bbccfd4996cb3dc -> 
  custom:container-muxer-webm: aa71ff27fc2769a1b78a27578f13a17b -> 
  custom:container-demuxer-webm: 4f35f7cbe854078d1ac9338744f61a02 -> 
  custom:container-demuxer-ogg: 62fdf1f143b41e24485cea50d1cbac27 -> 
  custom:video-encoder-webm-vp8: eb34c28f22e8b96e1ab97ce403110664 -> 
  custom:video-decoder-webm-vp8: 9c59270c3fd7afecdb556c50c9e8de78 -> 
  custom:audio-decoder-ogg-vorbis: bf7c407c2cedff20999df2af8eb42d56 -> 
  custom:audio-encoder-webm-vorbis: bf7c407c2cedff20999df2af8eb42d56 -> 
========================================================================
Received Prepare
Registering precompiled user dll's ...
Registered in 0,009210 seconds.
Begin MonoManager ReloadAssembly
Native extension for LinuxStandalone target not found
Native extension for WindowsStandalone target not found
Refreshing native plugins compatible for Editor in 1,27 ms, found 2 plugins.
Preloading 0 native plugins for Editor in 0,00 ms.
Mono: successfully reloaded assembly
- Completed reload, in  1,646 seconds
Domain Reload Profiling:
	ReloadAssembly (1646ms)
		BeginReloadAssembly (131ms)
			ExecutionOrderSort (0ms)
			DisableScriptedObjects (9ms)
			BackupInstance (0ms)
			ReleaseScriptingObjects (0ms)
			CreateAndSetChildDomain (60ms)
		EndReloadAssembly (1436ms)
			LoadAssemblies (109ms)
			RebuildTransferFunctionScriptingTraits (0ms)
			SetupTypeCache (501ms)
			ReleaseScriptCaches (2ms)
			RebuildScriptCaches (73ms)
			SetupLoadedEditorAssemblies (591ms)
				LogAssemblyErrors (0ms)
				InitializePlatformSupportModulesInManaged (7ms)
				SetLoadedEditorAssemblies (1ms)
				RefreshPlugins (1ms)
				BeforeProcessingInitializeOnLoad (132ms)
				ProcessInitializeOnLoadAttributes (432ms)
				ProcessInitializeOnLoadMethodAttributes (14ms)
				AfterProcessingInitializeOnLoad (4ms)
				EditorAssembliesLoaded (0ms)
			ExecutionOrderSort2 (0ms)
			AwakeInstancesAfterBackupRestoration (14ms)
Platform modules already initialized, skipping
Refreshing native plugins compatible for Editor in 1,26 ms, found 2 plugins.
Preloading 0 native plugins for Editor in 0,00 ms.
Unloading 4428 Unused Serialized files (Serialized files now loaded: 0)
System memory in use before: 241,2 MB.
System memory in use after: 241,1 MB.

Unloading 65 unused Assets to reduce memory usage. Loaded Objects now: 5077.
Total: 12,205493 ms (FindLiveObjects: 0,708396 ms CreateObjectMapping: 0,250958 ms MarkObjects: 10,923427 ms  DeleteObjects: 0,320809 ms)

AssetImportParameters requested are different than current active one (requested -> active):
  custom:video-decoder-ogg-theora: a1e56fd34408186e4bbccfd4996cb3dc -> 
  custom:container-muxer-webm: aa71ff27fc2769a1b78a27578f13a17b -> 
  custom:container-demuxer-webm: 4f35f7cbe854078d1ac9338744f61a02 -> 
  custom:container-demuxer-ogg: 62fdf1f143b41e24485cea50d1cbac27 -> 
  custom:video-encoder-webm-vp8: eb34c28f22e8b96e1ab97ce403110664 -> 
  custom:video-decoder-webm-vp8: 9c59270c3fd7afecdb556c50c9e8de78 -> 
  custom:audio-decoder-ogg-vorbis: bf7c407c2cedff20999df2af8eb42d56 -> 
  custom:audio-encoder-webm-vorbis: bf7c407c2cedff20999df2af8eb42d56 -> 
========================================================================
Received Import Request.
  Time since last request: 421,299814 seconds.
  path: ProjectSettings/TagManager.asset
  artifactKey: Guid(00000000000000003000000000000000) Importer(815301076,1909f56bfc062723c751e8b465ee728b)
Start importing ProjectSettings/TagManager.asset using Guid(00000000000000003000000000000000) Importer(815301076,1909f56bfc062723c751e8b465ee728b)  -> (artifact id: '45adf5fb9b68123850b98d6107e8171d') in 0,018998 seconds 
  Import took 0,029081 seconds .

========================================================================
Received Prepare
Registering precompiled user dll's ...
Registered in 0,008938 seconds.
Begin MonoManager ReloadAssembly
Native extension for LinuxStandalone target not found
Native extension for WindowsStandalone target not found
Refreshing native plugins compatible for Editor in 1,25 ms, found 2 plugins.
Preloading 0 native plugins for Editor in 0,00 ms.
Mono: successfully reloaded assembly
- Completed reload, in  1,760 seconds
Domain Reload Profiling:
	ReloadAssembly (1760ms)
		BeginReloadAssembly (138ms)
			ExecutionOrderSort (0ms)
			DisableScriptedObjects (9ms)
			BackupInstance (0ms)
			ReleaseScriptingObjects (0ms)
			CreateAndSetChildDomain (66ms)
		EndReloadAssembly (1539ms)
			LoadAssemblies (117ms)
			RebuildTransferFunctionScriptingTraits (0ms)
			SetupTypeCache (544ms)
			ReleaseScriptCaches (2ms)
			RebuildScriptCaches (78ms)
			SetupLoadedEditorAssemblies (629ms)
				LogAssemblyErrors (0ms)
				InitializePlatformSupportModulesInManaged (8ms)
				SetLoadedEditorAssemblies (1ms)
				RefreshPlugins (1ms)
				BeforeProcessingInitializeOnLoad (126ms)
				ProcessInitializeOnLoadAttributes (475ms)
				ProcessInitializeOnLoadMethodAttributes (14ms)
				AfterProcessingInitializeOnLoad (4ms)
				EditorAssembliesLoaded (0ms)
			ExecutionOrderSort2 (0ms)
			AwakeInstancesAfterBackupRestoration (15ms)
Platform modules already initialized, skipping
Refreshing native plugins compatible for Editor in 1,30 ms, found 2 plugins.
Preloading 0 native plugins for Editor in 0,00 ms.
Unloading 4428 Unused Serialized files (Serialized files now loaded: 0)
System memory in use before: 241,2 MB.
System memory in use after: 241,1 MB.

Unloading 66 unused Assets to reduce memory usage. Loaded Objects now: 5080.
Total: 9,710402 ms (FindLiveObjects: 0,461883 ms CreateObjectMapping: 0,148204 ms MarkObjects: 8,748925 ms  DeleteObjects: 0,349447 ms)

AssetImportParameters requested are different than current active one (requested -> active):
  custom:video-decoder-ogg-theora: a1e56fd34408186e4bbccfd4996cb3dc -> 
  custom:container-muxer-webm: aa71ff27fc2769a1b78a27578f13a17b -> 
  custom:container-demuxer-webm: 4f35f7cbe854078d1ac9338744f61a02 -> 
  custom:container-demuxer-ogg: 62fdf1f143b41e24485cea50d1cbac27 -> 
  custom:video-encoder-webm-vp8: eb34c28f22e8b96e1ab97ce403110664 -> 
  custom:video-decoder-webm-vp8: 9c59270c3fd7afecdb556c50c9e8de78 -> 
  custom:audio-decoder-ogg-vorbis: bf7c407c2cedff20999df2af8eb42d56 -> 
  custom:audio-encoder-webm-vorbis: bf7c407c2cedff20999df2af8eb42d56 -> 
========================================================================
Received Prepare
Registering precompiled user dll's ...
Registered in 0,009064 seconds.
Begin MonoManager ReloadAssembly
Native extension for LinuxStandalone target not found
Native extension for WindowsStandalone target not found
Refreshing native plugins compatible for Editor in 1,31 ms, found 2 plugins.
Preloading 0 native plugins for Editor in 0,00 ms.
Mono: successfully reloaded assembly
- Completed reload, in  1,794 seconds
Domain Reload Profiling:
	ReloadAssembly (1794ms)
		BeginReloadAssembly (138ms)
			ExecutionOrderSort (0ms)
			DisableScriptedObjects (9ms)
			BackupInstance (0ms)
			ReleaseScriptingObjects (0ms)
			CreateAndSetChildDomain (64ms)
		EndReloadAssembly (1574ms)
			LoadAssemblies (126ms)
			RebuildTransferFunctionScriptingTraits (0ms)
			SetupTypeCache (528ms)
			ReleaseScriptCaches (2ms)
			RebuildScriptCaches (77ms)
			SetupLoadedEditorAssemblies (672ms)
				LogAssemblyErrors (0ms)
				InitializePlatformSupportModulesInManaged (7ms)
				SetLoadedEditorAssemblies (1ms)
				RefreshPlugins (1ms)
				BeforeProcessingInitializeOnLoad (127ms)
				ProcessInitializeOnLoadAttributes (516ms)
				ProcessInitializeOnLoadMethodAttributes (15ms)
				AfterProcessingInitializeOnLoad (5ms)
				EditorAssembliesLoaded (0ms)
			ExecutionOrderSort2 (0ms)
			AwakeInstancesAfterBackupRestoration (15ms)
Platform modules already initialized, skipping
Refreshing native plugins compatible for Editor in 1,38 ms, found 2 plugins.
Preloading 0 native plugins for Editor in 0,00 ms.
Unloading 4428 Unused Serialized files (Serialized files now loaded: 0)
System memory in use before: 241,2 MB.
System memory in use after: 241,1 MB.

Unloading 65 unused Assets to reduce memory usage. Loaded Objects now: 5083.
Total: 14,352839 ms (FindLiveObjects: 0,672018 ms CreateObjectMapping: 0,435890 ms MarkObjects: 12,707909 ms  DeleteObjects: 0,534028 ms)

AssetImportParameters requested are different than current active one (requested -> active):
  custom:video-decoder-ogg-theora: a1e56fd34408186e4bbccfd4996cb3dc -> 
  custom:container-muxer-webm: aa71ff27fc2769a1b78a27578f13a17b -> 
  custom:container-demuxer-webm: 4f35f7cbe854078d1ac9338744f61a02 -> 
  custom:container-demuxer-ogg: 62fdf1f143b41e24485cea50d1cbac27 -> 
  custom:video-encoder-webm-vp8: eb34c28f22e8b96e1ab97ce403110664 -> 
  custom:video-decoder-webm-vp8: 9c59270c3fd7afecdb556c50c9e8de78 -> 
  custom:audio-decoder-ogg-vorbis: bf7c407c2cedff20999df2af8eb42d56 -> 
  custom:audio-encoder-webm-vorbis: bf7c407c2cedff20999df2af8eb42d56 -> 
========================================================================
Received Prepare
Registering precompiled user dll's ...
Registered in 0,009360 seconds.
Begin MonoManager ReloadAssembly
Native extension for LinuxStandalone target not found
Native extension for WindowsStandalone target not found
Refreshing native plugins compatible for Editor in 1,23 ms, found 2 plugins.
Preloading 0 native plugins for Editor in 0,00 ms.
Mono: successfully reloaded assembly
- Completed reload, in  1,701 seconds
Domain Reload Profiling:
	ReloadAssembly (1701ms)
		BeginReloadAssembly (143ms)
			ExecutionOrderSort (0ms)
			DisableScriptedObjects (15ms)
			BackupInstance (0ms)
			ReleaseScriptingObjects (0ms)
			CreateAndSetChildDomain (63ms)
		EndReloadAssembly (1471ms)
			LoadAssemblies (110ms)
			RebuildTransferFunctionScriptingTraits (0ms)
			SetupTypeCache (515ms)
			ReleaseScriptCaches (2ms)
			RebuildScriptCaches (74ms)
			SetupLoadedEditorAssemblies (610ms)
				LogAssemblyErrors (0ms)
				InitializePlatformSupportModulesInManaged (7ms)
				SetLoadedEditorAssemblies (1ms)
				RefreshPlugins (1ms)
				BeforeProcessingInitializeOnLoad (124ms)
				ProcessInitializeOnLoadAttributes (458ms)
				ProcessInitializeOnLoadMethodAttributes (14ms)
				AfterProcessingInitializeOnLoad (4ms)
				EditorAssembliesLoaded (0ms)
			ExecutionOrderSort2 (0ms)
			AwakeInstancesAfterBackupRestoration (14ms)
Platform modules already initialized, skipping
Refreshing native plugins compatible for Editor in 1,26 ms, found 2 plugins.
Preloading 0 native plugins for Editor in 0,00 ms.
Unloading 4428 Unused Serialized files (Serialized files now loaded: 0)
System memory in use before: 241,2 MB.
System memory in use after: 241,1 MB.

Unloading 65 unused Assets to reduce memory usage. Loaded Objects now: 5086.
Total: 13,882544 ms (FindLiveObjects: 0,989824 ms CreateObjectMapping: 0,411638 ms MarkObjects: 12,159994 ms  DeleteObjects: 0,319027 ms)

AssetImportParameters requested are different than current active one (requested -> active):
  custom:video-decoder-ogg-theora: a1e56fd34408186e4bbccfd4996cb3dc -> 
  custom:container-muxer-webm: aa71ff27fc2769a1b78a27578f13a17b -> 
  custom:container-demuxer-webm: 4f35f7cbe854078d1ac9338744f61a02 -> 
  custom:container-demuxer-ogg: 62fdf1f143b41e24485cea50d1cbac27 -> 
  custom:video-encoder-webm-vp8: eb34c28f22e8b96e1ab97ce403110664 -> 
  custom:video-decoder-webm-vp8: 9c59270c3fd7afecdb556c50c9e8de78 -> 
  custom:audio-decoder-ogg-vorbis: bf7c407c2cedff20999df2af8eb42d56 -> 
  custom:audio-encoder-webm-vorbis: bf7c407c2cedff20999df2af8eb42d56 -> 
========================================================================
Received Import Request.
  Time since last request: 9835,118612 seconds.
  path: Assets/Project/Scenes/MenuScene.unity
  artifactKey: Guid(698237416ddc0c990af91e73513c7172) Importer(815301076,1909f56bfc062723c751e8b465ee728b)
Start importing Assets/Project/Scenes/MenuScene.unity using Guid(698237416ddc0c990af91e73513c7172) Importer(815301076,1909f56bfc062723c751e8b465ee728b)  -> (artifact id: '191a73e3ce8b11b89ab70f370135a6ba') in 0,020536 seconds 
  Import took 0,029767 seconds .

========================================================================
Received Prepare
Registering precompiled user dll's ...
Registered in 0,009192 seconds.
Begin MonoManager ReloadAssembly
Native extension for LinuxStandalone target not found
Native extension for WindowsStandalone target not found
Refreshing native plugins compatible for Editor in 1,39 ms, found 2 plugins.
Preloading 0 native plugins for Editor in 0,00 ms.
Mono: successfully reloaded assembly
- Completed reload, in  1,650 seconds
Domain Reload Profiling:
	ReloadAssembly (1651ms)
		BeginReloadAssembly (134ms)
			ExecutionOrderSort (0ms)
			DisableScriptedObjects (9ms)
			BackupInstance (0ms)
			ReleaseScriptingObjects (0ms)
			CreateAndSetChildDomain (60ms)
		EndReloadAssembly (1438ms)
			LoadAssemblies (108ms)
			RebuildTransferFunctionScriptingTraits (0ms)
			SetupTypeCache (505ms)
			ReleaseScriptCaches (2ms)
			RebuildScriptCaches (74ms)
			SetupLoadedEditorAssemblies (587ms)
				LogAssemblyErrors (0ms)
				InitializePlatformSupportModulesInManaged (7ms)
				SetLoadedEditorAssemblies (1ms)
				RefreshPlugins (1ms)
				BeforeProcessingInitializeOnLoad (123ms)
				ProcessInitializeOnLoadAttributes (437ms)
				ProcessInitializeOnLoadMethodAttributes (14ms)
				AfterProcessingInitializeOnLoad (4ms)
				EditorAssembliesLoaded (0ms)
			ExecutionOrderSort2 (0ms)
			AwakeInstancesAfterBackupRestoration (13ms)
Platform modules already initialized, skipping
Refreshing native plugins compatible for Editor in 1,28 ms, found 2 plugins.
Preloading 0 native plugins for Editor in 0,00 ms.
Unloading 4428 Unused Serialized files (Serialized files now loaded: 0)
System memory in use before: 241,2 MB.
System memory in use after: 241,2 MB.

Unloading 65 unused Assets to reduce memory usage. Loaded Objects now: 5089.
Total: 13,689613 ms (FindLiveObjects: 0,625978 ms CreateObjectMapping: 0,322091 ms MarkObjects: 12,443244 ms  DeleteObjects: 0,296418 ms)

AssetImportParameters requested are different than current active one (requested -> active):
  custom:video-decoder-ogg-theora: a1e56fd34408186e4bbccfd4996cb3dc -> 
  custom:container-muxer-webm: aa71ff27fc2769a1b78a27578f13a17b -> 
  custom:container-demuxer-webm: 4f35f7cbe854078d1ac9338744f61a02 -> 
  custom:container-demuxer-ogg: 62fdf1f143b41e24485cea50d1cbac27 -> 
  custom:video-encoder-webm-vp8: eb34c28f22e8b96e1ab97ce403110664 -> 
  custom:video-decoder-webm-vp8: 9c59270c3fd7afecdb556c50c9e8de78 -> 
  custom:audio-decoder-ogg-vorbis: bf7c407c2cedff20999df2af8eb42d56 -> 
  custom:audio-encoder-webm-vorbis: bf7c407c2cedff20999df2af8eb42d56 -> 
========================================================================
Received Prepare
Registering precompiled user dll's ...
Registered in 0,009087 seconds.
Begin MonoManager ReloadAssembly
Native extension for LinuxStandalone target not found
Native extension for WindowsStandalone target not found
Refreshing native plugins compatible for Editor in 1,23 ms, found 2 plugins.
Preloading 0 native plugins for Editor in 0,00 ms.
Mono: successfully reloaded assembly
- Completed reload, in  1,646 seconds
Domain Reload Profiling:
	ReloadAssembly (1646ms)
		BeginReloadAssembly (138ms)
			ExecutionOrderSort (0ms)
			DisableScriptedObjects (10ms)
			BackupInstance (0ms)
			ReleaseScriptingObjects (0ms)
			CreateAndSetChildDomain (64ms)
		EndReloadAssembly (1428ms)
			LoadAssemblies (109ms)
			RebuildTransferFunctionScriptingTraits (0ms)
			SetupTypeCache (509ms)
			ReleaseScriptCaches (2ms)
			RebuildScriptCaches (74ms)
			SetupLoadedEditorAssemblies (573ms)
				LogAssemblyErrors (0ms)
				InitializePlatformSupportModulesInManaged (7ms)
				SetLoadedEditorAssemblies (1ms)
				RefreshPlugins (1ms)
				BeforeProcessingInitializeOnLoad (120ms)
				ProcessInitializeOnLoadAttributes (427ms)
				ProcessInitializeOnLoadMethodAttributes (13ms)
				AfterProcessingInitializeOnLoad (4ms)
				EditorAssembliesLoaded (0ms)
			ExecutionOrderSort2 (0ms)
			AwakeInstancesAfterBackupRestoration (13ms)
Platform modules already initialized, skipping
Refreshing native plugins compatible for Editor in 1,25 ms, found 2 plugins.
Preloading 0 native plugins for Editor in 0,00 ms.
Unloading 4428 Unused Serialized files (Serialized files now loaded: 0)
System memory in use before: 241,2 MB.
System memory in use after: 241,2 MB.

Unloading 65 unused Assets to reduce memory usage. Loaded Objects now: 5092.
Total: 9,477718 ms (FindLiveObjects: 0,446213 ms CreateObjectMapping: 0,147112 ms MarkObjects: 8,566016 ms  DeleteObjects: 0,316955 ms)

AssetImportParameters requested are different than current active one (requested -> active):
  custom:video-decoder-ogg-theora: a1e56fd34408186e4bbccfd4996cb3dc -> 
  custom:container-muxer-webm: aa71ff27fc2769a1b78a27578f13a17b -> 
  custom:container-demuxer-webm: 4f35f7cbe854078d1ac9338744f61a02 -> 
  custom:container-demuxer-ogg: 62fdf1f143b41e24485cea50d1cbac27 -> 
  custom:video-encoder-webm-vp8: eb34c28f22e8b96e1ab97ce403110664 -> 
  custom:video-decoder-webm-vp8: 9c59270c3fd7afecdb556c50c9e8de78 -> 
  custom:audio-decoder-ogg-vorbis: bf7c407c2cedff20999df2af8eb42d56 -> 
  custom:audio-encoder-webm-vorbis: bf7c407c2cedff20999df2af8eb42d56 -> 
========================================================================
Received Import Request.
  Time since last request: 87,497989 seconds.
  path: Assets/Project/Scripts/Managers/RewardedManager.cs
  artifactKey: Guid(2de9ff77e0d1ce447b997e7b528113ad) Importer(815301076,1909f56bfc062723c751e8b465ee728b)
Start importing Assets/Project/Scripts/Managers/RewardedManager.cs using Guid(2de9ff77e0d1ce447b997e7b528113ad) Importer(815301076,1909f56bfc062723c751e8b465ee728b)  -> (artifact id: 'b0f1ce8e2b5181b5549ccbfc47b971e1') in 0,008887 seconds 
  Import took 0,017030 seconds .

========================================================================
Received Prepare
Registering precompiled user dll's ...
Registered in 0,008994 seconds.
Begin MonoManager ReloadAssembly
Native extension for LinuxStandalone target not found
Native extension for WindowsStandalone target not found
Refreshing native plugins compatible for Editor in 1,31 ms, found 2 plugins.
Preloading 0 native plugins for Editor in 0,00 ms.
Mono: successfully reloaded assembly
- Completed reload, in  1,713 seconds
Domain Reload Profiling:
	ReloadAssembly (1714ms)
		BeginReloadAssembly (143ms)
			ExecutionOrderSort (0ms)
			DisableScriptedObjects (9ms)
			BackupInstance (0ms)
			ReleaseScriptingObjects (0ms)
			CreateAndSetChildDomain (68ms)
		EndReloadAssembly (1490ms)
			LoadAssemblies (115ms)
			RebuildTransferFunctionScriptingTraits (0ms)
			SetupTypeCache (510ms)
			ReleaseScriptCaches (2ms)
			RebuildScriptCaches (75ms)
			SetupLoadedEditorAssemblies (625ms)
				LogAssemblyErrors (0ms)
				InitializePlatformSupportModulesInManaged (7ms)
				SetLoadedEditorAssemblies (1ms)
				RefreshPlugins (1ms)
				BeforeProcessingInitializeOnLoad (138ms)
				ProcessInitializeOnLoadAttributes (460ms)
				ProcessInitializeOnLoadMethodAttributes (14ms)
				AfterProcessingInitializeOnLoad (4ms)
				EditorAssembliesLoaded (0ms)
			ExecutionOrderSort2 (0ms)
			AwakeInstancesAfterBackupRestoration (14ms)
Platform modules already initialized, skipping
Refreshing native plugins compatible for Editor in 1,32 ms, found 2 plugins.
Preloading 0 native plugins for Editor in 0,00 ms.
Unloading 4427 Unused Serialized files (Serialized files now loaded: 0)
System memory in use before: 241,2 MB.
System memory in use after: 241,2 MB.

Unloading 66 unused Assets to reduce memory usage. Loaded Objects now: 5094.
Total: 9,548019 ms (FindLiveObjects: 0,478855 ms CreateObjectMapping: 0,148674 ms MarkObjects: 8,602133 ms  DeleteObjects: 0,316574 ms)

AssetImportParameters requested are different than current active one (requested -> active):
  custom:video-decoder-ogg-theora: a1e56fd34408186e4bbccfd4996cb3dc -> 
  custom:container-muxer-webm: aa71ff27fc2769a1b78a27578f13a17b -> 
  custom:container-demuxer-webm: 4f35f7cbe854078d1ac9338744f61a02 -> 
  custom:container-demuxer-ogg: 62fdf1f143b41e24485cea50d1cbac27 -> 
  custom:video-encoder-webm-vp8: eb34c28f22e8b96e1ab97ce403110664 -> 
  custom:video-decoder-webm-vp8: 9c59270c3fd7afecdb556c50c9e8de78 -> 
  custom:audio-decoder-ogg-vorbis: bf7c407c2cedff20999df2af8eb42d56 -> 
  custom:audio-encoder-webm-vorbis: bf7c407c2cedff20999df2af8eb42d56 -> 
========================================================================
Received Prepare
Registering precompiled user dll's ...
Registered in 0,009180 seconds.
Begin MonoManager ReloadAssembly
Native extension for LinuxStandalone target not found
Native extension for WindowsStandalone target not found
Refreshing native plugins compatible for Editor in 1,26 ms, found 2 plugins.
Preloading 0 native plugins for Editor in 0,00 ms.
Mono: successfully reloaded assembly
- Completed reload, in  1,750 seconds
Domain Reload Profiling:
	ReloadAssembly (1750ms)
		BeginReloadAssembly (157ms)
			ExecutionOrderSort (0ms)
			DisableScriptedObjects (9ms)
			BackupInstance (0ms)
			ReleaseScriptingObjects (0ms)
			CreateAndSetChildDomain (79ms)
		EndReloadAssembly (1505ms)
			LoadAssemblies (122ms)
			RebuildTransferFunctionScriptingTraits (0ms)
			SetupTypeCache (546ms)
			ReleaseScriptCaches (2ms)
			RebuildScriptCaches (78ms)
			SetupLoadedEditorAssemblies (597ms)
				LogAssemblyErrors (0ms)
				InitializePlatformSupportModulesInManaged (7ms)
				SetLoadedEditorAssemblies (1ms)
				RefreshPlugins (1ms)
				BeforeProcessingInitializeOnLoad (122ms)
				ProcessInitializeOnLoadAttributes (448ms)
				ProcessInitializeOnLoadMethodAttributes (14ms)
				AfterProcessingInitializeOnLoad (4ms)
				EditorAssembliesLoaded (0ms)
			ExecutionOrderSort2 (0ms)
			AwakeInstancesAfterBackupRestoration (15ms)
Platform modules already initialized, skipping
Refreshing native plugins compatible for Editor in 1,25 ms, found 2 plugins.
Preloading 0 native plugins for Editor in 0,00 ms.
Unloading 4427 Unused Serialized files (Serialized files now loaded: 0)
System memory in use before: 241,2 MB.
System memory in use after: 241,2 MB.

Unloading 65 unused Assets to reduce memory usage. Loaded Objects now: 5097.
Total: 11,835359 ms (FindLiveObjects: 0,642039 ms CreateObjectMapping: 0,259600 ms MarkObjects: 10,602307 ms  DeleteObjects: 0,329511 ms)

AssetImportParameters requested are different than current active one (requested -> active):
  custom:video-decoder-ogg-theora: a1e56fd34408186e4bbccfd4996cb3dc -> 
  custom:container-muxer-webm: aa71ff27fc2769a1b78a27578f13a17b -> 
  custom:container-demuxer-webm: 4f35f7cbe854078d1ac9338744f61a02 -> 
  custom:container-demuxer-ogg: 62fdf1f143b41e24485cea50d1cbac27 -> 
  custom:video-encoder-webm-vp8: eb34c28f22e8b96e1ab97ce403110664 -> 
  custom:video-decoder-webm-vp8: 9c59270c3fd7afecdb556c50c9e8de78 -> 
  custom:audio-decoder-ogg-vorbis: bf7c407c2cedff20999df2af8eb42d56 -> 
  custom:audio-encoder-webm-vorbis: bf7c407c2cedff20999df2af8eb42d56 -> 
========================================================================
Received Import Request.
  Time since last request: 329,427969 seconds.
  path: Assets/Project/Scenes/GameScene.unity
  artifactKey: Guid(f9bb088fa3735de22a539f18f0799442) Importer(815301076,1909f56bfc062723c751e8b465ee728b)
Start importing Assets/Project/Scenes/GameScene.unity using Guid(f9bb088fa3735de22a539f18f0799442) Importer(815301076,1909f56bfc062723c751e8b465ee728b)  -> (artifact id: 'e8d0881ed69b56279e40e661321ae23d') in 0,016980 seconds 
  Import took 0,028010 seconds .

========================================================================
Received Prepare
Registering precompiled user dll's ...
Registered in 0,009072 seconds.
Begin MonoManager ReloadAssembly
Native extension for LinuxStandalone target not found
Native extension for WindowsStandalone target not found
Refreshing native plugins compatible for Editor in 1,32 ms, found 2 plugins.
Preloading 0 native plugins for Editor in 0,00 ms.
Mono: successfully reloaded assembly
- Completed reload, in  1,666 seconds
Domain Reload Profiling:
	ReloadAssembly (1666ms)
		BeginReloadAssembly (135ms)
			ExecutionOrderSort (0ms)
			DisableScriptedObjects (9ms)
			BackupInstance (0ms)
			ReleaseScriptingObjects (0ms)
			CreateAndSetChildDomain (65ms)
		EndReloadAssembly (1452ms)
			LoadAssemblies (108ms)
			RebuildTransferFunctionScriptingTraits (0ms)
			SetupTypeCache (517ms)
			ReleaseScriptCaches (2ms)
			RebuildScriptCaches (72ms)
			SetupLoadedEditorAssemblies (584ms)
				LogAssemblyErrors (0ms)
				InitializePlatformSupportModulesInManaged (7ms)
				SetLoadedEditorAssemblies (1ms)
				RefreshPlugins (1ms)
				BeforeProcessingInitializeOnLoad (123ms)
				ProcessInitializeOnLoadAttributes (434ms)
				ProcessInitializeOnLoadMethodAttributes (13ms)
				AfterProcessingInitializeOnLoad (4ms)
				EditorAssembliesLoaded (0ms)
			ExecutionOrderSort2 (0ms)
			AwakeInstancesAfterBackupRestoration (14ms)
Platform modules already initialized, skipping
Refreshing native plugins compatible for Editor in 1,32 ms, found 2 plugins.
Preloading 0 native plugins for Editor in 0,00 ms.
Unloading 4427 Unused Serialized files (Serialized files now loaded: 0)
System memory in use before: 241,2 MB.
System memory in use after: 241,2 MB.

Unloading 65 unused Assets to reduce memory usage. Loaded Objects now: 5100.
Total: 11,140981 ms (FindLiveObjects: 0,618739 ms CreateObjectMapping: 0,260049 ms MarkObjects: 9,922849 ms  DeleteObjects: 0,336800 ms)

AssetImportParameters requested are different than current active one (requested -> active):
  custom:video-decoder-ogg-theora: a1e56fd34408186e4bbccfd4996cb3dc -> 
  custom:container-muxer-webm: aa71ff27fc2769a1b78a27578f13a17b -> 
  custom:container-demuxer-webm: 4f35f7cbe854078d1ac9338744f61a02 -> 
  custom:container-demuxer-ogg: 62fdf1f143b41e24485cea50d1cbac27 -> 
  custom:video-encoder-webm-vp8: eb34c28f22e8b96e1ab97ce403110664 -> 
  custom:video-decoder-webm-vp8: 9c59270c3fd7afecdb556c50c9e8de78 -> 
  custom:audio-decoder-ogg-vorbis: bf7c407c2cedff20999df2af8eb42d56 -> 
  custom:audio-encoder-webm-vorbis: bf7c407c2cedff20999df2af8eb42d56 -> 
========================================================================
Received Prepare
Registering precompiled user dll's ...
Registered in 0,009009 seconds.
Begin MonoManager ReloadAssembly
Native extension for LinuxStandalone target not found
Native extension for WindowsStandalone target not found
Refreshing native plugins compatible for Editor in 1,28 ms, found 2 plugins.
Preloading 0 native plugins for Editor in 0,00 ms.
Mono: successfully reloaded assembly
- Completed reload, in  1,652 seconds
Domain Reload Profiling:
	ReloadAssembly (1653ms)
		BeginReloadAssembly (133ms)
			ExecutionOrderSort (0ms)
			DisableScriptedObjects (9ms)
			BackupInstance (0ms)
			ReleaseScriptingObjects (0ms)
			CreateAndSetChildDomain (63ms)
		EndReloadAssembly (1438ms)
			LoadAssemblies (110ms)
			RebuildTransferFunctionScriptingTraits (0ms)
			SetupTypeCache (510ms)
			ReleaseScriptCaches (2ms)
			RebuildScriptCaches (74ms)
			SetupLoadedEditorAssemblies (578ms)
				LogAssemblyErrors (0ms)
				InitializePlatformSupportModulesInManaged (7ms)
				SetLoadedEditorAssemblies (1ms)
				RefreshPlugins (1ms)
				BeforeProcessingInitializeOnLoad (123ms)
				ProcessInitializeOnLoadAttributes (428ms)
				ProcessInitializeOnLoadMethodAttributes (14ms)
				AfterProcessingInitializeOnLoad (4ms)
				EditorAssembliesLoaded (0ms)
			ExecutionOrderSort2 (0ms)
			AwakeInstancesAfterBackupRestoration (15ms)
Platform modules already initialized, skipping
Refreshing native plugins compatible for Editor in 1,24 ms, found 2 plugins.
Preloading 0 native plugins for Editor in 0,00 ms.
Unloading 4427 Unused Serialized files (Serialized files now loaded: 0)
System memory in use before: 241,2 MB.
System memory in use after: 241,2 MB.

Unloading 65 unused Assets to reduce memory usage. Loaded Objects now: 5103.
Total: 10,482752 ms (FindLiveObjects: 0,674191 ms CreateObjectMapping: 0,270264 ms MarkObjects: 9,213642 ms  DeleteObjects: 0,322702 ms)

AssetImportParameters requested are different than current active one (requested -> active):
  custom:video-decoder-ogg-theora: a1e56fd34408186e4bbccfd4996cb3dc -> 
  custom:container-muxer-webm: aa71ff27fc2769a1b78a27578f13a17b -> 
  custom:container-demuxer-webm: 4f35f7cbe854078d1ac9338744f61a02 -> 
  custom:container-demuxer-ogg: 62fdf1f143b41e24485cea50d1cbac27 -> 
  custom:video-encoder-webm-vp8: eb34c28f22e8b96e1ab97ce403110664 -> 
  custom:video-decoder-webm-vp8: 9c59270c3fd7afecdb556c50c9e8de78 -> 
  custom:audio-decoder-ogg-vorbis: bf7c407c2cedff20999df2af8eb42d56 -> 
  custom:audio-encoder-webm-vorbis: bf7c407c2cedff20999df2af8eb42d56 -> 
========================================================================
Received Prepare
Registering precompiled user dll's ...
Registered in 0,009061 seconds.
Begin MonoManager ReloadAssembly
Native extension for LinuxStandalone target not found
Native extension for WindowsStandalone target not found
Refreshing native plugins compatible for Editor in 1,23 ms, found 2 plugins.
Preloading 0 native plugins for Editor in 0,00 ms.
Mono: successfully reloaded assembly
- Completed reload, in  1,708 seconds
Domain Reload Profiling:
	ReloadAssembly (1708ms)
		BeginReloadAssembly (139ms)
			ExecutionOrderSort (0ms)
			DisableScriptedObjects (9ms)
			BackupInstance (0ms)
			ReleaseScriptingObjects (0ms)
			CreateAndSetChildDomain (67ms)
		EndReloadAssembly (1487ms)
			LoadAssemblies (111ms)
			RebuildTransferFunctionScriptingTraits (0ms)
			SetupTypeCache (522ms)
			ReleaseScriptCaches (2ms)
			RebuildScriptCaches (76ms)
			SetupLoadedEditorAssemblies (613ms)
				LogAssemblyErrors (0ms)
				InitializePlatformSupportModulesInManaged (7ms)
				SetLoadedEditorAssemblies (1ms)
				RefreshPlugins (1ms)
				BeforeProcessingInitializeOnLoad (125ms)
				ProcessInitializeOnLoadAttributes (460ms)
				ProcessInitializeOnLoadMethodAttributes (14ms)
				AfterProcessingInitializeOnLoad (4ms)
				EditorAssembliesLoaded (0ms)
			ExecutionOrderSort2 (0ms)
			AwakeInstancesAfterBackupRestoration (14ms)
Platform modules already initialized, skipping
Refreshing native plugins compatible for Editor in 1,27 ms, found 2 plugins.
Preloading 0 native plugins for Editor in 0,00 ms.
Unloading 4427 Unused Serialized files (Serialized files now loaded: 0)
System memory in use before: 241,2 MB.
System memory in use after: 241,2 MB.

Unloading 65 unused Assets to reduce memory usage. Loaded Objects now: 5106.
Total: 12,897207 ms (FindLiveObjects: 0,642680 ms CreateObjectMapping: 0,330122 ms MarkObjects: 11,586473 ms  DeleteObjects: 0,335699 ms)

AssetImportParameters requested are different than current active one (requested -> active):
  custom:video-decoder-ogg-theora: a1e56fd34408186e4bbccfd4996cb3dc -> 
  custom:container-muxer-webm: aa71ff27fc2769a1b78a27578f13a17b -> 
  custom:container-demuxer-webm: 4f35f7cbe854078d1ac9338744f61a02 -> 
  custom:container-demuxer-ogg: 62fdf1f143b41e24485cea50d1cbac27 -> 
  custom:video-encoder-webm-vp8: eb34c28f22e8b96e1ab97ce403110664 -> 
  custom:video-decoder-webm-vp8: 9c59270c3fd7afecdb556c50c9e8de78 -> 
  custom:audio-decoder-ogg-vorbis: bf7c407c2cedff20999df2af8eb42d56 -> 
  custom:audio-encoder-webm-vorbis: bf7c407c2cedff20999df2af8eb42d56 -> 
========================================================================
Received Prepare
Registering precompiled user dll's ...
Registered in 0,009149 seconds.
Begin MonoManager ReloadAssembly
Native extension for LinuxStandalone target not found
Native extension for WindowsStandalone target not found
Refreshing native plugins compatible for Editor in 1,28 ms, found 2 plugins.
Preloading 0 native plugins for Editor in 0,00 ms.
Mono: successfully reloaded assembly
- Completed reload, in  1,641 seconds
Domain Reload Profiling:
	ReloadAssembly (1641ms)
		BeginReloadAssembly (142ms)
			ExecutionOrderSort (0ms)
			DisableScriptedObjects (9ms)
			BackupInstance (0ms)
			ReleaseScriptingObjects (0ms)
			CreateAndSetChildDomain (70ms)
		EndReloadAssembly (1418ms)
			LoadAssemblies (108ms)
			RebuildTransferFunctionScriptingTraits (0ms)
			SetupTypeCache (506ms)
			ReleaseScriptCaches (2ms)
			RebuildScriptCaches (74ms)
			SetupLoadedEditorAssemblies (568ms)
				LogAssemblyErrors (0ms)
				InitializePlatformSupportModulesInManaged (7ms)
				SetLoadedEditorAssemblies (1ms)
				RefreshPlugins (1ms)
				BeforeProcessingInitializeOnLoad (122ms)
				ProcessInitializeOnLoadAttributes (419ms)
				ProcessInitializeOnLoadMethodAttributes (13ms)
				AfterProcessingInitializeOnLoad (4ms)
				EditorAssembliesLoaded (0ms)
			ExecutionOrderSort2 (0ms)
			AwakeInstancesAfterBackupRestoration (14ms)
Platform modules already initialized, skipping
Refreshing native plugins compatible for Editor in 1,24 ms, found 2 plugins.
Preloading 0 native plugins for Editor in 0,00 ms.
Unloading 4427 Unused Serialized files (Serialized files now loaded: 0)
System memory in use before: 241,2 MB.
System memory in use after: 241,2 MB.

Unloading 65 unused Assets to reduce memory usage. Loaded Objects now: 5109.
Total: 9,618202 ms (FindLiveObjects: 0,464528 ms CreateObjectMapping: 0,140814 ms MarkObjects: 8,688355 ms  DeleteObjects: 0,323203 ms)

AssetImportParameters requested are different than current active one (requested -> active):
  custom:video-decoder-ogg-theora: a1e56fd34408186e4bbccfd4996cb3dc -> 
  custom:container-muxer-webm: aa71ff27fc2769a1b78a27578f13a17b -> 
  custom:container-demuxer-webm: 4f35f7cbe854078d1ac9338744f61a02 -> 
  custom:container-demuxer-ogg: 62fdf1f143b41e24485cea50d1cbac27 -> 
  custom:video-encoder-webm-vp8: eb34c28f22e8b96e1ab97ce403110664 -> 
  custom:video-decoder-webm-vp8: 9c59270c3fd7afecdb556c50c9e8de78 -> 
  custom:audio-decoder-ogg-vorbis: bf7c407c2cedff20999df2af8eb42d56 -> 
  custom:audio-encoder-webm-vorbis: bf7c407c2cedff20999df2af8eb42d56 -> 
========================================================================
Received Prepare
Registering precompiled user dll's ...
Registered in 0,009090 seconds.
Begin MonoManager ReloadAssembly
Native extension for LinuxStandalone target not found
Native extension for WindowsStandalone target not found
Refreshing native plugins compatible for Editor in 1,29 ms, found 2 plugins.
Preloading 0 native plugins for Editor in 0,00 ms.
Mono: successfully reloaded assembly
- Completed reload, in  1,690 seconds
Domain Reload Profiling:
	ReloadAssembly (1690ms)
		BeginReloadAssembly (133ms)
			ExecutionOrderSort (0ms)
			DisableScriptedObjects (9ms)
			BackupInstance (0ms)
			ReleaseScriptingObjects (0ms)
			CreateAndSetChildDomain (64ms)
		EndReloadAssembly (1477ms)
			LoadAssemblies (110ms)
			RebuildTransferFunctionScriptingTraits (0ms)
			SetupTypeCache (509ms)
			ReleaseScriptCaches (2ms)
			RebuildScriptCaches (74ms)
			SetupLoadedEditorAssemblies (608ms)
				LogAssemblyErrors (0ms)
				InitializePlatformSupportModulesInManaged (7ms)
				SetLoadedEditorAssemblies (1ms)
				RefreshPlugins (1ms)
				BeforeProcessingInitializeOnLoad (121ms)
				ProcessInitializeOnLoadAttributes (458ms)
				ProcessInitializeOnLoadMethodAttributes (15ms)
				AfterProcessingInitializeOnLoad (4ms)
				EditorAssembliesLoaded (0ms)
			ExecutionOrderSort2 (0ms)
			AwakeInstancesAfterBackupRestoration (14ms)
Platform modules already initialized, skipping
Refreshing native plugins compatible for Editor in 1,22 ms, found 2 plugins.
Preloading 0 native plugins for Editor in 0,00 ms.
Unloading 4427 Unused Serialized files (Serialized files now loaded: 0)
System memory in use before: 241,2 MB.
System memory in use after: 241,2 MB.

Unloading 65 unused Assets to reduce memory usage. Loaded Objects now: 5112.
Total: 13,703510 ms (FindLiveObjects: 0,650711 ms CreateObjectMapping: 0,277442 ms MarkObjects: 12,429216 ms  DeleteObjects: 0,343819 ms)

AssetImportParameters requested are different than current active one (requested -> active):
  custom:video-decoder-ogg-theora: a1e56fd34408186e4bbccfd4996cb3dc -> 
  custom:container-muxer-webm: aa71ff27fc2769a1b78a27578f13a17b -> 
  custom:container-demuxer-webm: 4f35f7cbe854078d1ac9338744f61a02 -> 
  custom:container-demuxer-ogg: 62fdf1f143b41e24485cea50d1cbac27 -> 
  custom:video-encoder-webm-vp8: eb34c28f22e8b96e1ab97ce403110664 -> 
  custom:video-decoder-webm-vp8: 9c59270c3fd7afecdb556c50c9e8de78 -> 
  custom:audio-decoder-ogg-vorbis: bf7c407c2cedff20999df2af8eb42d56 -> 
  custom:audio-encoder-webm-vorbis: bf7c407c2cedff20999df2af8eb42d56 -> 
========================================================================
Received Prepare
Registering precompiled user dll's ...
Registered in 0,009203 seconds.
Begin MonoManager ReloadAssembly
Native extension for LinuxStandalone target not found
Native extension for WindowsStandalone target not found
Refreshing native plugins compatible for Editor in 1,21 ms, found 2 plugins.
Preloading 0 native plugins for Editor in 0,00 ms.
Mono: successfully reloaded assembly
- Completed reload, in  1,662 seconds
Domain Reload Profiling:
	ReloadAssembly (1662ms)
		BeginReloadAssembly (144ms)
			ExecutionOrderSort (0ms)
			DisableScriptedObjects (9ms)
			BackupInstance (0ms)
			ReleaseScriptingObjects (0ms)
			CreateAndSetChildDomain (74ms)
		EndReloadAssembly (1439ms)
			LoadAssemblies (109ms)
			RebuildTransferFunctionScriptingTraits (0ms)
			SetupTypeCache (509ms)
			ReleaseScriptCaches (2ms)
			RebuildScriptCaches (73ms)
			SetupLoadedEditorAssemblies (582ms)
				LogAssemblyErrors (0ms)
				InitializePlatformSupportModulesInManaged (7ms)
				SetLoadedEditorAssemblies (1ms)
				RefreshPlugins (1ms)
				BeforeProcessingInitializeOnLoad (127ms)
				ProcessInitializeOnLoadAttributes (428ms)
				ProcessInitializeOnLoadMethodAttributes (13ms)
				AfterProcessingInitializeOnLoad (4ms)
				EditorAssembliesLoaded (0ms)
			ExecutionOrderSort2 (0ms)
			AwakeInstancesAfterBackupRestoration (14ms)
Platform modules already initialized, skipping
Refreshing native plugins compatible for Editor in 1,21 ms, found 2 plugins.
Preloading 0 native plugins for Editor in 0,00 ms.
Unloading 4427 Unused Serialized files (Serialized files now loaded: 0)
System memory in use before: 241,3 MB.
System memory in use after: 241,2 MB.

Unloading 65 unused Assets to reduce memory usage. Loaded Objects now: 5115.
Total: 12,649583 ms (FindLiveObjects: 0,618889 ms CreateObjectMapping: 0,238982 ms MarkObjects: 11,494714 ms  DeleteObjects: 0,295516 ms)

AssetImportParameters requested are different than current active one (requested -> active):
  custom:video-decoder-ogg-theora: a1e56fd34408186e4bbccfd4996cb3dc -> 
  custom:container-muxer-webm: aa71ff27fc2769a1b78a27578f13a17b -> 
  custom:container-demuxer-webm: 4f35f7cbe854078d1ac9338744f61a02 -> 
  custom:container-demuxer-ogg: 62fdf1f143b41e24485cea50d1cbac27 -> 
  custom:video-encoder-webm-vp8: eb34c28f22e8b96e1ab97ce403110664 -> 
  custom:video-decoder-webm-vp8: 9c59270c3fd7afecdb556c50c9e8de78 -> 
  custom:audio-decoder-ogg-vorbis: bf7c407c2cedff20999df2af8eb42d56 -> 
  custom:audio-encoder-webm-vorbis: bf7c407c2cedff20999df2af8eb42d56 -> 
========================================================================
Received Prepare
Registering precompiled user dll's ...
Registered in 0,009241 seconds.
Begin MonoManager ReloadAssembly
Native extension for LinuxStandalone target not found
Native extension for WindowsStandalone target not found
Refreshing native plugins compatible for Editor in 1,23 ms, found 2 plugins.
Preloading 0 native plugins for Editor in 0,00 ms.
Mono: successfully reloaded assembly
- Completed reload, in  1,694 seconds
Domain Reload Profiling:
	ReloadAssembly (1694ms)
		BeginReloadAssembly (133ms)
			ExecutionOrderSort (0ms)
			DisableScriptedObjects (9ms)
			BackupInstance (0ms)
			ReleaseScriptingObjects (0ms)
			CreateAndSetChildDomain (66ms)
		EndReloadAssembly (1481ms)
			LoadAssemblies (110ms)
			RebuildTransferFunctionScriptingTraits (0ms)
			SetupTypeCache (514ms)
			ReleaseScriptCaches (2ms)
			RebuildScriptCaches (76ms)
			SetupLoadedEditorAssemblies (616ms)
				LogAssemblyErrors (0ms)
				InitializePlatformSupportModulesInManaged (7ms)
				SetLoadedEditorAssemblies (1ms)
				RefreshPlugins (1ms)
				BeforeProcessingInitializeOnLoad (122ms)
				ProcessInitializeOnLoadAttributes (468ms)
				ProcessInitializeOnLoadMethodAttributes (14ms)
				AfterProcessingInitializeOnLoad (4ms)
				EditorAssembliesLoaded (0ms)
			ExecutionOrderSort2 (0ms)
			AwakeInstancesAfterBackupRestoration (14ms)
Platform modules already initialized, skipping
Refreshing native plugins compatible for Editor in 1,23 ms, found 2 plugins.
Preloading 0 native plugins for Editor in 0,00 ms.
Unloading 4427 Unused Serialized files (Serialized files now loaded: 0)
System memory in use before: 241,3 MB.
System memory in use after: 241,2 MB.

Unloading 65 unused Assets to reduce memory usage. Loaded Objects now: 5118.
Total: 11,941588 ms (FindLiveObjects: 0,669856 ms CreateObjectMapping: 0,272236 ms MarkObjects: 10,667192 ms  DeleteObjects: 0,330492 ms)

AssetImportParameters requested are different than current active one (requested -> active):
  custom:video-decoder-ogg-theora: a1e56fd34408186e4bbccfd4996cb3dc -> 
  custom:container-muxer-webm: aa71ff27fc2769a1b78a27578f13a17b -> 
  custom:container-demuxer-webm: 4f35f7cbe854078d1ac9338744f61a02 -> 
  custom:container-demuxer-ogg: 62fdf1f143b41e24485cea50d1cbac27 -> 
  custom:video-encoder-webm-vp8: eb34c28f22e8b96e1ab97ce403110664 -> 
  custom:video-decoder-webm-vp8: 9c59270c3fd7afecdb556c50c9e8de78 -> 
  custom:audio-decoder-ogg-vorbis: bf7c407c2cedff20999df2af8eb42d56 -> 
  custom:audio-encoder-webm-vorbis: bf7c407c2cedff20999df2af8eb42d56 -> 
========================================================================
Received Import Request.
  Time since last request: 517,509775 seconds.
  path: Assets/Project/Scenes/MenuScene.unity
  artifactKey: Guid(698237416ddc0c990af91e73513c7172) Importer(815301076,1909f56bfc062723c751e8b465ee728b)
Start importing Assets/Project/Scenes/MenuScene.unity using Guid(698237416ddc0c990af91e73513c7172) Importer(815301076,1909f56bfc062723c751e8b465ee728b)  -> (artifact id: '9eeaf283f4e998ef01e1a5e0f2442846') in 0,017792 seconds 
  Import took 0,028280 seconds .

========================================================================
Received Import Request.
  Time since last request: 62,114519 seconds.
  path: Assets/Project/Scenes/MenuScene.unity
  artifactKey: Guid(698237416ddc0c990af91e73513c7172) Importer(815301076,1909f56bfc062723c751e8b465ee728b)
Start importing Assets/Project/Scenes/MenuScene.unity using Guid(698237416ddc0c990af91e73513c7172) Importer(815301076,1909f56bfc062723c751e8b465ee728b)  -> (artifact id: '94527333189472cfdd7ae1cb8b11df07') in 0,004873 seconds 
  Import took 0,015612 seconds .

========================================================================
Received Prepare
Registering precompiled user dll's ...
Registered in 0,008978 seconds.
Begin MonoManager ReloadAssembly
Native extension for LinuxStandalone target not found
Native extension for WindowsStandalone target not found
Refreshing native plugins compatible for Editor in 1,30 ms, found 2 plugins.
Preloading 0 native plugins for Editor in 0,00 ms.
Mono: successfully reloaded assembly
- Completed reload, in  1,718 seconds
Domain Reload Profiling:
	ReloadAssembly (1718ms)
		BeginReloadAssembly (139ms)
			ExecutionOrderSort (0ms)
			DisableScriptedObjects (9ms)
			BackupInstance (0ms)
			ReleaseScriptingObjects (0ms)
			CreateAndSetChildDomain (70ms)
		EndReloadAssembly (1499ms)
			LoadAssemblies (110ms)
			RebuildTransferFunctionScriptingTraits (0ms)
			SetupTypeCache (519ms)
			ReleaseScriptCaches (2ms)
			RebuildScriptCaches (76ms)
			SetupLoadedEditorAssemblies (617ms)
				LogAssemblyErrors (0ms)
				InitializePlatformSupportModulesInManaged (8ms)
				SetLoadedEditorAssemblies (1ms)
				RefreshPlugins (1ms)
				BeforeProcessingInitializeOnLoad (127ms)
				ProcessInitializeOnLoadAttributes (463ms)
				ProcessInitializeOnLoadMethodAttributes (14ms)
				AfterProcessingInitializeOnLoad (4ms)
				EditorAssembliesLoaded (0ms)
			ExecutionOrderSort2 (0ms)
			AwakeInstancesAfterBackupRestoration (17ms)
Platform modules already initialized, skipping
Refreshing native plugins compatible for Editor in 1,28 ms, found 2 plugins.
Preloading 0 native plugins for Editor in 0,00 ms.
Unloading 4427 Unused Serialized files (Serialized files now loaded: 0)
System memory in use before: 241,3 MB.
System memory in use after: 241,2 MB.

Unloading 65 unused Assets to reduce memory usage. Loaded Objects now: 5121.
Total: 10,929004 ms (FindLiveObjects: 0,640798 ms CreateObjectMapping: 0,282459 ms MarkObjects: 9,668627 ms  DeleteObjects: 0,335268 ms)

AssetImportParameters requested are different than current active one (requested -> active):
  custom:video-decoder-ogg-theora: a1e56fd34408186e4bbccfd4996cb3dc -> 
  custom:container-muxer-webm: aa71ff27fc2769a1b78a27578f13a17b -> 
  custom:container-demuxer-webm: 4f35f7cbe854078d1ac9338744f61a02 -> 
  custom:container-demuxer-ogg: 62fdf1f143b41e24485cea50d1cbac27 -> 
  custom:video-encoder-webm-vp8: eb34c28f22e8b96e1ab97ce403110664 -> 
  custom:video-decoder-webm-vp8: 9c59270c3fd7afecdb556c50c9e8de78 -> 
  custom:audio-decoder-ogg-vorbis: bf7c407c2cedff20999df2af8eb42d56 -> 
  custom:audio-encoder-webm-vorbis: bf7c407c2cedff20999df2af8eb42d56 -> 
========================================================================
Received Prepare
Registering precompiled user dll's ...
Registered in 0,008967 seconds.
Begin MonoManager ReloadAssembly
Native extension for LinuxStandalone target not found
Native extension for WindowsStandalone target not found
Refreshing native plugins compatible for Editor in 1,24 ms, found 2 plugins.
Preloading 0 native plugins for Editor in 0,00 ms.
Mono: successfully reloaded assembly
- Completed reload, in  1,691 seconds
Domain Reload Profiling:
	ReloadAssembly (1691ms)
		BeginReloadAssembly (140ms)
			ExecutionOrderSort (0ms)
			DisableScriptedObjects (9ms)
			BackupInstance (0ms)
			ReleaseScriptingObjects (0ms)
			CreateAndSetChildDomain (70ms)
		EndReloadAssembly (1470ms)
			LoadAssemblies (114ms)
			RebuildTransferFunctionScriptingTraits (0ms)
			SetupTypeCache (525ms)
			ReleaseScriptCaches (2ms)
			RebuildScriptCaches (79ms)
			SetupLoadedEditorAssemblies (585ms)
				LogAssemblyErrors (0ms)
				InitializePlatformSupportModulesInManaged (7ms)
				SetLoadedEditorAssemblies (1ms)
				RefreshPlugins (1ms)
				BeforeProcessingInitializeOnLoad (124ms)
				ProcessInitializeOnLoadAttributes (433ms)
				ProcessInitializeOnLoadMethodAttributes (14ms)
				AfterProcessingInitializeOnLoad (4ms)
				EditorAssembliesLoaded (0ms)
			ExecutionOrderSort2 (0ms)
			AwakeInstancesAfterBackupRestoration (15ms)
Platform modules already initialized, skipping
Refreshing native plugins compatible for Editor in 1,23 ms, found 2 plugins.
Preloading 0 native plugins for Editor in 0,00 ms.
Unloading 4427 Unused Serialized files (Serialized files now loaded: 0)
System memory in use before: 241,3 MB.
System memory in use after: 241,2 MB.

Unloading 65 unused Assets to reduce memory usage. Loaded Objects now: 5124.
Total: 13,815847 ms (FindLiveObjects: 0,791905 ms CreateObjectMapping: 0,405901 ms MarkObjects: 12,127771 ms  DeleteObjects: 0,488228 ms)

AssetImportParameters requested are different than current active one (requested -> active):
  custom:video-decoder-ogg-theora: a1e56fd34408186e4bbccfd4996cb3dc -> 
  custom:container-muxer-webm: aa71ff27fc2769a1b78a27578f13a17b -> 
  custom:container-demuxer-webm: 4f35f7cbe854078d1ac9338744f61a02 -> 
  custom:container-demuxer-ogg: 62fdf1f143b41e24485cea50d1cbac27 -> 
  custom:video-encoder-webm-vp8: eb34c28f22e8b96e1ab97ce403110664 -> 
  custom:video-decoder-webm-vp8: 9c59270c3fd7afecdb556c50c9e8de78 -> 
  custom:audio-decoder-ogg-vorbis: bf7c407c2cedff20999df2af8eb42d56 -> 
  custom:audio-encoder-webm-vorbis: bf7c407c2cedff20999df2af8eb42d56 -> 
========================================================================
Received Import Request.
  Time since last request: 2874,579180 seconds.
  path: Assets/Project/Prefabs/PanelQuit.prefab
  artifactKey: Guid(2581492cf2ea383febd4d80395a9124d) Importer(815301076,1909f56bfc062723c751e8b465ee728b)
Start importing Assets/Project/Prefabs/PanelQuit.prefab using Guid(2581492cf2ea383febd4d80395a9124d) Importer(815301076,1909f56bfc062723c751e8b465ee728b)  -> (artifact id: '7599ccbda9e5508195fe68e62c13decd') in 0,087462 seconds 
  Import took 0,098137 seconds .

========================================================================
Received Prepare
Registering precompiled user dll's ...
Registered in 0,009409 seconds.
Begin MonoManager ReloadAssembly
Native extension for LinuxStandalone target not found
Native extension for WindowsStandalone target not found
Refreshing native plugins compatible for Editor in 1,35 ms, found 2 plugins.
Preloading 0 native plugins for Editor in 0,00 ms.
Mono: successfully reloaded assembly
- Completed reload, in  1,671 seconds
Domain Reload Profiling:
	ReloadAssembly (1671ms)
		BeginReloadAssembly (135ms)
			ExecutionOrderSort (0ms)
			DisableScriptedObjects (8ms)
			BackupInstance (0ms)
			ReleaseScriptingObjects (0ms)
			CreateAndSetChildDomain (66ms)
		EndReloadAssembly (1457ms)
			LoadAssemblies (108ms)
			RebuildTransferFunctionScriptingTraits (0ms)
			SetupTypeCache (516ms)
			ReleaseScriptCaches (2ms)
			RebuildScriptCaches (74ms)
			SetupLoadedEditorAssemblies (593ms)
				LogAssemblyErrors (0ms)
				InitializePlatformSupportModulesInManaged (7ms)
				SetLoadedEditorAssemblies (2ms)
				RefreshPlugins (1ms)
				BeforeProcessingInitializeOnLoad (124ms)
				ProcessInitializeOnLoadAttributes (441ms)
				ProcessInitializeOnLoadMethodAttributes (14ms)
				AfterProcessingInitializeOnLoad (4ms)
				EditorAssembliesLoaded (0ms)
			ExecutionOrderSort2 (0ms)
			AwakeInstancesAfterBackupRestoration (14ms)
Platform modules already initialized, skipping
Refreshing native plugins compatible for Editor in 1,22 ms, found 2 plugins.
Preloading 0 native plugins for Editor in 0,00 ms.
Unloading 4427 Unused Serialized files (Serialized files now loaded: 0)
System memory in use before: 241,3 MB.
System memory in use after: 241,2 MB.

Unloading 66 unused Assets to reduce memory usage. Loaded Objects now: 5127.
Total: 11,798060 ms (FindLiveObjects: 0,616906 ms CreateObjectMapping: 0,283030 ms MarkObjects: 10,560663 ms  DeleteObjects: 0,335318 ms)

AssetImportParameters requested are different than current active one (requested -> active):
  custom:video-decoder-ogg-theora: a1e56fd34408186e4bbccfd4996cb3dc -> 
  custom:container-muxer-webm: aa71ff27fc2769a1b78a27578f13a17b -> 
  custom:container-demuxer-webm: 4f35f7cbe854078d1ac9338744f61a02 -> 
  custom:container-demuxer-ogg: 62fdf1f143b41e24485cea50d1cbac27 -> 
  custom:video-encoder-webm-vp8: eb34c28f22e8b96e1ab97ce403110664 -> 
  custom:video-decoder-webm-vp8: 9c59270c3fd7afecdb556c50c9e8de78 -> 
  custom:audio-decoder-ogg-vorbis: bf7c407c2cedff20999df2af8eb42d56 -> 
  custom:audio-encoder-webm-vorbis: bf7c407c2cedff20999df2af8eb42d56 -> 
========================================================================
Received Prepare
Registering precompiled user dll's ...
Registered in 0,008991 seconds.
Begin MonoManager ReloadAssembly
Native extension for LinuxStandalone target not found
Native extension for WindowsStandalone target not found
Refreshing native plugins compatible for Editor in 1,21 ms, found 2 plugins.
Preloading 0 native plugins for Editor in 0,00 ms.
Mono: successfully reloaded assembly
- Completed reload, in  1,654 seconds
Domain Reload Profiling:
	ReloadAssembly (1655ms)
		BeginReloadAssembly (137ms)
			ExecutionOrderSort (0ms)
			DisableScriptedObjects (9ms)
			BackupInstance (0ms)
			ReleaseScriptingObjects (0ms)
			CreateAndSetChildDomain (63ms)
		EndReloadAssembly (1437ms)
			LoadAssemblies (111ms)
			RebuildTransferFunctionScriptingTraits (0ms)
			SetupTypeCache (514ms)
			ReleaseScriptCaches (2ms)
			RebuildScriptCaches (74ms)
			SetupLoadedEditorAssemblies (573ms)
				LogAssemblyErrors (0ms)
				InitializePlatformSupportModulesInManaged (7ms)
				SetLoadedEditorAssemblies (1ms)
				RefreshPlugins (1ms)
				BeforeProcessingInitializeOnLoad (123ms)
				ProcessInitializeOnLoadAttributes (424ms)
				ProcessInitializeOnLoadMethodAttributes (13ms)
				AfterProcessingInitializeOnLoad (4ms)
				EditorAssembliesLoaded (0ms)
			ExecutionOrderSort2 (0ms)
			AwakeInstancesAfterBackupRestoration (14ms)
Platform modules already initialized, skipping
Refreshing native plugins compatible for Editor in 1,24 ms, found 2 plugins.
Preloading 0 native plugins for Editor in 0,00 ms.
Unloading 4427 Unused Serialized files (Serialized files now loaded: 0)
System memory in use before: 241,3 MB.
System memory in use after: 241,3 MB.

Unloading 65 unused Assets to reduce memory usage. Loaded Objects now: 5130.
Total: 8,270960 ms (FindLiveObjects: 0,453683 ms CreateObjectMapping: 0,134656 ms MarkObjects: 7,382569 ms  DeleteObjects: 0,298911 ms)

AssetImportParameters requested are different than current active one (requested -> active):
  custom:video-decoder-ogg-theora: a1e56fd34408186e4bbccfd4996cb3dc -> 
  custom:container-muxer-webm: aa71ff27fc2769a1b78a27578f13a17b -> 
  custom:container-demuxer-webm: 4f35f7cbe854078d1ac9338744f61a02 -> 
  custom:container-demuxer-ogg: 62fdf1f143b41e24485cea50d1cbac27 -> 
  custom:video-encoder-webm-vp8: eb34c28f22e8b96e1ab97ce403110664 -> 
  custom:video-decoder-webm-vp8: 9c59270c3fd7afecdb556c50c9e8de78 -> 
  custom:audio-decoder-ogg-vorbis: bf7c407c2cedff20999df2af8eb42d56 -> 
  custom:audio-encoder-webm-vorbis: bf7c407c2cedff20999df2af8eb42d56 -> 
========================================================================
Received Import Request.
  Time since last request: 541,456854 seconds.
  path: Assets/Project/Scenes/MenuScene.unity
  artifactKey: Guid(698237416ddc0c990af91e73513c7172) Importer(815301076,1909f56bfc062723c751e8b465ee728b)
Start importing Assets/Project/Scenes/MenuScene.unity using Guid(698237416ddc0c990af91e73513c7172) Importer(815301076,1909f56bfc062723c751e8b465ee728b)  -> (artifact id: 'e09407d984f8b06070c2fc328ce75e00') in 0,017818 seconds 
  Import took 0,028869 seconds .

========================================================================
Received Import Request.
  Time since last request: 0,300887 seconds.
  path: Assets/Project/Scenes/ShopScene.unity
  artifactKey: Guid(3ab4130f79337d0f896c3f438b8cd47c) Importer(815301076,1909f56bfc062723c751e8b465ee728b)
Start importing Assets/Project/Scenes/ShopScene.unity using Guid(3ab4130f79337d0f896c3f438b8cd47c) Importer(815301076,1909f56bfc062723c751e8b465ee728b)  -> (artifact id: '9d16f5b5a997935d28561ea352af20df') in 0,002996 seconds 
  Import took 0,013245 seconds .

========================================================================
Received Prepare
Registering precompiled user dll's ...
Registered in 0,009178 seconds.
Begin MonoManager ReloadAssembly
Native extension for LinuxStandalone target not found
Native extension for WindowsStandalone target not found
Refreshing native plugins compatible for Editor in 1,23 ms, found 2 plugins.
Preloading 0 native plugins for Editor in 0,00 ms.
Mono: successfully reloaded assembly
- Completed reload, in  1,687 seconds
Domain Reload Profiling:
	ReloadAssembly (1688ms)
		BeginReloadAssembly (137ms)
			ExecutionOrderSort (0ms)
			DisableScriptedObjects (9ms)
			BackupInstance (0ms)
			ReleaseScriptingObjects (0ms)
			CreateAndSetChildDomain (66ms)
		EndReloadAssembly (1467ms)
			LoadAssemblies (114ms)
			RebuildTransferFunctionScriptingTraits (0ms)
			SetupTypeCache (528ms)
			ReleaseScriptCaches (2ms)
			RebuildScriptCaches (78ms)
			SetupLoadedEditorAssemblies (579ms)
				LogAssemblyErrors (0ms)
				InitializePlatformSupportModulesInManaged (7ms)
				SetLoadedEditorAssemblies (1ms)
				RefreshPlugins (1ms)
				BeforeProcessingInitializeOnLoad (126ms)
				ProcessInitializeOnLoadAttributes (427ms)
				ProcessInitializeOnLoadMethodAttributes (13ms)
				AfterProcessingInitializeOnLoad (4ms)
				EditorAssembliesLoaded (0ms)
			ExecutionOrderSort2 (0ms)
			AwakeInstancesAfterBackupRestoration (14ms)
Platform modules already initialized, skipping
Refreshing native plugins compatible for Editor in 1,27 ms, found 2 plugins.
Preloading 0 native plugins for Editor in 0,00 ms.
Unloading 4427 Unused Serialized files (Serialized files now loaded: 0)
System memory in use before: 241,3 MB.
System memory in use after: 241,3 MB.

Unloading 65 unused Assets to reduce memory usage. Loaded Objects now: 5133.
Total: 14,847876 ms (FindLiveObjects: 0,641808 ms CreateObjectMapping: 0,260560 ms MarkObjects: 13,567994 ms  DeleteObjects: 0,375271 ms)

AssetImportParameters requested are different than current active one (requested -> active):
  custom:video-decoder-ogg-theora: a1e56fd34408186e4bbccfd4996cb3dc -> 
  custom:container-muxer-webm: aa71ff27fc2769a1b78a27578f13a17b -> 
  custom:container-demuxer-webm: 4f35f7cbe854078d1ac9338744f61a02 -> 
  custom:container-demuxer-ogg: 62fdf1f143b41e24485cea50d1cbac27 -> 
  custom:video-encoder-webm-vp8: eb34c28f22e8b96e1ab97ce403110664 -> 
  custom:video-decoder-webm-vp8: 9c59270c3fd7afecdb556c50c9e8de78 -> 
  custom:audio-decoder-ogg-vorbis: bf7c407c2cedff20999df2af8eb42d56 -> 
  custom:audio-encoder-webm-vorbis: bf7c407c2cedff20999df2af8eb42d56 -> 
========================================================================
Received Prepare
Registering precompiled user dll's ...
Registered in 0,009764 seconds.
Begin MonoManager ReloadAssembly
Native extension for LinuxStandalone target not found
Native extension for WindowsStandalone target not found
Refreshing native plugins compatible for Editor in 1,33 ms, found 2 plugins.
Preloading 0 native plugins for Editor in 0,00 ms.
Mono: successfully reloaded assembly
- Completed reload, in  1,684 seconds
Domain Reload Profiling:
	ReloadAssembly (1684ms)
		BeginReloadAssembly (140ms)
			ExecutionOrderSort (0ms)
			DisableScriptedObjects (9ms)
			BackupInstance (0ms)
			ReleaseScriptingObjects (0ms)
			CreateAndSetChildDomain (69ms)
		EndReloadAssembly (1466ms)
			LoadAssemblies (108ms)
			RebuildTransferFunctionScriptingTraits (0ms)
			SetupTypeCache (509ms)
			ReleaseScriptCaches (2ms)
			RebuildScriptCaches (80ms)
			SetupLoadedEditorAssemblies (600ms)
				LogAssemblyErrors (0ms)
				InitializePlatformSupportModulesInManaged (7ms)
				SetLoadedEditorAssemblies (1ms)
				RefreshPlugins (1ms)
				BeforeProcessingInitializeOnLoad (126ms)
				ProcessInitializeOnLoadAttributes (447ms)
				ProcessInitializeOnLoadMethodAttributes (14ms)
				AfterProcessingInitializeOnLoad (4ms)
				EditorAssembliesLoaded (0ms)
			ExecutionOrderSort2 (0ms)
			AwakeInstancesAfterBackupRestoration (14ms)
Platform modules already initialized, skipping
Refreshing native plugins compatible for Editor in 1,25 ms, found 2 plugins.
Preloading 0 native plugins for Editor in 0,00 ms.
Unloading 4427 Unused Serialized files (Serialized files now loaded: 0)
System memory in use before: 241,3 MB.
System memory in use after: 241,3 MB.

Unloading 65 unused Assets to reduce memory usage. Loaded Objects now: 5136.
Total: 8,479132 ms (FindLiveObjects: 0,642340 ms CreateObjectMapping: 0,268541 ms MarkObjects: 7,244108 ms  DeleteObjects: 0,322551 ms)

AssetImportParameters requested are different than current active one (requested -> active):
  custom:video-decoder-ogg-theora: a1e56fd34408186e4bbccfd4996cb3dc -> 
  custom:container-muxer-webm: aa71ff27fc2769a1b78a27578f13a17b -> 
  custom:container-demuxer-webm: 4f35f7cbe854078d1ac9338744f61a02 -> 
  custom:container-demuxer-ogg: 62fdf1f143b41e24485cea50d1cbac27 -> 
  custom:video-encoder-webm-vp8: eb34c28f22e8b96e1ab97ce403110664 -> 
  custom:video-decoder-webm-vp8: 9c59270c3fd7afecdb556c50c9e8de78 -> 
  custom:audio-decoder-ogg-vorbis: bf7c407c2cedff20999df2af8eb42d56 -> 
  custom:audio-encoder-webm-vorbis: bf7c407c2cedff20999df2af8eb42d56 -> 
========================================================================
Received Prepare
Registering precompiled user dll's ...
Registered in 0,009063 seconds.
Begin MonoManager ReloadAssembly
Native extension for LinuxStandalone target not found
Native extension for WindowsStandalone target not found
Refreshing native plugins compatible for Editor in 1,28 ms, found 2 plugins.
Preloading 0 native plugins for Editor in 0,00 ms.
Mono: successfully reloaded assembly
- Completed reload, in  1,684 seconds
Domain Reload Profiling:
	ReloadAssembly (1684ms)
		BeginReloadAssembly (149ms)
			ExecutionOrderSort (0ms)
			DisableScriptedObjects (9ms)
			BackupInstance (0ms)
			ReleaseScriptingObjects (0ms)
			CreateAndSetChildDomain (77ms)
		EndReloadAssembly (1456ms)
			LoadAssemblies (110ms)
			RebuildTransferFunctionScriptingTraits (0ms)
			SetupTypeCache (516ms)
			ReleaseScriptCaches (2ms)
			RebuildScriptCaches (74ms)
			SetupLoadedEditorAssemblies (589ms)
				LogAssemblyErrors (0ms)
				InitializePlatformSupportModulesInManaged (7ms)
				SetLoadedEditorAssemblies (1ms)
				RefreshPlugins (1ms)
				BeforeProcessingInitializeOnLoad (127ms)
				ProcessInitializeOnLoadAttributes (436ms)
				ProcessInitializeOnLoadMethodAttributes (13ms)
				AfterProcessingInitializeOnLoad (4ms)
				EditorAssembliesLoaded (0ms)
			ExecutionOrderSort2 (0ms)
			AwakeInstancesAfterBackupRestoration (14ms)
Platform modules already initialized, skipping
Refreshing native plugins compatible for Editor in 1,26 ms, found 2 plugins.
Preloading 0 native plugins for Editor in 0,00 ms.
Unloading 4427 Unused Serialized files (Serialized files now loaded: 0)
System memory in use before: 241,3 MB.
System memory in use after: 241,3 MB.

Unloading 65 unused Assets to reduce memory usage. Loaded Objects now: 5139.
Total: 16,319740 ms (FindLiveObjects: 0,648608 ms CreateObjectMapping: 0,260941 ms MarkObjects: 15,107176 ms  DeleteObjects: 0,301214 ms)

AssetImportParameters requested are different than current active one (requested -> active):
  custom:video-decoder-ogg-theora: a1e56fd34408186e4bbccfd4996cb3dc -> 
  custom:container-muxer-webm: aa71ff27fc2769a1b78a27578f13a17b -> 
  custom:container-demuxer-webm: 4f35f7cbe854078d1ac9338744f61a02 -> 
  custom:container-demuxer-ogg: 62fdf1f143b41e24485cea50d1cbac27 -> 
  custom:video-encoder-webm-vp8: eb34c28f22e8b96e1ab97ce403110664 -> 
  custom:video-decoder-webm-vp8: 9c59270c3fd7afecdb556c50c9e8de78 -> 
  custom:audio-decoder-ogg-vorbis: bf7c407c2cedff20999df2af8eb42d56 -> 
  custom:audio-encoder-webm-vorbis: bf7c407c2cedff20999df2af8eb42d56 -> 
========================================================================
Received Prepare
Registering precompiled user dll's ...
Registered in 0,009052 seconds.
Begin MonoManager ReloadAssembly
Native extension for LinuxStandalone target not found
Native extension for WindowsStandalone target not found
Refreshing native plugins compatible for Editor in 1,26 ms, found 2 plugins.
Preloading 0 native plugins for Editor in 0,00 ms.
Mono: successfully reloaded assembly
- Completed reload, in  1,675 seconds
Domain Reload Profiling:
	ReloadAssembly (1676ms)
		BeginReloadAssembly (143ms)
			ExecutionOrderSort (0ms)
			DisableScriptedObjects (9ms)
			BackupInstance (0ms)
			ReleaseScriptingObjects (0ms)
			CreateAndSetChildDomain (71ms)
		EndReloadAssembly (1453ms)
			LoadAssemblies (110ms)
			RebuildTransferFunctionScriptingTraits (0ms)
			SetupTypeCache (516ms)
			ReleaseScriptCaches (2ms)
			RebuildScriptCaches (73ms)
			SetupLoadedEditorAssemblies (582ms)
				LogAssemblyErrors (0ms)
				InitializePlatformSupportModulesInManaged (7ms)
				SetLoadedEditorAssemblies (1ms)
				RefreshPlugins (1ms)
				BeforeProcessingInitializeOnLoad (122ms)
				ProcessInitializeOnLoadAttributes (433ms)
				ProcessInitializeOnLoadMethodAttributes (13ms)
				AfterProcessingInitializeOnLoad (4ms)
				EditorAssembliesLoaded (0ms)
			ExecutionOrderSort2 (0ms)
			AwakeInstancesAfterBackupRestoration (14ms)
Platform modules already initialized, skipping
Refreshing native plugins compatible for Editor in 1,34 ms, found 2 plugins.
Preloading 0 native plugins for Editor in 0,00 ms.
Unloading 4427 Unused Serialized files (Serialized files now loaded: 0)
System memory in use before: 241,3 MB.
System memory in use after: 241,3 MB.

Unloading 65 unused Assets to reduce memory usage. Loaded Objects now: 5142.
Total: 13,351781 ms (FindLiveObjects: 0,653134 ms CreateObjectMapping: 0,324264 ms MarkObjects: 12,039506 ms  DeleteObjects: 0,332985 ms)

AssetImportParameters requested are different than current active one (requested -> active):
  custom:video-decoder-ogg-theora: a1e56fd34408186e4bbccfd4996cb3dc -> 
  custom:container-muxer-webm: aa71ff27fc2769a1b78a27578f13a17b -> 
  custom:container-demuxer-webm: 4f35f7cbe854078d1ac9338744f61a02 -> 
  custom:container-demuxer-ogg: 62fdf1f143b41e24485cea50d1cbac27 -> 
  custom:video-encoder-webm-vp8: eb34c28f22e8b96e1ab97ce403110664 -> 
  custom:video-decoder-webm-vp8: 9c59270c3fd7afecdb556c50c9e8de78 -> 
  custom:audio-decoder-ogg-vorbis: bf7c407c2cedff20999df2af8eb42d56 -> 
  custom:audio-encoder-webm-vorbis: bf7c407c2cedff20999df2af8eb42d56 -> 
========================================================================
Received Prepare
Registering precompiled user dll's ...
Registered in 0,009115 seconds.
Begin MonoManager ReloadAssembly
Native extension for LinuxStandalone target not found
Native extension for WindowsStandalone target not found
Refreshing native plugins compatible for Editor in 1,27 ms, found 2 plugins.
Preloading 0 native plugins for Editor in 0,00 ms.
Mono: successfully reloaded assembly
- Completed reload, in  1,677 seconds
Domain Reload Profiling:
	ReloadAssembly (1677ms)
		BeginReloadAssembly (140ms)
			ExecutionOrderSort (0ms)
			DisableScriptedObjects (10ms)
			BackupInstance (0ms)
			ReleaseScriptingObjects (0ms)
			CreateAndSetChildDomain (68ms)
		EndReloadAssembly (1459ms)
			LoadAssemblies (108ms)
			RebuildTransferFunctionScriptingTraits (0ms)
			SetupTypeCache (507ms)
			ReleaseScriptCaches (2ms)
			RebuildScriptCaches (73ms)
			SetupLoadedEditorAssemblies (604ms)
				LogAssemblyErrors (0ms)
				InitializePlatformSupportModulesInManaged (7ms)
				SetLoadedEditorAssemblies (1ms)
				RefreshPlugins (1ms)
				BeforeProcessingInitializeOnLoad (123ms)
				ProcessInitializeOnLoadAttributes (454ms)
				ProcessInitializeOnLoadMethodAttributes (13ms)
				AfterProcessingInitializeOnLoad (4ms)
				EditorAssembliesLoaded (0ms)
			ExecutionOrderSort2 (0ms)
			AwakeInstancesAfterBackupRestoration (14ms)
Platform modules already initialized, skipping
Refreshing native plugins compatible for Editor in 1,25 ms, found 2 plugins.
Preloading 0 native plugins for Editor in 0,00 ms.
Unloading 4427 Unused Serialized files (Serialized files now loaded: 0)
System memory in use before: 241,3 MB.
System memory in use after: 241,3 MB.

Unloading 65 unused Assets to reduce memory usage. Loaded Objects now: 5145.
Total: 11,386503 ms (FindLiveObjects: 0,627820 ms CreateObjectMapping: 0,261853 ms MarkObjects: 10,173387 ms  DeleteObjects: 0,321741 ms)

AssetImportParameters requested are different than current active one (requested -> active):
  custom:video-decoder-ogg-theora: a1e56fd34408186e4bbccfd4996cb3dc -> 
  custom:container-muxer-webm: aa71ff27fc2769a1b78a27578f13a17b -> 
  custom:container-demuxer-webm: 4f35f7cbe854078d1ac9338744f61a02 -> 
  custom:container-demuxer-ogg: 62fdf1f143b41e24485cea50d1cbac27 -> 
  custom:video-encoder-webm-vp8: eb34c28f22e8b96e1ab97ce403110664 -> 
  custom:video-decoder-webm-vp8: 9c59270c3fd7afecdb556c50c9e8de78 -> 
  custom:audio-decoder-ogg-vorbis: bf7c407c2cedff20999df2af8eb42d56 -> 
  custom:audio-encoder-webm-vorbis: bf7c407c2cedff20999df2af8eb42d56 -> 
========================================================================
Received Prepare
Registering precompiled user dll's ...
Registered in 0,009083 seconds.
Begin MonoManager ReloadAssembly
Native extension for LinuxStandalone target not found
Native extension for WindowsStandalone target not found
Refreshing native plugins compatible for Editor in 1,24 ms, found 2 plugins.
Preloading 0 native plugins for Editor in 0,00 ms.
Mono: successfully reloaded assembly
- Completed reload, in  1,699 seconds
Domain Reload Profiling:
	ReloadAssembly (1699ms)
		BeginReloadAssembly (143ms)
			ExecutionOrderSort (0ms)
			DisableScriptedObjects (9ms)
			BackupInstance (0ms)
			ReleaseScriptingObjects (0ms)
			CreateAndSetChildDomain (70ms)
		EndReloadAssembly (1463ms)
			LoadAssemblies (107ms)
			RebuildTransferFunctionScriptingTraits (0ms)
			SetupTypeCache (517ms)
			ReleaseScriptCaches (2ms)
			RebuildScriptCaches (78ms)
			SetupLoadedEditorAssemblies (589ms)
				LogAssemblyErrors (0ms)
				InitializePlatformSupportModulesInManaged (7ms)
				SetLoadedEditorAssemblies (1ms)
				RefreshPlugins (1ms)
				BeforeProcessingInitializeOnLoad (125ms)
				ProcessInitializeOnLoadAttributes (436ms)
				ProcessInitializeOnLoadMethodAttributes (14ms)
				AfterProcessingInitializeOnLoad (4ms)
				EditorAssembliesLoaded (0ms)
			ExecutionOrderSort2 (0ms)
			AwakeInstancesAfterBackupRestoration (15ms)
Platform modules already initialized, skipping
Refreshing native plugins compatible for Editor in 1,22 ms, found 2 plugins.
Preloading 0 native plugins for Editor in 0,00 ms.
Unloading 4427 Unused Serialized files (Serialized files now loaded: 0)
System memory in use before: 241,3 MB.
System memory in use after: 241,3 MB.

Unloading 65 unused Assets to reduce memory usage. Loaded Objects now: 5148.
Total: 12,728356 ms (FindLiveObjects: 0,684575 ms CreateObjectMapping: 0,280227 ms MarkObjects: 11,454301 ms  DeleteObjects: 0,307192 ms)

AssetImportParameters requested are different than current active one (requested -> active):
  custom:video-decoder-ogg-theora: a1e56fd34408186e4bbccfd4996cb3dc -> 
  custom:container-muxer-webm: aa71ff27fc2769a1b78a27578f13a17b -> 
  custom:container-demuxer-webm: 4f35f7cbe854078d1ac9338744f61a02 -> 
  custom:container-demuxer-ogg: 62fdf1f143b41e24485cea50d1cbac27 -> 
  custom:video-encoder-webm-vp8: eb34c28f22e8b96e1ab97ce403110664 -> 
  custom:video-decoder-webm-vp8: 9c59270c3fd7afecdb556c50c9e8de78 -> 
  custom:audio-decoder-ogg-vorbis: bf7c407c2cedff20999df2af8eb42d56 -> 
  custom:audio-encoder-webm-vorbis: bf7c407c2cedff20999df2af8eb42d56 -> 
========================================================================
Received Import Request.
  Time since last request: 1600,210778 seconds.
  path: Assets/Project/Scenes/GameScene.unity
  artifactKey: Guid(f9bb088fa3735de22a539f18f0799442) Importer(815301076,1909f56bfc062723c751e8b465ee728b)
Start importing Assets/Project/Scenes/GameScene.unity using Guid(f9bb088fa3735de22a539f18f0799442) Importer(815301076,1909f56bfc062723c751e8b465ee728b)  -> (artifact id: '7217202d92810632aa8934b2f782b62f') in 0,018633 seconds 
  Import took 0,030216 seconds .

========================================================================
Received Prepare
Registering precompiled user dll's ...
Registered in 0,009199 seconds.
Begin MonoManager ReloadAssembly
Native extension for LinuxStandalone target not found
Native extension for WindowsStandalone target not found
Refreshing native plugins compatible for Editor in 1,24 ms, found 2 plugins.
Preloading 0 native plugins for Editor in 0,00 ms.
Mono: successfully reloaded assembly
- Completed reload, in  1,765 seconds
Domain Reload Profiling:
	ReloadAssembly (1765ms)
		BeginReloadAssembly (185ms)
			ExecutionOrderSort (0ms)
			DisableScriptedObjects (14ms)
			BackupInstance (0ms)
			ReleaseScriptingObjects (0ms)
			CreateAndSetChildDomain (119ms)
		EndReloadAssembly (1487ms)
			LoadAssemblies (117ms)
			RebuildTransferFunctionScriptingTraits (0ms)
			SetupTypeCache (519ms)
			ReleaseScriptCaches (2ms)
			RebuildScriptCaches (75ms)
			SetupLoadedEditorAssemblies (607ms)
				LogAssemblyErrors (0ms)
				InitializePlatformSupportModulesInManaged (7ms)
				SetLoadedEditorAssemblies (1ms)
				RefreshPlugins (1ms)
				BeforeProcessingInitializeOnLoad (124ms)
				ProcessInitializeOnLoadAttributes (455ms)
				ProcessInitializeOnLoadMethodAttributes (14ms)
				AfterProcessingInitializeOnLoad (4ms)
				EditorAssembliesLoaded (0ms)
			ExecutionOrderSort2 (0ms)
			AwakeInstancesAfterBackupRestoration (14ms)
Platform modules already initialized, skipping
Refreshing native plugins compatible for Editor in 1,46 ms, found 2 plugins.
Preloading 0 native plugins for Editor in 0,00 ms.
Unloading 4427 Unused Serialized files (Serialized files now loaded: 0)
System memory in use before: 241,4 MB.
System memory in use after: 241,3 MB.

Unloading 65 unused Assets to reduce memory usage. Loaded Objects now: 5151.
Total: 12,056719 ms (FindLiveObjects: 0,661625 ms CreateObjectMapping: 0,298260 ms MarkObjects: 10,767052 ms  DeleteObjects: 0,327619 ms)

AssetImportParameters requested are different than current active one (requested -> active):
  custom:video-decoder-ogg-theora: a1e56fd34408186e4bbccfd4996cb3dc -> 
  custom:container-muxer-webm: aa71ff27fc2769a1b78a27578f13a17b -> 
  custom:container-demuxer-webm: 4f35f7cbe854078d1ac9338744f61a02 -> 
  custom:container-demuxer-ogg: 62fdf1f143b41e24485cea50d1cbac27 -> 
  custom:video-encoder-webm-vp8: eb34c28f22e8b96e1ab97ce403110664 -> 
  custom:video-decoder-webm-vp8: 9c59270c3fd7afecdb556c50c9e8de78 -> 
  custom:audio-decoder-ogg-vorbis: bf7c407c2cedff20999df2af8eb42d56 -> 
  custom:audio-encoder-webm-vorbis: bf7c407c2cedff20999df2af8eb42d56 -> 
========================================================================
Received Prepare
Registering precompiled user dll's ...
Registered in 0,009139 seconds.
Begin MonoManager ReloadAssembly
Native extension for LinuxStandalone target not found
Native extension for WindowsStandalone target not found
Refreshing native plugins compatible for Editor in 1,23 ms, found 2 plugins.
Preloading 0 native plugins for Editor in 0,00 ms.
Mono: successfully reloaded assembly
- Completed reload, in  1,706 seconds
Domain Reload Profiling:
	ReloadAssembly (1706ms)
		BeginReloadAssembly (147ms)
			ExecutionOrderSort (0ms)
			DisableScriptedObjects (9ms)
			BackupInstance (0ms)
			ReleaseScriptingObjects (0ms)
			CreateAndSetChildDomain (75ms)
		EndReloadAssembly (1478ms)
			LoadAssemblies (110ms)
			RebuildTransferFunctionScriptingTraits (0ms)
			SetupTypeCache (527ms)
			ReleaseScriptCaches (2ms)
			RebuildScriptCaches (75ms)
			SetupLoadedEditorAssemblies (595ms)
				LogAssemblyErrors (0ms)
				InitializePlatformSupportModulesInManaged (7ms)
				SetLoadedEditorAssemblies (1ms)
				RefreshPlugins (1ms)
				BeforeProcessingInitializeOnLoad (124ms)
				ProcessInitializeOnLoadAttributes (443ms)
				ProcessInitializeOnLoadMethodAttributes (14ms)
				AfterProcessingInitializeOnLoad (4ms)
				EditorAssembliesLoaded (0ms)
			ExecutionOrderSort2 (0ms)
			AwakeInstancesAfterBackupRestoration (15ms)
Platform modules already initialized, skipping
Refreshing native plugins compatible for Editor in 1,59 ms, found 2 plugins.
Preloading 0 native plugins for Editor in 0,00 ms.
Unloading 4427 Unused Serialized files (Serialized files now loaded: 0)
System memory in use before: 241,4 MB.
System memory in use after: 241,3 MB.

Unloading 65 unused Assets to reduce memory usage. Loaded Objects now: 5154.
Total: 11,175266 ms (FindLiveObjects: 0,560182 ms CreateObjectMapping: 0,199441 ms MarkObjects: 10,102164 ms  DeleteObjects: 0,311938 ms)

AssetImportParameters requested are different than current active one (requested -> active):
  custom:video-decoder-ogg-theora: a1e56fd34408186e4bbccfd4996cb3dc -> 
  custom:container-muxer-webm: aa71ff27fc2769a1b78a27578f13a17b -> 
  custom:container-demuxer-webm: 4f35f7cbe854078d1ac9338744f61a02 -> 
  custom:container-demuxer-ogg: 62fdf1f143b41e24485cea50d1cbac27 -> 
  custom:video-encoder-webm-vp8: eb34c28f22e8b96e1ab97ce403110664 -> 
  custom:video-decoder-webm-vp8: 9c59270c3fd7afecdb556c50c9e8de78 -> 
  custom:audio-decoder-ogg-vorbis: bf7c407c2cedff20999df2af8eb42d56 -> 
  custom:audio-encoder-webm-vorbis: bf7c407c2cedff20999df2af8eb42d56 -> 
========================================================================
Received Prepare
Registering precompiled user dll's ...
Registered in 0,009026 seconds.
Begin MonoManager ReloadAssembly
Native extension for LinuxStandalone target not found
Native extension for WindowsStandalone target not found
Refreshing native plugins compatible for Editor in 1,26 ms, found 2 plugins.
Preloading 0 native plugins for Editor in 0,00 ms.
Mono: successfully reloaded assembly
- Completed reload, in  1,667 seconds
Domain Reload Profiling:
	ReloadAssembly (1667ms)
		BeginReloadAssembly (148ms)
			ExecutionOrderSort (0ms)
			DisableScriptedObjects (9ms)
			BackupInstance (0ms)
			ReleaseScriptingObjects (0ms)
			CreateAndSetChildDomain (75ms)
		EndReloadAssembly (1440ms)
			LoadAssemblies (110ms)
			RebuildTransferFunctionScriptingTraits (0ms)
			SetupTypeCache (509ms)
			ReleaseScriptCaches (2ms)
			RebuildScriptCaches (74ms)
			SetupLoadedEditorAssemblies (575ms)
				LogAssemblyErrors (0ms)
				InitializePlatformSupportModulesInManaged (7ms)
				SetLoadedEditorAssemblies (1ms)
				RefreshPlugins (1ms)
				BeforeProcessingInitializeOnLoad (122ms)
				ProcessInitializeOnLoadAttributes (427ms)
				ProcessInitializeOnLoadMethodAttributes (13ms)
				AfterProcessingInitializeOnLoad (4ms)
				EditorAssembliesLoaded (0ms)
			ExecutionOrderSort2 (0ms)
			AwakeInstancesAfterBackupRestoration (14ms)
Platform modules already initialized, skipping
Refreshing native plugins compatible for Editor in 1,34 ms, found 2 plugins.
Preloading 0 native plugins for Editor in 0,00 ms.
Unloading 4427 Unused Serialized files (Serialized files now loaded: 0)
System memory in use before: 241,4 MB.
System memory in use after: 241,3 MB.

Unloading 65 unused Assets to reduce memory usage. Loaded Objects now: 5157.
Total: 12,760749 ms (FindLiveObjects: 0,658321 ms CreateObjectMapping: 0,291641 ms MarkObjects: 11,485662 ms  DeleteObjects: 0,323233 ms)

AssetImportParameters requested are different than current active one (requested -> active):
  custom:video-decoder-ogg-theora: a1e56fd34408186e4bbccfd4996cb3dc -> 
  custom:container-muxer-webm: aa71ff27fc2769a1b78a27578f13a17b -> 
  custom:container-demuxer-webm: 4f35f7cbe854078d1ac9338744f61a02 -> 
  custom:container-demuxer-ogg: 62fdf1f143b41e24485cea50d1cbac27 -> 
  custom:video-encoder-webm-vp8: eb34c28f22e8b96e1ab97ce403110664 -> 
  custom:video-decoder-webm-vp8: 9c59270c3fd7afecdb556c50c9e8de78 -> 
  custom:audio-decoder-ogg-vorbis: bf7c407c2cedff20999df2af8eb42d56 -> 
  custom:audio-encoder-webm-vorbis: bf7c407c2cedff20999df2af8eb42d56 -> 
========================================================================
Received Import Request.
  Time since last request: 2192,009133 seconds.
  path: Assets/Project/Scenes/MenuScene.unity
  artifactKey: Guid(698237416ddc0c990af91e73513c7172) Importer(815301076,1909f56bfc062723c751e8b465ee728b)
Start importing Assets/Project/Scenes/MenuScene.unity using Guid(698237416ddc0c990af91e73513c7172) Importer(815301076,1909f56bfc062723c751e8b465ee728b)  -> (artifact id: '9e12cd58b0da0d777fadc62bfb80db21') in 0,017676 seconds 
  Import took 0,028038 seconds .

========================================================================
Received Prepare
Registering precompiled user dll's ...
Registered in 0,009077 seconds.
Begin MonoManager ReloadAssembly
Native extension for LinuxStandalone target not found
Native extension for WindowsStandalone target not found
Refreshing native plugins compatible for Editor in 1,39 ms, found 2 plugins.
Preloading 0 native plugins for Editor in 0,00 ms.
Mono: successfully reloaded assembly
- Completed reload, in  1,698 seconds
Domain Reload Profiling:
	ReloadAssembly (1698ms)
		BeginReloadAssembly (136ms)
			ExecutionOrderSort (0ms)
			DisableScriptedObjects (9ms)
			BackupInstance (0ms)
			ReleaseScriptingObjects (0ms)
			CreateAndSetChildDomain (64ms)
		EndReloadAssembly (1483ms)
			LoadAssemblies (110ms)
			RebuildTransferFunctionScriptingTraits (0ms)
			SetupTypeCache (512ms)
			ReleaseScriptCaches (2ms)
			RebuildScriptCaches (73ms)
			SetupLoadedEditorAssemblies (617ms)
				LogAssemblyErrors (0ms)
				InitializePlatformSupportModulesInManaged (7ms)
				SetLoadedEditorAssemblies (1ms)
				RefreshPlugins (1ms)
				BeforeProcessingInitializeOnLoad (126ms)
				ProcessInitializeOnLoadAttributes (464ms)
				ProcessInitializeOnLoadMethodAttributes (14ms)
				AfterProcessingInitializeOnLoad (4ms)
				EditorAssembliesLoaded (0ms)
			ExecutionOrderSort2 (0ms)
			AwakeInstancesAfterBackupRestoration (15ms)
Platform modules already initialized, skipping
Refreshing native plugins compatible for Editor in 1,22 ms, found 2 plugins.
Preloading 0 native plugins for Editor in 0,00 ms.
Unloading 4427 Unused Serialized files (Serialized files now loaded: 0)
System memory in use before: 241,4 MB.
System memory in use after: 241,3 MB.

Unloading 65 unused Assets to reduce memory usage. Loaded Objects now: 5160.
Total: 14,229418 ms (FindLiveObjects: 0,620582 ms CreateObjectMapping: 0,260680 ms MarkObjects: 13,017615 ms  DeleteObjects: 0,328800 ms)

AssetImportParameters requested are different than current active one (requested -> active):
  custom:video-decoder-ogg-theora: a1e56fd34408186e4bbccfd4996cb3dc -> 
  custom:container-muxer-webm: aa71ff27fc2769a1b78a27578f13a17b -> 
  custom:container-demuxer-webm: 4f35f7cbe854078d1ac9338744f61a02 -> 
  custom:container-demuxer-ogg: 62fdf1f143b41e24485cea50d1cbac27 -> 
  custom:video-encoder-webm-vp8: eb34c28f22e8b96e1ab97ce403110664 -> 
  custom:video-decoder-webm-vp8: 9c59270c3fd7afecdb556c50c9e8de78 -> 
  custom:audio-decoder-ogg-vorbis: bf7c407c2cedff20999df2af8eb42d56 -> 
  custom:audio-encoder-webm-vorbis: bf7c407c2cedff20999df2af8eb42d56 -> 
========================================================================
Received Prepare
Registering precompiled user dll's ...
Registered in 0,009495 seconds.
Begin MonoManager ReloadAssembly
Native extension for LinuxStandalone target not found
Native extension for WindowsStandalone target not found
Refreshing native plugins compatible for Editor in 1,22 ms, found 2 plugins.
Preloading 0 native plugins for Editor in 0,00 ms.
Mono: successfully reloaded assembly
- Completed reload, in  1,741 seconds
Domain Reload Profiling:
	ReloadAssembly (1741ms)
		BeginReloadAssembly (153ms)
			ExecutionOrderSort (0ms)
			DisableScriptedObjects (10ms)
			BackupInstance (0ms)
			ReleaseScriptingObjects (0ms)
			CreateAndSetChildDomain (78ms)
		EndReloadAssembly (1507ms)
			LoadAssemblies (112ms)
			RebuildTransferFunctionScriptingTraits (0ms)
			SetupTypeCache (526ms)
			ReleaseScriptCaches (2ms)
			RebuildScriptCaches (76ms)
			SetupLoadedEditorAssemblies (616ms)
				LogAssemblyErrors (0ms)
				InitializePlatformSupportModulesInManaged (7ms)
				SetLoadedEditorAssemblies (1ms)
				RefreshPlugins (1ms)
				BeforeProcessingInitializeOnLoad (126ms)
				ProcessInitializeOnLoadAttributes (463ms)
				ProcessInitializeOnLoadMethodAttributes (14ms)
				AfterProcessingInitializeOnLoad (4ms)
				EditorAssembliesLoaded (0ms)
			ExecutionOrderSort2 (0ms)
			AwakeInstancesAfterBackupRestoration (15ms)
Platform modules already initialized, skipping
Refreshing native plugins compatible for Editor in 1,23 ms, found 2 plugins.
Preloading 0 native plugins for Editor in 0,00 ms.
Unloading 4427 Unused Serialized files (Serialized files now loaded: 0)
System memory in use before: 241,4 MB.
System memory in use after: 241,3 MB.

Unloading 65 unused Assets to reduce memory usage. Loaded Objects now: 5163.
Total: 12,239437 ms (FindLiveObjects: 0,638775 ms CreateObjectMapping: 0,277453 ms MarkObjects: 10,990475 ms  DeleteObjects: 0,330282 ms)

AssetImportParameters requested are different than current active one (requested -> active):
  custom:video-decoder-ogg-theora: a1e56fd34408186e4bbccfd4996cb3dc -> 
  custom:container-muxer-webm: aa71ff27fc2769a1b78a27578f13a17b -> 
  custom:container-demuxer-webm: 4f35f7cbe854078d1ac9338744f61a02 -> 
  custom:container-demuxer-ogg: 62fdf1f143b41e24485cea50d1cbac27 -> 
  custom:video-encoder-webm-vp8: eb34c28f22e8b96e1ab97ce403110664 -> 
  custom:video-decoder-webm-vp8: 9c59270c3fd7afecdb556c50c9e8de78 -> 
  custom:audio-decoder-ogg-vorbis: bf7c407c2cedff20999df2af8eb42d56 -> 
  custom:audio-encoder-webm-vorbis: bf7c407c2cedff20999df2af8eb42d56 -> 
========================================================================
Received Prepare
Registering precompiled user dll's ...
Registered in 0,008993 seconds.
Begin MonoManager ReloadAssembly
Native extension for LinuxStandalone target not found
Native extension for WindowsStandalone target not found
Refreshing native plugins compatible for Editor in 1,34 ms, found 2 plugins.
Preloading 0 native plugins for Editor in 0,00 ms.
Mono: successfully reloaded assembly
- Completed reload, in  1,701 seconds
Domain Reload Profiling:
	ReloadAssembly (1701ms)
		BeginReloadAssembly (139ms)
			ExecutionOrderSort (0ms)
			DisableScriptedObjects (9ms)
			BackupInstance (0ms)
			ReleaseScriptingObjects (0ms)
			CreateAndSetChildDomain (67ms)
		EndReloadAssembly (1481ms)
			LoadAssemblies (112ms)
			RebuildTransferFunctionScriptingTraits (0ms)
			SetupTypeCache (512ms)
			ReleaseScriptCaches (2ms)
			RebuildScriptCaches (75ms)
			SetupLoadedEditorAssemblies (614ms)
				LogAssemblyErrors (0ms)
				InitializePlatformSupportModulesInManaged (7ms)
				SetLoadedEditorAssemblies (1ms)
				RefreshPlugins (1ms)
				BeforeProcessingInitializeOnLoad (123ms)
				ProcessInitializeOnLoadAttributes (464ms)
				ProcessInitializeOnLoadMethodAttributes (14ms)
				AfterProcessingInitializeOnLoad (4ms)
				EditorAssembliesLoaded (0ms)
			ExecutionOrderSort2 (0ms)
			AwakeInstancesAfterBackupRestoration (15ms)
Platform modules already initialized, skipping
Refreshing native plugins compatible for Editor in 1,26 ms, found 2 plugins.
Preloading 0 native plugins for Editor in 0,00 ms.
Unloading 4427 Unused Serialized files (Serialized files now loaded: 0)
System memory in use before: 241,4 MB.
System memory in use after: 241,4 MB.

Unloading 65 unused Assets to reduce memory usage. Loaded Objects now: 5166.
Total: 15,192487 ms (FindLiveObjects: 0,625978 ms CreateObjectMapping: 0,261822 ms MarkObjects: 14,002461 ms  DeleteObjects: 0,300132 ms)

AssetImportParameters requested are different than current active one (requested -> active):
  custom:video-decoder-ogg-theora: a1e56fd34408186e4bbccfd4996cb3dc -> 
  custom:container-muxer-webm: aa71ff27fc2769a1b78a27578f13a17b -> 
  custom:container-demuxer-webm: 4f35f7cbe854078d1ac9338744f61a02 -> 
  custom:container-demuxer-ogg: 62fdf1f143b41e24485cea50d1cbac27 -> 
  custom:video-encoder-webm-vp8: eb34c28f22e8b96e1ab97ce403110664 -> 
  custom:video-decoder-webm-vp8: 9c59270c3fd7afecdb556c50c9e8de78 -> 
  custom:audio-decoder-ogg-vorbis: bf7c407c2cedff20999df2af8eb42d56 -> 
  custom:audio-encoder-webm-vorbis: bf7c407c2cedff20999df2af8eb42d56 -> 
========================================================================
Received Prepare
Registering precompiled user dll's ...
Registered in 0,009186 seconds.
Begin MonoManager ReloadAssembly
Native extension for LinuxStandalone target not found
Native extension for WindowsStandalone target not found
Refreshing native plugins compatible for Editor in 1,26 ms, found 2 plugins.
Preloading 0 native plugins for Editor in 0,00 ms.
Mono: successfully reloaded assembly
- Completed reload, in  1,759 seconds
Domain Reload Profiling:
	ReloadAssembly (1759ms)
		BeginReloadAssembly (144ms)
			ExecutionOrderSort (0ms)
			DisableScriptedObjects (10ms)
			BackupInstance (0ms)
			ReleaseScriptingObjects (0ms)
			CreateAndSetChildDomain (67ms)
		EndReloadAssembly (1534ms)
			LoadAssemblies (113ms)
			RebuildTransferFunctionScriptingTraits (0ms)
			SetupTypeCache (537ms)
			ReleaseScriptCaches (2ms)
			RebuildScriptCaches (80ms)
			SetupLoadedEditorAssemblies (630ms)
				LogAssemblyErrors (0ms)
				InitializePlatformSupportModulesInManaged (7ms)
				SetLoadedEditorAssemblies (1ms)
				RefreshPlugins (1ms)
				BeforeProcessingInitializeOnLoad (124ms)
				ProcessInitializeOnLoadAttributes (478ms)
				ProcessInitializeOnLoadMethodAttributes (14ms)
				AfterProcessingInitializeOnLoad (4ms)
				EditorAssembliesLoaded (0ms)
			ExecutionOrderSort2 (0ms)
			AwakeInstancesAfterBackupRestoration (15ms)
Platform modules already initialized, skipping
Refreshing native plugins compatible for Editor in 1,26 ms, found 2 plugins.
Preloading 0 native plugins for Editor in 0,00 ms.
Unloading 4427 Unused Serialized files (Serialized files now loaded: 0)
System memory in use before: 241,4 MB.
System memory in use after: 241,4 MB.

Unloading 65 unused Assets to reduce memory usage. Loaded Objects now: 5169.
Total: 12,958617 ms (FindLiveObjects: 0,646505 ms CreateObjectMapping: 0,274740 ms MarkObjects: 11,439691 ms  DeleteObjects: 0,595388 ms)

AssetImportParameters requested are different than current active one (requested -> active):
  custom:video-decoder-ogg-theora: a1e56fd34408186e4bbccfd4996cb3dc -> 
  custom:container-muxer-webm: aa71ff27fc2769a1b78a27578f13a17b -> 
  custom:container-demuxer-webm: 4f35f7cbe854078d1ac9338744f61a02 -> 
  custom:container-demuxer-ogg: 62fdf1f143b41e24485cea50d1cbac27 -> 
  custom:video-encoder-webm-vp8: eb34c28f22e8b96e1ab97ce403110664 -> 
  custom:video-decoder-webm-vp8: 9c59270c3fd7afecdb556c50c9e8de78 -> 
  custom:audio-decoder-ogg-vorbis: bf7c407c2cedff20999df2af8eb42d56 -> 
  custom:audio-encoder-webm-vorbis: bf7c407c2cedff20999df2af8eb42d56 -> 
========================================================================
Received Prepare
Registering precompiled user dll's ...
Registered in 0,009151 seconds.
Begin MonoManager ReloadAssembly
Native extension for LinuxStandalone target not found
Native extension for WindowsStandalone target not found
Refreshing native plugins compatible for Editor in 1,22 ms, found 2 plugins.
Preloading 0 native plugins for Editor in 0,00 ms.
Mono: successfully reloaded assembly
- Completed reload, in  1,708 seconds
Domain Reload Profiling:
	ReloadAssembly (1709ms)
		BeginReloadAssembly (149ms)
			ExecutionOrderSort (0ms)
			DisableScriptedObjects (13ms)
			BackupInstance (0ms)
			ReleaseScriptingObjects (0ms)
			CreateAndSetChildDomain (73ms)
		EndReloadAssembly (1479ms)
			LoadAssemblies (110ms)
			RebuildTransferFunctionScriptingTraits (0ms)
			SetupTypeCache (513ms)
			ReleaseScriptCaches (2ms)
			RebuildScriptCaches (74ms)
			SetupLoadedEditorAssemblies (608ms)
				LogAssemblyErrors (0ms)
				InitializePlatformSupportModulesInManaged (7ms)
				SetLoadedEditorAssemblies (1ms)
				RefreshPlugins (1ms)
				BeforeProcessingInitializeOnLoad (123ms)
				ProcessInitializeOnLoadAttributes (458ms)
				ProcessInitializeOnLoadMethodAttributes (14ms)
				AfterProcessingInitializeOnLoad (4ms)
				EditorAssembliesLoaded (0ms)
			ExecutionOrderSort2 (0ms)
			AwakeInstancesAfterBackupRestoration (15ms)
Platform modules already initialized, skipping
Refreshing native plugins compatible for Editor in 1,22 ms, found 2 plugins.
Preloading 0 native plugins for Editor in 0,00 ms.
Unloading 4427 Unused Serialized files (Serialized files now loaded: 0)
System memory in use before: 241,4 MB.
System memory in use after: 241,4 MB.

Unloading 65 unused Assets to reduce memory usage. Loaded Objects now: 5172.
Total: 13,497591 ms (FindLiveObjects: 0,505400 ms CreateObjectMapping: 0,158678 ms MarkObjects: 12,499256 ms  DeleteObjects: 0,332364 ms)

AssetImportParameters requested are different than current active one (requested -> active):
  custom:video-decoder-ogg-theora: a1e56fd34408186e4bbccfd4996cb3dc -> 
  custom:container-muxer-webm: aa71ff27fc2769a1b78a27578f13a17b -> 
  custom:container-demuxer-webm: 4f35f7cbe854078d1ac9338744f61a02 -> 
  custom:container-demuxer-ogg: 62fdf1f143b41e24485cea50d1cbac27 -> 
  custom:video-encoder-webm-vp8: eb34c28f22e8b96e1ab97ce403110664 -> 
  custom:video-decoder-webm-vp8: 9c59270c3fd7afecdb556c50c9e8de78 -> 
  custom:audio-decoder-ogg-vorbis: bf7c407c2cedff20999df2af8eb42d56 -> 
  custom:audio-encoder-webm-vorbis: bf7c407c2cedff20999df2af8eb42d56 -> 
========================================================================
Received Import Request.
  Time since last request: 542,044522 seconds.
  path: Assets/Project/Scenes/GameScene.unity
  artifactKey: Guid(f9bb088fa3735de22a539f18f0799442) Importer(815301076,1909f56bfc062723c751e8b465ee728b)
Start importing Assets/Project/Scenes/GameScene.unity using Guid(f9bb088fa3735de22a539f18f0799442) Importer(815301076,1909f56bfc062723c751e8b465ee728b)  -> (artifact id: '343a517de4344828e9c01794ac2e1b81') in 0,018456 seconds 
  Import took 0,027993 seconds .

========================================================================
Received Prepare
Registering precompiled user dll's ...
Registered in 0,009136 seconds.
Begin MonoManager ReloadAssembly
Native extension for LinuxStandalone target not found
Native extension for WindowsStandalone target not found
Refreshing native plugins compatible for Editor in 1,39 ms, found 2 plugins.
Preloading 0 native plugins for Editor in 0,00 ms.
Mono: successfully reloaded assembly
- Completed reload, in  1,758 seconds
Domain Reload Profiling:
	ReloadAssembly (1759ms)
		BeginReloadAssembly (149ms)
			ExecutionOrderSort (0ms)
			DisableScriptedObjects (11ms)
			BackupInstance (0ms)
			ReleaseScriptingObjects (0ms)
			CreateAndSetChildDomain (73ms)
		EndReloadAssembly (1531ms)
			LoadAssemblies (110ms)
			RebuildTransferFunctionScriptingTraits (0ms)
			SetupTypeCache (516ms)
			ReleaseScriptCaches (2ms)
			RebuildScriptCaches (76ms)
			SetupLoadedEditorAssemblies (650ms)
				LogAssemblyErrors (0ms)
				InitializePlatformSupportModulesInManaged (8ms)
				SetLoadedEditorAssemblies (1ms)
				RefreshPlugins (1ms)
				BeforeProcessingInitializeOnLoad (127ms)
				ProcessInitializeOnLoadAttributes (495ms)
				ProcessInitializeOnLoadMethodAttributes (14ms)
				AfterProcessingInitializeOnLoad (4ms)
				EditorAssembliesLoaded (0ms)
			ExecutionOrderSort2 (0ms)
			AwakeInstancesAfterBackupRestoration (15ms)
Platform modules already initialized, skipping
Refreshing native plugins compatible for Editor in 1,22 ms, found 2 plugins.
Preloading 0 native plugins for Editor in 0,00 ms.
Unloading 4427 Unused Serialized files (Serialized files now loaded: 0)
System memory in use before: 241,4 MB.
System memory in use after: 241,4 MB.

Unloading 65 unused Assets to reduce memory usage. Loaded Objects now: 5175.
Total: 12,947622 ms (FindLiveObjects: 0,627020 ms CreateObjectMapping: 0,310896 ms MarkObjects: 11,680087 ms  DeleteObjects: 0,327598 ms)

AssetImportParameters requested are different than current active one (requested -> active):
  custom:video-decoder-ogg-theora: a1e56fd34408186e4bbccfd4996cb3dc -> 
  custom:container-muxer-webm: aa71ff27fc2769a1b78a27578f13a17b -> 
  custom:container-demuxer-webm: 4f35f7cbe854078d1ac9338744f61a02 -> 
  custom:container-demuxer-ogg: 62fdf1f143b41e24485cea50d1cbac27 -> 
  custom:video-encoder-webm-vp8: eb34c28f22e8b96e1ab97ce403110664 -> 
  custom:video-decoder-webm-vp8: 9c59270c3fd7afecdb556c50c9e8de78 -> 
  custom:audio-decoder-ogg-vorbis: bf7c407c2cedff20999df2af8eb42d56 -> 
  custom:audio-encoder-webm-vorbis: bf7c407c2cedff20999df2af8eb42d56 -> 
========================================================================
Received Prepare
Registering precompiled user dll's ...
Registered in 0,009082 seconds.
Begin MonoManager ReloadAssembly
Native extension for LinuxStandalone target not found
Native extension for WindowsStandalone target not found
Refreshing native plugins compatible for Editor in 1,25 ms, found 2 plugins.
Preloading 0 native plugins for Editor in 0,00 ms.
Mono: successfully reloaded assembly
- Completed reload, in  1,759 seconds
Domain Reload Profiling:
	ReloadAssembly (1759ms)
		BeginReloadAssembly (146ms)
			ExecutionOrderSort (0ms)
			DisableScriptedObjects (10ms)
			BackupInstance (0ms)
			ReleaseScriptingObjects (0ms)
			CreateAndSetChildDomain (74ms)
		EndReloadAssembly (1531ms)
			LoadAssemblies (112ms)
			RebuildTransferFunctionScriptingTraits (0ms)
			SetupTypeCache (528ms)
			ReleaseScriptCaches (2ms)
			RebuildScriptCaches (88ms)
			SetupLoadedEditorAssemblies (624ms)
				LogAssemblyErrors (0ms)
				InitializePlatformSupportModulesInManaged (8ms)
				SetLoadedEditorAssemblies (1ms)
				RefreshPlugins (1ms)
				BeforeProcessingInitializeOnLoad (128ms)
				ProcessInitializeOnLoadAttributes (468ms)
				ProcessInitializeOnLoadMethodAttributes (14ms)
				AfterProcessingInitializeOnLoad (4ms)
				EditorAssembliesLoaded (0ms)
			ExecutionOrderSort2 (0ms)
			AwakeInstancesAfterBackupRestoration (15ms)
Platform modules already initialized, skipping
Refreshing native plugins compatible for Editor in 1,27 ms, found 2 plugins.
Preloading 0 native plugins for Editor in 0,00 ms.
Unloading 4427 Unused Serialized files (Serialized files now loaded: 0)
System memory in use before: 241,4 MB.
System memory in use after: 241,4 MB.

Unloading 65 unused Assets to reduce memory usage. Loaded Objects now: 5178.
Total: 12,846911 ms (FindLiveObjects: 0,664569 ms CreateObjectMapping: 0,308493 ms MarkObjects: 11,510084 ms  DeleteObjects: 0,361553 ms)

AssetImportParameters requested are different than current active one (requested -> active):
  custom:video-decoder-ogg-theora: a1e56fd34408186e4bbccfd4996cb3dc -> 
  custom:container-muxer-webm: aa71ff27fc2769a1b78a27578f13a17b -> 
  custom:container-demuxer-webm: 4f35f7cbe854078d1ac9338744f61a02 -> 
  custom:container-demuxer-ogg: 62fdf1f143b41e24485cea50d1cbac27 -> 
  custom:video-encoder-webm-vp8: eb34c28f22e8b96e1ab97ce403110664 -> 
  custom:video-decoder-webm-vp8: 9c59270c3fd7afecdb556c50c9e8de78 -> 
  custom:audio-decoder-ogg-vorbis: bf7c407c2cedff20999df2af8eb42d56 -> 
  custom:audio-encoder-webm-vorbis: bf7c407c2cedff20999df2af8eb42d56 -> 
========================================================================
Received Prepare
Registering precompiled user dll's ...
Registered in 0,009080 seconds.
Begin MonoManager ReloadAssembly
Native extension for LinuxStandalone target not found
Native extension for WindowsStandalone target not found
Refreshing native plugins compatible for Editor in 1,26 ms, found 2 plugins.
Preloading 0 native plugins for Editor in 0,00 ms.
Mono: successfully reloaded assembly
- Completed reload, in  1,707 seconds
Domain Reload Profiling:
	ReloadAssembly (1708ms)
		BeginReloadAssembly (151ms)
			ExecutionOrderSort (0ms)
			DisableScriptedObjects (9ms)
			BackupInstance (0ms)
			ReleaseScriptingObjects (0ms)
			CreateAndSetChildDomain (83ms)
		EndReloadAssembly (1477ms)
			LoadAssemblies (110ms)
			RebuildTransferFunctionScriptingTraits (0ms)
			SetupTypeCache (515ms)
			ReleaseScriptCaches (2ms)
			RebuildScriptCaches (75ms)
			SetupLoadedEditorAssemblies (605ms)
				LogAssemblyErrors (0ms)
				InitializePlatformSupportModulesInManaged (7ms)
				SetLoadedEditorAssemblies (1ms)
				RefreshPlugins (1ms)
				BeforeProcessingInitializeOnLoad (131ms)
				ProcessInitializeOnLoadAttributes (446ms)
				ProcessInitializeOnLoadMethodAttributes (14ms)
				AfterProcessingInitializeOnLoad (4ms)
				EditorAssembliesLoaded (0ms)
			ExecutionOrderSort2 (0ms)
			AwakeInstancesAfterBackupRestoration (15ms)
Platform modules already initialized, skipping
Refreshing native plugins compatible for Editor in 1,26 ms, found 2 plugins.
Preloading 0 native plugins for Editor in 0,00 ms.
Unloading 4427 Unused Serialized files (Serialized files now loaded: 0)
System memory in use before: 241,4 MB.
System memory in use after: 241,4 MB.

Unloading 65 unused Assets to reduce memory usage. Loaded Objects now: 5181.
Total: 13,325106 ms (FindLiveObjects: 0,663467 ms CreateObjectMapping: 0,267109 ms MarkObjects: 12,059622 ms  DeleteObjects: 0,332494 ms)

AssetImportParameters requested are different than current active one (requested -> active):
  custom:video-decoder-ogg-theora: a1e56fd34408186e4bbccfd4996cb3dc -> 
  custom:container-muxer-webm: aa71ff27fc2769a1b78a27578f13a17b -> 
  custom:container-demuxer-webm: 4f35f7cbe854078d1ac9338744f61a02 -> 
  custom:container-demuxer-ogg: 62fdf1f143b41e24485cea50d1cbac27 -> 
  custom:video-encoder-webm-vp8: eb34c28f22e8b96e1ab97ce403110664 -> 
  custom:video-decoder-webm-vp8: 9c59270c3fd7afecdb556c50c9e8de78 -> 
  custom:audio-decoder-ogg-vorbis: bf7c407c2cedff20999df2af8eb42d56 -> 
  custom:audio-encoder-webm-vorbis: bf7c407c2cedff20999df2af8eb42d56 -> 
========================================================================
Received Prepare
Registering precompiled user dll's ...
Registered in 0,009166 seconds.
Begin MonoManager ReloadAssembly
Native extension for LinuxStandalone target not found
Native extension for WindowsStandalone target not found
Refreshing native plugins compatible for Editor in 1,26 ms, found 2 plugins.
Preloading 0 native plugins for Editor in 0,00 ms.
Mono: successfully reloaded assembly
- Completed reload, in  1,748 seconds
Domain Reload Profiling:
	ReloadAssembly (1748ms)
		BeginReloadAssembly (147ms)
			ExecutionOrderSort (0ms)
			DisableScriptedObjects (9ms)
			BackupInstance (0ms)
			ReleaseScriptingObjects (0ms)
			CreateAndSetChildDomain (79ms)
		EndReloadAssembly (1519ms)
			LoadAssemblies (113ms)
			RebuildTransferFunctionScriptingTraits (0ms)
			SetupTypeCache (530ms)
			ReleaseScriptCaches (2ms)
			RebuildScriptCaches (77ms)
			SetupLoadedEditorAssemblies (625ms)
				LogAssemblyErrors (0ms)
				InitializePlatformSupportModulesInManaged (7ms)
				SetLoadedEditorAssemblies (1ms)
				RefreshPlugins (1ms)
				BeforeProcessingInitializeOnLoad (127ms)
				ProcessInitializeOnLoadAttributes (470ms)
				ProcessInitializeOnLoadMethodAttributes (14ms)
				AfterProcessingInitializeOnLoad (4ms)
				EditorAssembliesLoaded (0ms)
			ExecutionOrderSort2 (0ms)
			AwakeInstancesAfterBackupRestoration (15ms)
Platform modules already initialized, skipping
Refreshing native plugins compatible for Editor in 1,27 ms, found 2 plugins.
Preloading 0 native plugins for Editor in 0,00 ms.
Unloading 4427 Unused Serialized files (Serialized files now loaded: 0)
System memory in use before: 241,4 MB.
System memory in use after: 241,4 MB.

Unloading 65 unused Assets to reduce memory usage. Loaded Objects now: 5184.
Total: 20,253261 ms (FindLiveObjects: 0,648127 ms CreateObjectMapping: 0,275220 ms MarkObjects: 18,971847 ms  DeleteObjects: 0,355595 ms)

AssetImportParameters requested are different than current active one (requested -> active):
  custom:video-decoder-ogg-theora: a1e56fd34408186e4bbccfd4996cb3dc -> 
  custom:container-muxer-webm: aa71ff27fc2769a1b78a27578f13a17b -> 
  custom:container-demuxer-webm: 4f35f7cbe854078d1ac9338744f61a02 -> 
  custom:container-demuxer-ogg: 62fdf1f143b41e24485cea50d1cbac27 -> 
  custom:video-encoder-webm-vp8: eb34c28f22e8b96e1ab97ce403110664 -> 
  custom:video-decoder-webm-vp8: 9c59270c3fd7afecdb556c50c9e8de78 -> 
  custom:audio-decoder-ogg-vorbis: bf7c407c2cedff20999df2af8eb42d56 -> 
  custom:audio-encoder-webm-vorbis: bf7c407c2cedff20999df2af8eb42d56 -> 
========================================================================
Received Prepare
Registering precompiled user dll's ...
Registered in 0,009087 seconds.
Begin MonoManager ReloadAssembly
Native extension for LinuxStandalone target not found
Native extension for WindowsStandalone target not found
Refreshing native plugins compatible for Editor in 1,33 ms, found 2 plugins.
Preloading 0 native plugins for Editor in 0,00 ms.
Mono: successfully reloaded assembly
- Completed reload, in  1,676 seconds
Domain Reload Profiling:
	ReloadAssembly (1676ms)
		BeginReloadAssembly (144ms)
			ExecutionOrderSort (0ms)
			DisableScriptedObjects (9ms)
			BackupInstance (0ms)
			ReleaseScriptingObjects (0ms)
			CreateAndSetChildDomain (73ms)
		EndReloadAssembly (1452ms)
			LoadAssemblies (109ms)
			RebuildTransferFunctionScriptingTraits (0ms)
			SetupTypeCache (509ms)
			ReleaseScriptCaches (2ms)
			RebuildScriptCaches (73ms)
			SetupLoadedEditorAssemblies (588ms)
				LogAssemblyErrors (0ms)
				InitializePlatformSupportModulesInManaged (7ms)
				SetLoadedEditorAssemblies (1ms)
				RefreshPlugins (1ms)
				BeforeProcessingInitializeOnLoad (124ms)
				ProcessInitializeOnLoadAttributes (438ms)
				ProcessInitializeOnLoadMethodAttributes (13ms)
				AfterProcessingInitializeOnLoad (4ms)
				EditorAssembliesLoaded (0ms)
			ExecutionOrderSort2 (0ms)
			AwakeInstancesAfterBackupRestoration (15ms)
Platform modules already initialized, skipping
Refreshing native plugins compatible for Editor in 1,26 ms, found 2 plugins.
Preloading 0 native plugins for Editor in 0,00 ms.
Unloading 4427 Unused Serialized files (Serialized files now loaded: 0)
System memory in use before: 241,4 MB.
System memory in use after: 241,4 MB.

Unloading 65 unused Assets to reduce memory usage. Loaded Objects now: 5187.
Total: 12,643916 ms (FindLiveObjects: 0,566400 ms CreateObjectMapping: 0,154252 ms MarkObjects: 11,594524 ms  DeleteObjects: 0,327519 ms)

AssetImportParameters requested are different than current active one (requested -> active):
  custom:video-decoder-ogg-theora: a1e56fd34408186e4bbccfd4996cb3dc -> 
  custom:container-muxer-webm: aa71ff27fc2769a1b78a27578f13a17b -> 
  custom:container-demuxer-webm: 4f35f7cbe854078d1ac9338744f61a02 -> 
  custom:container-demuxer-ogg: 62fdf1f143b41e24485cea50d1cbac27 -> 
  custom:video-encoder-webm-vp8: eb34c28f22e8b96e1ab97ce403110664 -> 
  custom:video-decoder-webm-vp8: 9c59270c3fd7afecdb556c50c9e8de78 -> 
  custom:audio-decoder-ogg-vorbis: bf7c407c2cedff20999df2af8eb42d56 -> 
  custom:audio-encoder-webm-vorbis: bf7c407c2cedff20999df2af8eb42d56 -> 
========================================================================
Received Prepare
Registering precompiled user dll's ...
Registered in 0,008988 seconds.
Begin MonoManager ReloadAssembly
Native extension for LinuxStandalone target not found
Native extension for WindowsStandalone target not found
Refreshing native plugins compatible for Editor in 1,25 ms, found 2 plugins.
Preloading 0 native plugins for Editor in 0,00 ms.
Mono: successfully reloaded assembly
- Completed reload, in  1,775 seconds
Domain Reload Profiling:
	ReloadAssembly (1776ms)
		BeginReloadAssembly (150ms)
			ExecutionOrderSort (0ms)
			DisableScriptedObjects (9ms)
			BackupInstance (0ms)
			ReleaseScriptingObjects (0ms)
			CreateAndSetChildDomain (73ms)
		EndReloadAssembly (1513ms)
			LoadAssemblies (125ms)
			RebuildTransferFunctionScriptingTraits (0ms)
			SetupTypeCache (538ms)
			ReleaseScriptCaches (2ms)
			RebuildScriptCaches (78ms)
			SetupLoadedEditorAssemblies (599ms)
				LogAssemblyErrors (0ms)
				InitializePlatformSupportModulesInManaged (7ms)
				SetLoadedEditorAssemblies (1ms)
				RefreshPlugins (1ms)
				BeforeProcessingInitializeOnLoad (131ms)
				ProcessInitializeOnLoadAttributes (442ms)
				ProcessInitializeOnLoadMethodAttributes (13ms)
				AfterProcessingInitializeOnLoad (4ms)
				EditorAssembliesLoaded (0ms)
			ExecutionOrderSort2 (0ms)
			AwakeInstancesAfterBackupRestoration (15ms)
Platform modules already initialized, skipping
Refreshing native plugins compatible for Editor in 1,22 ms, found 2 plugins.
Preloading 0 native plugins for Editor in 0,00 ms.
Unloading 4427 Unused Serialized files (Serialized files now loaded: 0)
System memory in use before: 241,5 MB.
System memory in use after: 241,4 MB.

Unloading 65 unused Assets to reduce memory usage. Loaded Objects now: 5190.
Total: 12,922911 ms (FindLiveObjects: 0,690142 ms CreateObjectMapping: 0,275841 ms MarkObjects: 11,621609 ms  DeleteObjects: 0,333035 ms)

AssetImportParameters requested are different than current active one (requested -> active):
  custom:video-decoder-ogg-theora: a1e56fd34408186e4bbccfd4996cb3dc -> 
  custom:container-muxer-webm: aa71ff27fc2769a1b78a27578f13a17b -> 
  custom:container-demuxer-webm: 4f35f7cbe854078d1ac9338744f61a02 -> 
  custom:container-demuxer-ogg: 62fdf1f143b41e24485cea50d1cbac27 -> 
  custom:video-encoder-webm-vp8: eb34c28f22e8b96e1ab97ce403110664 -> 
  custom:video-decoder-webm-vp8: 9c59270c3fd7afecdb556c50c9e8de78 -> 
  custom:audio-decoder-ogg-vorbis: bf7c407c2cedff20999df2af8eb42d56 -> 
  custom:audio-encoder-webm-vorbis: bf7c407c2cedff20999df2af8eb42d56 -> 
========================================================================
Received Prepare
Registering precompiled user dll's ...
Registered in 0,009135 seconds.
Begin MonoManager ReloadAssembly
Native extension for LinuxStandalone target not found
Native extension for WindowsStandalone target not found
Refreshing native plugins compatible for Editor in 1,26 ms, found 2 plugins.
Preloading 0 native plugins for Editor in 0,00 ms.
Mono: successfully reloaded assembly
- Completed reload, in  1,743 seconds
Domain Reload Profiling:
	ReloadAssembly (1744ms)
		BeginReloadAssembly (147ms)
			ExecutionOrderSort (0ms)
			DisableScriptedObjects (9ms)
			BackupInstance (0ms)
			ReleaseScriptingObjects (0ms)
			CreateAndSetChildDomain (73ms)
		EndReloadAssembly (1514ms)
			LoadAssemblies (112ms)
			RebuildTransferFunctionScriptingTraits (0ms)
			SetupTypeCache (529ms)
			ReleaseScriptCaches (2ms)
			RebuildScriptCaches (75ms)
			SetupLoadedEditorAssemblies (623ms)
				LogAssemblyErrors (0ms)
				InitializePlatformSupportModulesInManaged (7ms)
				SetLoadedEditorAssemblies (1ms)
				RefreshPlugins (1ms)
				BeforeProcessingInitializeOnLoad (132ms)
				ProcessInitializeOnLoadAttributes (464ms)
				ProcessInitializeOnLoadMethodAttributes (14ms)
				AfterProcessingInitializeOnLoad (4ms)
				EditorAssembliesLoaded (0ms)
			ExecutionOrderSort2 (0ms)
			AwakeInstancesAfterBackupRestoration (15ms)
Platform modules already initialized, skipping
Refreshing native plugins compatible for Editor in 1,30 ms, found 2 plugins.
Preloading 0 native plugins for Editor in 0,00 ms.
Unloading 4427 Unused Serialized files (Serialized files now loaded: 0)
System memory in use before: 241,5 MB.
System memory in use after: 241,4 MB.

Unloading 65 unused Assets to reduce memory usage. Loaded Objects now: 5193.
Total: 12,303801 ms (FindLiveObjects: 0,538334 ms CreateObjectMapping: 0,225314 ms MarkObjects: 11,175867 ms  DeleteObjects: 0,362413 ms)

AssetImportParameters requested are different than current active one (requested -> active):
  custom:video-decoder-ogg-theora: a1e56fd34408186e4bbccfd4996cb3dc -> 
  custom:container-muxer-webm: aa71ff27fc2769a1b78a27578f13a17b -> 
  custom:container-demuxer-webm: 4f35f7cbe854078d1ac9338744f61a02 -> 
  custom:container-demuxer-ogg: 62fdf1f143b41e24485cea50d1cbac27 -> 
  custom:video-encoder-webm-vp8: eb34c28f22e8b96e1ab97ce403110664 -> 
  custom:video-decoder-webm-vp8: 9c59270c3fd7afecdb556c50c9e8de78 -> 
  custom:audio-decoder-ogg-vorbis: bf7c407c2cedff20999df2af8eb42d56 -> 
  custom:audio-encoder-webm-vorbis: bf7c407c2cedff20999df2af8eb42d56 -> 
========================================================================
Received Prepare
Registering precompiled user dll's ...
Registered in 0,008973 seconds.
Begin MonoManager ReloadAssembly
Native extension for LinuxStandalone target not found
Native extension for WindowsStandalone target not found
Refreshing native plugins compatible for Editor in 1,22 ms, found 2 plugins.
Preloading 0 native plugins for Editor in 0,00 ms.
Mono: successfully reloaded assembly
- Completed reload, in  1,665 seconds
Domain Reload Profiling:
	ReloadAssembly (1666ms)
		BeginReloadAssembly (147ms)
			ExecutionOrderSort (0ms)
			DisableScriptedObjects (9ms)
			BackupInstance (0ms)
			ReleaseScriptingObjects (0ms)
			CreateAndSetChildDomain (75ms)
		EndReloadAssembly (1439ms)
			LoadAssemblies (109ms)
			RebuildTransferFunctionScriptingTraits (0ms)
			SetupTypeCache (509ms)
			ReleaseScriptCaches (2ms)
			RebuildScriptCaches (73ms)
			SetupLoadedEditorAssemblies (575ms)
				LogAssemblyErrors (0ms)
				InitializePlatformSupportModulesInManaged (8ms)
				SetLoadedEditorAssemblies (1ms)
				RefreshPlugins (1ms)
				BeforeProcessingInitializeOnLoad (124ms)
				ProcessInitializeOnLoadAttributes (424ms)
				ProcessInitializeOnLoadMethodAttributes (13ms)
				AfterProcessingInitializeOnLoad (4ms)
				EditorAssembliesLoaded (0ms)
			ExecutionOrderSort2 (0ms)
			AwakeInstancesAfterBackupRestoration (15ms)
Platform modules already initialized, skipping
Refreshing native plugins compatible for Editor in 1,33 ms, found 2 plugins.
Preloading 0 native plugins for Editor in 0,00 ms.
Unloading 4427 Unused Serialized files (Serialized files now loaded: 0)
System memory in use before: 241,5 MB.
System memory in use after: 241,5 MB.

Unloading 65 unused Assets to reduce memory usage. Loaded Objects now: 5196.
Total: 13,356477 ms (FindLiveObjects: 0,629023 ms CreateObjectMapping: 0,260961 ms MarkObjects: 12,127521 ms  DeleteObjects: 0,337211 ms)

AssetImportParameters requested are different than current active one (requested -> active):
  custom:video-decoder-ogg-theora: a1e56fd34408186e4bbccfd4996cb3dc -> 
  custom:container-muxer-webm: aa71ff27fc2769a1b78a27578f13a17b -> 
  custom:container-demuxer-webm: 4f35f7cbe854078d1ac9338744f61a02 -> 
  custom:container-demuxer-ogg: 62fdf1f143b41e24485cea50d1cbac27 -> 
  custom:video-encoder-webm-vp8: eb34c28f22e8b96e1ab97ce403110664 -> 
  custom:video-decoder-webm-vp8: 9c59270c3fd7afecdb556c50c9e8de78 -> 
  custom:audio-decoder-ogg-vorbis: bf7c407c2cedff20999df2af8eb42d56 -> 
  custom:audio-encoder-webm-vorbis: bf7c407c2cedff20999df2af8eb42d56 -> 
========================================================================
Received Prepare
Registering precompiled user dll's ...
Registered in 0,009174 seconds.
Begin MonoManager ReloadAssembly
Native extension for LinuxStandalone target not found
Native extension for WindowsStandalone target not found
Refreshing native plugins compatible for Editor in 1,31 ms, found 2 plugins.
Preloading 0 native plugins for Editor in 0,00 ms.
Mono: successfully reloaded assembly
- Completed reload, in  1,764 seconds
Domain Reload Profiling:
	ReloadAssembly (1764ms)
		BeginReloadAssembly (144ms)
			ExecutionOrderSort (0ms)
			DisableScriptedObjects (9ms)
			BackupInstance (0ms)
			ReleaseScriptingObjects (0ms)
			CreateAndSetChildDomain (70ms)
		EndReloadAssembly (1536ms)
			LoadAssemblies (115ms)
			RebuildTransferFunctionScriptingTraits (0ms)
			SetupTypeCache (534ms)
			ReleaseScriptCaches (2ms)
			RebuildScriptCaches (78ms)
			SetupLoadedEditorAssemblies (627ms)
				LogAssemblyErrors (0ms)
				InitializePlatformSupportModulesInManaged (8ms)
				SetLoadedEditorAssemblies (1ms)
				RefreshPlugins (1ms)
				BeforeProcessingInitializeOnLoad (129ms)
				ProcessInitializeOnLoadAttributes (470ms)
				ProcessInitializeOnLoadMethodAttributes (14ms)
				AfterProcessingInitializeOnLoad (4ms)
				EditorAssembliesLoaded (0ms)
			ExecutionOrderSort2 (0ms)
			AwakeInstancesAfterBackupRestoration (16ms)
Platform modules already initialized, skipping
Refreshing native plugins compatible for Editor in 1,41 ms, found 2 plugins.
Preloading 0 native plugins for Editor in 0,00 ms.
Unloading 4427 Unused Serialized files (Serialized files now loaded: 0)
System memory in use before: 241,5 MB.
System memory in use after: 241,5 MB.

Unloading 65 unused Assets to reduce memory usage. Loaded Objects now: 5199.
Total: 10,281368 ms (FindLiveObjects: 0,501826 ms CreateObjectMapping: 0,204107 ms MarkObjects: 9,253845 ms  DeleteObjects: 0,319388 ms)

AssetImportParameters requested are different than current active one (requested -> active):
  custom:video-decoder-ogg-theora: a1e56fd34408186e4bbccfd4996cb3dc -> 
  custom:container-muxer-webm: aa71ff27fc2769a1b78a27578f13a17b -> 
  custom:container-demuxer-webm: 4f35f7cbe854078d1ac9338744f61a02 -> 
  custom:container-demuxer-ogg: 62fdf1f143b41e24485cea50d1cbac27 -> 
  custom:video-encoder-webm-vp8: eb34c28f22e8b96e1ab97ce403110664 -> 
  custom:video-decoder-webm-vp8: 9c59270c3fd7afecdb556c50c9e8de78 -> 
  custom:audio-decoder-ogg-vorbis: bf7c407c2cedff20999df2af8eb42d56 -> 
  custom:audio-encoder-webm-vorbis: bf7c407c2cedff20999df2af8eb42d56 -> 
========================================================================
Received Prepare
Registering precompiled user dll's ...
Registered in 0,009119 seconds.
Begin MonoManager ReloadAssembly
Native extension for LinuxStandalone target not found
Native extension for WindowsStandalone target not found
Refreshing native plugins compatible for Editor in 1,32 ms, found 2 plugins.
Preloading 0 native plugins for Editor in 0,00 ms.
Mono: successfully reloaded assembly
- Completed reload, in  1,728 seconds
Domain Reload Profiling:
	ReloadAssembly (1729ms)
		BeginReloadAssembly (146ms)
			ExecutionOrderSort (0ms)
			DisableScriptedObjects (9ms)
			BackupInstance (0ms)
			ReleaseScriptingObjects (0ms)
			CreateAndSetChildDomain (74ms)
		EndReloadAssembly (1499ms)
			LoadAssemblies (113ms)
			RebuildTransferFunctionScriptingTraits (0ms)
			SetupTypeCache (522ms)
			ReleaseScriptCaches (2ms)
			RebuildScriptCaches (75ms)
			SetupLoadedEditorAssemblies (612ms)
				LogAssemblyErrors (0ms)
				InitializePlatformSupportModulesInManaged (7ms)
				SetLoadedEditorAssemblies (1ms)
				RefreshPlugins (1ms)
				BeforeProcessingInitializeOnLoad (126ms)
				ProcessInitializeOnLoadAttributes (459ms)
				ProcessInitializeOnLoadMethodAttributes (14ms)
				AfterProcessingInitializeOnLoad (4ms)
				EditorAssembliesLoaded (0ms)
			ExecutionOrderSort2 (0ms)
			AwakeInstancesAfterBackupRestoration (15ms)
Platform modules already initialized, skipping
Refreshing native plugins compatible for Editor in 1,23 ms, found 2 plugins.
Preloading 0 native plugins for Editor in 0,00 ms.
Unloading 4427 Unused Serialized files (Serialized files now loaded: 0)
System memory in use before: 241,5 MB.
System memory in use after: 241,5 MB.

Unloading 65 unused Assets to reduce memory usage. Loaded Objects now: 5202.
Total: 12,939823 ms (FindLiveObjects: 0,634850 ms CreateObjectMapping: 0,261142 ms MarkObjects: 11,701744 ms  DeleteObjects: 0,340135 ms)

AssetImportParameters requested are different than current active one (requested -> active):
  custom:video-decoder-ogg-theora: a1e56fd34408186e4bbccfd4996cb3dc -> 
  custom:container-muxer-webm: aa71ff27fc2769a1b78a27578f13a17b -> 
  custom:container-demuxer-webm: 4f35f7cbe854078d1ac9338744f61a02 -> 
  custom:container-demuxer-ogg: 62fdf1f143b41e24485cea50d1cbac27 -> 
  custom:video-encoder-webm-vp8: eb34c28f22e8b96e1ab97ce403110664 -> 
  custom:video-decoder-webm-vp8: 9c59270c3fd7afecdb556c50c9e8de78 -> 
  custom:audio-decoder-ogg-vorbis: bf7c407c2cedff20999df2af8eb42d56 -> 
  custom:audio-encoder-webm-vorbis: bf7c407c2cedff20999df2af8eb42d56 -> 
========================================================================
Received Prepare
Registering precompiled user dll's ...
Registered in 0,009160 seconds.
Begin MonoManager ReloadAssembly
Native extension for LinuxStandalone target not found
Native extension for WindowsStandalone target not found
Refreshing native plugins compatible for Editor in 1,25 ms, found 2 plugins.
Preloading 0 native plugins for Editor in 0,00 ms.
Mono: successfully reloaded assembly
- Completed reload, in  1,756 seconds
Domain Reload Profiling:
	ReloadAssembly (1757ms)
		BeginReloadAssembly (144ms)
			ExecutionOrderSort (0ms)
			DisableScriptedObjects (9ms)
			BackupInstance (0ms)
			ReleaseScriptingObjects (0ms)
			CreateAndSetChildDomain (72ms)
		EndReloadAssembly (1530ms)
			LoadAssemblies (113ms)
			RebuildTransferFunctionScriptingTraits (0ms)
			SetupTypeCache (535ms)
			ReleaseScriptCaches (2ms)
			RebuildScriptCaches (78ms)
			SetupLoadedEditorAssemblies (624ms)
				LogAssemblyErrors (0ms)
				InitializePlatformSupportModulesInManaged (8ms)
				SetLoadedEditorAssemblies (1ms)
				RefreshPlugins (1ms)
				BeforeProcessingInitializeOnLoad (127ms)
				ProcessInitializeOnLoadAttributes (469ms)
				ProcessInitializeOnLoadMethodAttributes (14ms)
				AfterProcessingInitializeOnLoad (4ms)
				EditorAssembliesLoaded (0ms)
			ExecutionOrderSort2 (0ms)
			AwakeInstancesAfterBackupRestoration (16ms)
Platform modules already initialized, skipping
Refreshing native plugins compatible for Editor in 1,34 ms, found 2 plugins.
Preloading 0 native plugins for Editor in 0,00 ms.
Unloading 4427 Unused Serialized files (Serialized files now loaded: 0)
System memory in use before: 241,5 MB.
System memory in use after: 241,5 MB.

Unloading 65 unused Assets to reduce memory usage. Loaded Objects now: 5205.
Total: 15,003610 ms (FindLiveObjects: 0,744513 ms CreateObjectMapping: 0,391642 ms MarkObjects: 13,493026 ms  DeleteObjects: 0,371465 ms)

AssetImportParameters requested are different than current active one (requested -> active):
  custom:video-decoder-ogg-theora: a1e56fd34408186e4bbccfd4996cb3dc -> 
  custom:container-muxer-webm: aa71ff27fc2769a1b78a27578f13a17b -> 
  custom:container-demuxer-webm: 4f35f7cbe854078d1ac9338744f61a02 -> 
  custom:container-demuxer-ogg: 62fdf1f143b41e24485cea50d1cbac27 -> 
  custom:video-encoder-webm-vp8: eb34c28f22e8b96e1ab97ce403110664 -> 
  custom:video-decoder-webm-vp8: 9c59270c3fd7afecdb556c50c9e8de78 -> 
  custom:audio-decoder-ogg-vorbis: bf7c407c2cedff20999df2af8eb42d56 -> 
  custom:audio-encoder-webm-vorbis: bf7c407c2cedff20999df2af8eb42d56 -> 
========================================================================
Received Prepare
Registering precompiled user dll's ...
Registered in 0,009069 seconds.
Begin MonoManager ReloadAssembly
Native extension for LinuxStandalone target not found
Native extension for WindowsStandalone target not found
Refreshing native plugins compatible for Editor in 1,24 ms, found 2 plugins.
Preloading 0 native plugins for Editor in 0,00 ms.
Mono: successfully reloaded assembly
- Completed reload, in  1,736 seconds
Domain Reload Profiling:
	ReloadAssembly (1736ms)
		BeginReloadAssembly (147ms)
			ExecutionOrderSort (0ms)
			DisableScriptedObjects (9ms)
			BackupInstance (0ms)
			ReleaseScriptingObjects (0ms)
			CreateAndSetChildDomain (73ms)
		EndReloadAssembly (1505ms)
			LoadAssemblies (116ms)
			RebuildTransferFunctionScriptingTraits (0ms)
			SetupTypeCache (529ms)
			ReleaseScriptCaches (2ms)
			RebuildScriptCaches (76ms)
			SetupLoadedEditorAssemblies (610ms)
				LogAssemblyErrors (0ms)
				InitializePlatformSupportModulesInManaged (7ms)
				SetLoadedEditorAssemblies (1ms)
				RefreshPlugins (1ms)
				BeforeProcessingInitializeOnLoad (126ms)
				ProcessInitializeOnLoadAttributes (456ms)
				ProcessInitializeOnLoadMethodAttributes (14ms)
				AfterProcessingInitializeOnLoad (4ms)
				EditorAssembliesLoaded (0ms)
			ExecutionOrderSort2 (0ms)
			AwakeInstancesAfterBackupRestoration (15ms)
Platform modules already initialized, skipping
Refreshing native plugins compatible for Editor in 1,27 ms, found 2 plugins.
Preloading 0 native plugins for Editor in 0,00 ms.
Unloading 4427 Unused Serialized files (Serialized files now loaded: 0)
System memory in use before: 241,5 MB.
System memory in use after: 241,5 MB.

Unloading 65 unused Assets to reduce memory usage. Loaded Objects now: 5208.
Total: 11,234213 ms (FindLiveObjects: 0,644953 ms CreateObjectMapping: 0,263314 ms MarkObjects: 9,990338 ms  DeleteObjects: 0,333576 ms)

AssetImportParameters requested are different than current active one (requested -> active):
  custom:video-decoder-ogg-theora: a1e56fd34408186e4bbccfd4996cb3dc -> 
  custom:container-muxer-webm: aa71ff27fc2769a1b78a27578f13a17b -> 
  custom:container-demuxer-webm: 4f35f7cbe854078d1ac9338744f61a02 -> 
  custom:container-demuxer-ogg: 62fdf1f143b41e24485cea50d1cbac27 -> 
  custom:video-encoder-webm-vp8: eb34c28f22e8b96e1ab97ce403110664 -> 
  custom:video-decoder-webm-vp8: 9c59270c3fd7afecdb556c50c9e8de78 -> 
  custom:audio-decoder-ogg-vorbis: bf7c407c2cedff20999df2af8eb42d56 -> 
  custom:audio-encoder-webm-vorbis: bf7c407c2cedff20999df2af8eb42d56 -> 
========================================================================
Received Prepare
Registering precompiled user dll's ...
Registered in 0,009034 seconds.
Begin MonoManager ReloadAssembly
Native extension for LinuxStandalone target not found
Native extension for WindowsStandalone target not found
Refreshing native plugins compatible for Editor in 1,29 ms, found 2 plugins.
Preloading 0 native plugins for Editor in 0,00 ms.
Mono: successfully reloaded assembly
- Completed reload, in  1,764 seconds
Domain Reload Profiling:
	ReloadAssembly (1764ms)
		BeginReloadAssembly (140ms)
			ExecutionOrderSort (0ms)
			DisableScriptedObjects (9ms)
			BackupInstance (0ms)
			ReleaseScriptingObjects (0ms)
			CreateAndSetChildDomain (71ms)
		EndReloadAssembly (1539ms)
			LoadAssemblies (114ms)
			RebuildTransferFunctionScriptingTraits (0ms)
			SetupTypeCache (541ms)
			ReleaseScriptCaches (2ms)
			RebuildScriptCaches (81ms)
			SetupLoadedEditorAssemblies (616ms)
				LogAssemblyErrors (0ms)
				InitializePlatformSupportModulesInManaged (7ms)
				SetLoadedEditorAssemblies (1ms)
				RefreshPlugins (1ms)
				BeforeProcessingInitializeOnLoad (127ms)
				ProcessInitializeOnLoadAttributes (460ms)
				ProcessInitializeOnLoadMethodAttributes (14ms)
				AfterProcessingInitializeOnLoad (4ms)
				EditorAssembliesLoaded (0ms)
			ExecutionOrderSort2 (0ms)
			AwakeInstancesAfterBackupRestoration (16ms)
Platform modules already initialized, skipping
Refreshing native plugins compatible for Editor in 1,29 ms, found 2 plugins.
Preloading 0 native plugins for Editor in 0,00 ms.
Unloading 4427 Unused Serialized files (Serialized files now loaded: 0)
System memory in use before: 241,5 MB.
System memory in use after: 241,5 MB.

Unloading 65 unused Assets to reduce memory usage. Loaded Objects now: 5211.
Total: 10,521812 ms (FindLiveObjects: 0,654345 ms CreateObjectMapping: 0,266068 ms MarkObjects: 9,259592 ms  DeleteObjects: 0,339714 ms)

AssetImportParameters requested are different than current active one (requested -> active):
  custom:video-decoder-ogg-theora: a1e56fd34408186e4bbccfd4996cb3dc -> 
  custom:container-muxer-webm: aa71ff27fc2769a1b78a27578f13a17b -> 
  custom:container-demuxer-webm: 4f35f7cbe854078d1ac9338744f61a02 -> 
  custom:container-demuxer-ogg: 62fdf1f143b41e24485cea50d1cbac27 -> 
  custom:video-encoder-webm-vp8: eb34c28f22e8b96e1ab97ce403110664 -> 
  custom:video-decoder-webm-vp8: 9c59270c3fd7afecdb556c50c9e8de78 -> 
  custom:audio-decoder-ogg-vorbis: bf7c407c2cedff20999df2af8eb42d56 -> 
  custom:audio-encoder-webm-vorbis: bf7c407c2cedff20999df2af8eb42d56 -> 
========================================================================
Received Prepare
Registering precompiled user dll's ...
Registered in 0,008970 seconds.
Begin MonoManager ReloadAssembly
Native extension for LinuxStandalone target not found
Native extension for WindowsStandalone target not found
Refreshing native plugins compatible for Editor in 1,32 ms, found 2 plugins.
Preloading 0 native plugins for Editor in 0,00 ms.
Mono: successfully reloaded assembly
- Completed reload, in  1,714 seconds
Domain Reload Profiling:
	ReloadAssembly (1715ms)
		BeginReloadAssembly (144ms)
			ExecutionOrderSort (0ms)
			DisableScriptedObjects (9ms)
			BackupInstance (0ms)
			ReleaseScriptingObjects (0ms)
			CreateAndSetChildDomain (71ms)
		EndReloadAssembly (1489ms)
			LoadAssemblies (110ms)
			RebuildTransferFunctionScriptingTraits (0ms)
			SetupTypeCache (516ms)
			ReleaseScriptCaches (2ms)
			RebuildScriptCaches (74ms)
			SetupLoadedEditorAssemblies (611ms)
				LogAssemblyErrors (0ms)
				InitializePlatformSupportModulesInManaged (7ms)
				SetLoadedEditorAssemblies (1ms)
				RefreshPlugins (1ms)
				BeforeProcessingInitializeOnLoad (124ms)
				ProcessInitializeOnLoadAttributes (460ms)
				ProcessInitializeOnLoadMethodAttributes (14ms)
				AfterProcessingInitializeOnLoad (4ms)
				EditorAssembliesLoaded (0ms)
			ExecutionOrderSort2 (0ms)
			AwakeInstancesAfterBackupRestoration (15ms)
Platform modules already initialized, skipping
Refreshing native plugins compatible for Editor in 1,24 ms, found 2 plugins.
Preloading 0 native plugins for Editor in 0,00 ms.
Unloading 4427 Unused Serialized files (Serialized files now loaded: 0)
System memory in use before: 241,5 MB.
System memory in use after: 241,5 MB.

Unloading 65 unused Assets to reduce memory usage. Loaded Objects now: 5214.
Total: 13,091571 ms (FindLiveObjects: 0,637834 ms CreateObjectMapping: 0,279875 ms MarkObjects: 11,809925 ms  DeleteObjects: 0,361763 ms)

AssetImportParameters requested are different than current active one (requested -> active):
  custom:video-decoder-ogg-theora: a1e56fd34408186e4bbccfd4996cb3dc -> 
  custom:container-muxer-webm: aa71ff27fc2769a1b78a27578f13a17b -> 
  custom:container-demuxer-webm: 4f35f7cbe854078d1ac9338744f61a02 -> 
  custom:container-demuxer-ogg: 62fdf1f143b41e24485cea50d1cbac27 -> 
  custom:video-encoder-webm-vp8: eb34c28f22e8b96e1ab97ce403110664 -> 
  custom:video-decoder-webm-vp8: 9c59270c3fd7afecdb556c50c9e8de78 -> 
  custom:audio-decoder-ogg-vorbis: bf7c407c2cedff20999df2af8eb42d56 -> 
  custom:audio-encoder-webm-vorbis: bf7c407c2cedff20999df2af8eb42d56 -> 
========================================================================
Received Prepare
Registering precompiled user dll's ...
Registered in 0,009055 seconds.
Begin MonoManager ReloadAssembly
Native extension for LinuxStandalone target not found
Native extension for WindowsStandalone target not found
Refreshing native plugins compatible for Editor in 1,25 ms, found 2 plugins.
Preloading 0 native plugins for Editor in 0,00 ms.
Mono: successfully reloaded assembly
- Completed reload, in  1,702 seconds
Domain Reload Profiling:
	ReloadAssembly (1702ms)
		BeginReloadAssembly (145ms)
			ExecutionOrderSort (0ms)
			DisableScriptedObjects (9ms)
			BackupInstance (0ms)
			ReleaseScriptingObjects (0ms)
			CreateAndSetChildDomain (74ms)
		EndReloadAssembly (1474ms)
			LoadAssemblies (110ms)
			RebuildTransferFunctionScriptingTraits (0ms)
			SetupTypeCache (518ms)
			ReleaseScriptCaches (2ms)
			RebuildScriptCaches (75ms)
			SetupLoadedEditorAssemblies (592ms)
				LogAssemblyErrors (0ms)
				InitializePlatformSupportModulesInManaged (7ms)
				SetLoadedEditorAssemblies (1ms)
				RefreshPlugins (1ms)
				BeforeProcessingInitializeOnLoad (124ms)
				ProcessInitializeOnLoadAttributes (440ms)
				ProcessInitializeOnLoadMethodAttributes (14ms)
				AfterProcessingInitializeOnLoad (4ms)
				EditorAssembliesLoaded (0ms)
			ExecutionOrderSort2 (0ms)
			AwakeInstancesAfterBackupRestoration (16ms)
Platform modules already initialized, skipping
Refreshing native plugins compatible for Editor in 1,34 ms, found 2 plugins.
Preloading 0 native plugins for Editor in 0,00 ms.
Unloading 4427 Unused Serialized files (Serialized files now loaded: 0)
System memory in use before: 241,5 MB.
System memory in use after: 241,5 MB.

Unloading 65 unused Assets to reduce memory usage. Loaded Objects now: 5217.
Total: 14,720250 ms (FindLiveObjects: 0,753475 ms CreateObjectMapping: 0,292182 ms MarkObjects: 13,362615 ms  DeleteObjects: 0,309844 ms)

AssetImportParameters requested are different than current active one (requested -> active):
  custom:video-decoder-ogg-theora: a1e56fd34408186e4bbccfd4996cb3dc -> 
  custom:container-muxer-webm: aa71ff27fc2769a1b78a27578f13a17b -> 
  custom:container-demuxer-webm: 4f35f7cbe854078d1ac9338744f61a02 -> 
  custom:container-demuxer-ogg: 62fdf1f143b41e24485cea50d1cbac27 -> 
  custom:video-encoder-webm-vp8: eb34c28f22e8b96e1ab97ce403110664 -> 
  custom:video-decoder-webm-vp8: 9c59270c3fd7afecdb556c50c9e8de78 -> 
  custom:audio-decoder-ogg-vorbis: bf7c407c2cedff20999df2af8eb42d56 -> 
  custom:audio-encoder-webm-vorbis: bf7c407c2cedff20999df2af8eb42d56 -> 
========================================================================
Received Prepare
Registering precompiled user dll's ...
Registered in 0,009017 seconds.
Begin MonoManager ReloadAssembly
Native extension for LinuxStandalone target not found
Native extension for WindowsStandalone target not found
Refreshing native plugins compatible for Editor in 1,26 ms, found 2 plugins.
Preloading 0 native plugins for Editor in 0,00 ms.
Mono: successfully reloaded assembly
- Completed reload, in  1,790 seconds
Domain Reload Profiling:
	ReloadAssembly (1791ms)
		BeginReloadAssembly (154ms)
			ExecutionOrderSort (0ms)
			DisableScriptedObjects (9ms)
			BackupInstance (0ms)
			ReleaseScriptingObjects (0ms)
			CreateAndSetChildDomain (78ms)
		EndReloadAssembly (1551ms)
			LoadAssemblies (121ms)
			RebuildTransferFunctionScriptingTraits (0ms)
			SetupTypeCache (544ms)
			ReleaseScriptCaches (2ms)
			RebuildScriptCaches (79ms)
			SetupLoadedEditorAssemblies (628ms)
				LogAssemblyErrors (0ms)
				InitializePlatformSupportModulesInManaged (8ms)
				SetLoadedEditorAssemblies (1ms)
				RefreshPlugins (1ms)
				BeforeProcessingInitializeOnLoad (134ms)
				ProcessInitializeOnLoadAttributes (466ms)
				ProcessInitializeOnLoadMethodAttributes (14ms)
				AfterProcessingInitializeOnLoad (4ms)
				EditorAssembliesLoaded (0ms)
			ExecutionOrderSort2 (0ms)
			AwakeInstancesAfterBackupRestoration (16ms)
Platform modules already initialized, skipping
Refreshing native plugins compatible for Editor in 1,29 ms, found 2 plugins.
Preloading 0 native plugins for Editor in 0,00 ms.
Unloading 4427 Unused Serialized files (Serialized files now loaded: 0)
System memory in use before: 241,5 MB.
System memory in use after: 241,5 MB.

Unloading 65 unused Assets to reduce memory usage. Loaded Objects now: 5220.
Total: 13,851865 ms (FindLiveObjects: 0,712180 ms CreateObjectMapping: 0,340995 ms MarkObjects: 12,454969 ms  DeleteObjects: 0,340965 ms)

AssetImportParameters requested are different than current active one (requested -> active):
  custom:video-decoder-ogg-theora: a1e56fd34408186e4bbccfd4996cb3dc -> 
  custom:container-muxer-webm: aa71ff27fc2769a1b78a27578f13a17b -> 
  custom:container-demuxer-webm: 4f35f7cbe854078d1ac9338744f61a02 -> 
  custom:container-demuxer-ogg: 62fdf1f143b41e24485cea50d1cbac27 -> 
  custom:video-encoder-webm-vp8: eb34c28f22e8b96e1ab97ce403110664 -> 
  custom:video-decoder-webm-vp8: 9c59270c3fd7afecdb556c50c9e8de78 -> 
  custom:audio-decoder-ogg-vorbis: bf7c407c2cedff20999df2af8eb42d56 -> 
  custom:audio-encoder-webm-vorbis: bf7c407c2cedff20999df2af8eb42d56 -> 
========================================================================
Received Prepare
Registering precompiled user dll's ...
Registered in 0,009094 seconds.
Begin MonoManager ReloadAssembly
Native extension for LinuxStandalone target not found
Native extension for WindowsStandalone target not found
Refreshing native plugins compatible for Editor in 1,24 ms, found 2 plugins.
Preloading 0 native plugins for Editor in 0,00 ms.
Mono: successfully reloaded assembly
- Completed reload, in  1,756 seconds
Domain Reload Profiling:
	ReloadAssembly (1756ms)
		BeginReloadAssembly (150ms)
			ExecutionOrderSort (0ms)
			DisableScriptedObjects (10ms)
			BackupInstance (0ms)
			ReleaseScriptingObjects (0ms)
			CreateAndSetChildDomain (77ms)
		EndReloadAssembly (1521ms)
			LoadAssemblies (113ms)
			RebuildTransferFunctionScriptingTraits (0ms)
			SetupTypeCache (528ms)
			ReleaseScriptCaches (2ms)
			RebuildScriptCaches (79ms)
			SetupLoadedEditorAssemblies (612ms)
				LogAssemblyErrors (0ms)
				InitializePlatformSupportModulesInManaged (7ms)
				SetLoadedEditorAssemblies (1ms)
				RefreshPlugins (1ms)
				BeforeProcessingInitializeOnLoad (125ms)
				ProcessInitializeOnLoadAttributes (459ms)
				ProcessInitializeOnLoadMethodAttributes (14ms)
				AfterProcessingInitializeOnLoad (4ms)
				EditorAssembliesLoaded (0ms)
			ExecutionOrderSort2 (0ms)
			AwakeInstancesAfterBackupRestoration (16ms)
Platform modules already initialized, skipping
Refreshing native plugins compatible for Editor in 1,42 ms, found 2 plugins.
Preloading 0 native plugins for Editor in 0,00 ms.
Unloading 4427 Unused Serialized files (Serialized files now loaded: 0)
System memory in use before: 241,6 MB.
System memory in use after: 241,5 MB.

Unloading 65 unused Assets to reduce memory usage. Loaded Objects now: 5223.
Total: 12,761038 ms (FindLiveObjects: 0,651371 ms CreateObjectMapping: 0,264947 ms MarkObjects: 11,507090 ms  DeleteObjects: 0,335909 ms)

AssetImportParameters requested are different than current active one (requested -> active):
  custom:video-decoder-ogg-theora: a1e56fd34408186e4bbccfd4996cb3dc -> 
  custom:container-muxer-webm: aa71ff27fc2769a1b78a27578f13a17b -> 
  custom:container-demuxer-webm: 4f35f7cbe854078d1ac9338744f61a02 -> 
  custom:container-demuxer-ogg: 62fdf1f143b41e24485cea50d1cbac27 -> 
  custom:video-encoder-webm-vp8: eb34c28f22e8b96e1ab97ce403110664 -> 
  custom:video-decoder-webm-vp8: 9c59270c3fd7afecdb556c50c9e8de78 -> 
  custom:audio-decoder-ogg-vorbis: bf7c407c2cedff20999df2af8eb42d56 -> 
  custom:audio-encoder-webm-vorbis: bf7c407c2cedff20999df2af8eb42d56 -> 
========================================================================
Received Prepare
Registering precompiled user dll's ...
Registered in 0,010004 seconds.
Begin MonoManager ReloadAssembly
Native extension for LinuxStandalone target not found
Native extension for WindowsStandalone target not found
Refreshing native plugins compatible for Editor in 1,29 ms, found 2 plugins.
Preloading 0 native plugins for Editor in 0,00 ms.
Mono: successfully reloaded assembly
- Completed reload, in  1,778 seconds
Domain Reload Profiling:
	ReloadAssembly (1779ms)
		BeginReloadAssembly (151ms)
			ExecutionOrderSort (0ms)
			DisableScriptedObjects (9ms)
			BackupInstance (0ms)
			ReleaseScriptingObjects (0ms)
			CreateAndSetChildDomain (82ms)
		EndReloadAssembly (1542ms)
			LoadAssemblies (114ms)
			RebuildTransferFunctionScriptingTraits (0ms)
			SetupTypeCache (532ms)
			ReleaseScriptCaches (2ms)
			RebuildScriptCaches (78ms)
			SetupLoadedEditorAssemblies (633ms)
				LogAssemblyErrors (0ms)
				InitializePlatformSupportModulesInManaged (8ms)
				SetLoadedEditorAssemblies (1ms)
				RefreshPlugins (1ms)
				BeforeProcessingInitializeOnLoad (127ms)
				ProcessInitializeOnLoadAttributes (477ms)
				ProcessInitializeOnLoadMethodAttributes (15ms)
				AfterProcessingInitializeOnLoad (4ms)
				EditorAssembliesLoaded (0ms)
			ExecutionOrderSort2 (0ms)
			AwakeInstancesAfterBackupRestoration (16ms)
Platform modules already initialized, skipping
Refreshing native plugins compatible for Editor in 1,34 ms, found 2 plugins.
Preloading 0 native plugins for Editor in 0,00 ms.
Unloading 4427 Unused Serialized files (Serialized files now loaded: 0)
System memory in use before: 241,6 MB.
System memory in use after: 241,5 MB.

Unloading 65 unused Assets to reduce memory usage. Loaded Objects now: 5226.
Total: 10,516826 ms (FindLiveObjects: 1,152316 ms CreateObjectMapping: 0,455486 ms MarkObjects: 8,542395 ms  DeleteObjects: 0,364036 ms)

AssetImportParameters requested are different than current active one (requested -> active):
  custom:video-decoder-ogg-theora: a1e56fd34408186e4bbccfd4996cb3dc -> 
  custom:container-muxer-webm: aa71ff27fc2769a1b78a27578f13a17b -> 
  custom:container-demuxer-webm: 4f35f7cbe854078d1ac9338744f61a02 -> 
  custom:container-demuxer-ogg: 62fdf1f143b41e24485cea50d1cbac27 -> 
  custom:video-encoder-webm-vp8: eb34c28f22e8b96e1ab97ce403110664 -> 
  custom:video-decoder-webm-vp8: 9c59270c3fd7afecdb556c50c9e8de78 -> 
  custom:audio-decoder-ogg-vorbis: bf7c407c2cedff20999df2af8eb42d56 -> 
  custom:audio-encoder-webm-vorbis: bf7c407c2cedff20999df2af8eb42d56 -> 
========================================================================
Received Prepare
Registering precompiled user dll's ...
Registered in 0,009525 seconds.
Begin MonoManager ReloadAssembly
Native extension for LinuxStandalone target not found
Native extension for WindowsStandalone target not found
Refreshing native plugins compatible for Editor in 1,38 ms, found 2 plugins.
Preloading 0 native plugins for Editor in 0,00 ms.
Mono: successfully reloaded assembly
- Completed reload, in  1,771 seconds
Domain Reload Profiling:
	ReloadAssembly (1771ms)
		BeginReloadAssembly (155ms)
			ExecutionOrderSort (0ms)
			DisableScriptedObjects (10ms)
			BackupInstance (0ms)
			ReleaseScriptingObjects (0ms)
			CreateAndSetChildDomain (79ms)
		EndReloadAssembly (1530ms)
			LoadAssemblies (119ms)
			RebuildTransferFunctionScriptingTraits (0ms)
			SetupTypeCache (531ms)
			ReleaseScriptCaches (2ms)
			RebuildScriptCaches (79ms)
			SetupLoadedEditorAssemblies (622ms)
				LogAssemblyErrors (0ms)
				InitializePlatformSupportModulesInManaged (7ms)
				SetLoadedEditorAssemblies (1ms)
				RefreshPlugins (1ms)
				BeforeProcessingInitializeOnLoad (126ms)
				ProcessInitializeOnLoadAttributes (469ms)
				ProcessInitializeOnLoadMethodAttributes (14ms)
				AfterProcessingInitializeOnLoad (4ms)
				EditorAssembliesLoaded (0ms)
			ExecutionOrderSort2 (0ms)
			AwakeInstancesAfterBackupRestoration (16ms)
Platform modules already initialized, skipping
Refreshing native plugins compatible for Editor in 1,27 ms, found 2 plugins.
Preloading 0 native plugins for Editor in 0,00 ms.
Unloading 4427 Unused Serialized files (Serialized files now loaded: 0)
System memory in use before: 241,7 MB.
System memory in use after: 241,7 MB.

Unloading 65 unused Assets to reduce memory usage. Loaded Objects now: 5229.
Total: 10,151658 ms (FindLiveObjects: 0,496328 ms CreateObjectMapping: 0,143107 ms MarkObjects: 9,158601 ms  DeleteObjects: 0,351870 ms)

AssetImportParameters requested are different than current active one (requested -> active):
  custom:video-decoder-ogg-theora: a1e56fd34408186e4bbccfd4996cb3dc -> 
  custom:container-muxer-webm: aa71ff27fc2769a1b78a27578f13a17b -> 
  custom:container-demuxer-webm: 4f35f7cbe854078d1ac9338744f61a02 -> 
  custom:container-demuxer-ogg: 62fdf1f143b41e24485cea50d1cbac27 -> 
  custom:video-encoder-webm-vp8: eb34c28f22e8b96e1ab97ce403110664 -> 
  custom:video-decoder-webm-vp8: 9c59270c3fd7afecdb556c50c9e8de78 -> 
  custom:audio-decoder-ogg-vorbis: bf7c407c2cedff20999df2af8eb42d56 -> 
  custom:audio-encoder-webm-vorbis: bf7c407c2cedff20999df2af8eb42d56 -> 
========================================================================
Received Prepare
Registering precompiled user dll's ...
Registered in 0,009190 seconds.
Begin MonoManager ReloadAssembly
Native extension for LinuxStandalone target not found
Native extension for WindowsStandalone target not found
Refreshing native plugins compatible for Editor in 1,27 ms, found 2 plugins.
Preloading 0 native plugins for Editor in 0,00 ms.
Mono: successfully reloaded assembly
- Completed reload, in  1,734 seconds
Domain Reload Profiling:
	ReloadAssembly (1734ms)
		BeginReloadAssembly (145ms)
			ExecutionOrderSort (0ms)
			DisableScriptedObjects (9ms)
			BackupInstance (0ms)
			ReleaseScriptingObjects (0ms)
			CreateAndSetChildDomain (72ms)
		EndReloadAssembly (1505ms)
			LoadAssemblies (113ms)
			RebuildTransferFunctionScriptingTraits (0ms)
			SetupTypeCache (529ms)
			ReleaseScriptCaches (2ms)
			RebuildScriptCaches (76ms)
			SetupLoadedEditorAssemblies (604ms)
				LogAssemblyErrors (0ms)
				InitializePlatformSupportModulesInManaged (7ms)
				SetLoadedEditorAssemblies (1ms)
				RefreshPlugins (1ms)
				BeforeProcessingInitializeOnLoad (131ms)
				ProcessInitializeOnLoadAttributes (445ms)
				ProcessInitializeOnLoadMethodAttributes (14ms)
				AfterProcessingInitializeOnLoad (4ms)
				EditorAssembliesLoaded (0ms)
			ExecutionOrderSort2 (0ms)
			AwakeInstancesAfterBackupRestoration (16ms)
Platform modules already initialized, skipping
Refreshing native plugins compatible for Editor in 1,32 ms, found 2 plugins.
Preloading 0 native plugins for Editor in 0,00 ms.
Unloading 4427 Unused Serialized files (Serialized files now loaded: 0)
System memory in use before: 241,7 MB.
System memory in use after: 241,7 MB.

Unloading 65 unused Assets to reduce memory usage. Loaded Objects now: 5232.
Total: 9,555039 ms (FindLiveObjects: 0,665710 ms CreateObjectMapping: 0,270043 ms MarkObjects: 8,281304 ms  DeleteObjects: 0,335929 ms)

AssetImportParameters requested are different than current active one (requested -> active):
  custom:video-decoder-ogg-theora: a1e56fd34408186e4bbccfd4996cb3dc -> 
  custom:container-muxer-webm: aa71ff27fc2769a1b78a27578f13a17b -> 
  custom:container-demuxer-webm: 4f35f7cbe854078d1ac9338744f61a02 -> 
  custom:container-demuxer-ogg: 62fdf1f143b41e24485cea50d1cbac27 -> 
  custom:video-encoder-webm-vp8: eb34c28f22e8b96e1ab97ce403110664 -> 
  custom:video-decoder-webm-vp8: 9c59270c3fd7afecdb556c50c9e8de78 -> 
  custom:audio-decoder-ogg-vorbis: bf7c407c2cedff20999df2af8eb42d56 -> 
  custom:audio-encoder-webm-vorbis: bf7c407c2cedff20999df2af8eb42d56 -> 
========================================================================
Received Prepare
Registering precompiled user dll's ...
Registered in 0,009419 seconds.
Begin MonoManager ReloadAssembly
Native extension for LinuxStandalone target not found
Native extension for WindowsStandalone target not found
Refreshing native plugins compatible for Editor in 1,27 ms, found 2 plugins.
Preloading 0 native plugins for Editor in 0,00 ms.
Mono: successfully reloaded assembly
- Completed reload, in  1,838 seconds
Domain Reload Profiling:
	ReloadAssembly (1839ms)
		BeginReloadAssembly (151ms)
			ExecutionOrderSort (0ms)
			DisableScriptedObjects (11ms)
			BackupInstance (0ms)
			ReleaseScriptingObjects (0ms)
			CreateAndSetChildDomain (80ms)
		EndReloadAssembly (1605ms)
			LoadAssemblies (111ms)
			RebuildTransferFunctionScriptingTraits (0ms)
			SetupTypeCache (586ms)
			ReleaseScriptCaches (2ms)
			RebuildScriptCaches (78ms)
			SetupLoadedEditorAssemblies (642ms)
				LogAssemblyErrors (0ms)
				InitializePlatformSupportModulesInManaged (7ms)
				SetLoadedEditorAssemblies (1ms)
				RefreshPlugins (1ms)
				BeforeProcessingInitializeOnLoad (127ms)
				ProcessInitializeOnLoadAttributes (487ms)
				ProcessInitializeOnLoadMethodAttributes (14ms)
				AfterProcessingInitializeOnLoad (4ms)
				EditorAssembliesLoaded (0ms)
			ExecutionOrderSort2 (0ms)
			AwakeInstancesAfterBackupRestoration (17ms)
Platform modules already initialized, skipping
Refreshing native plugins compatible for Editor in 1,28 ms, found 2 plugins.
Preloading 0 native plugins for Editor in 0,00 ms.
Unloading 4427 Unused Serialized files (Serialized files now loaded: 0)
System memory in use before: 241,7 MB.
System memory in use after: 241,7 MB.

Unloading 65 unused Assets to reduce memory usage. Loaded Objects now: 5235.
Total: 10,337381 ms (FindLiveObjects: 0,738215 ms CreateObjectMapping: 0,240725 ms MarkObjects: 8,859069 ms  DeleteObjects: 0,496889 ms)

AssetImportParameters requested are different than current active one (requested -> active):
  custom:video-decoder-ogg-theora: a1e56fd34408186e4bbccfd4996cb3dc -> 
  custom:container-muxer-webm: aa71ff27fc2769a1b78a27578f13a17b -> 
  custom:container-demuxer-webm: 4f35f7cbe854078d1ac9338744f61a02 -> 
  custom:container-demuxer-ogg: 62fdf1f143b41e24485cea50d1cbac27 -> 
  custom:video-encoder-webm-vp8: eb34c28f22e8b96e1ab97ce403110664 -> 
  custom:video-decoder-webm-vp8: 9c59270c3fd7afecdb556c50c9e8de78 -> 
  custom:audio-decoder-ogg-vorbis: bf7c407c2cedff20999df2af8eb42d56 -> 
  custom:audio-encoder-webm-vorbis: bf7c407c2cedff20999df2af8eb42d56 -> 
========================================================================
Received Prepare
Refreshing native plugins compatible for Editor in 14,80 ms, found 2 plugins.
Preloading 0 native plugins for Editor in 0,00 ms.
Unloading 63 Unused Serialized files (Serialized files now loaded: 0)
System memory in use before: 153,8 MB.
System memory in use after: 153,8 MB.

Unloading 63 unused Assets to reduce memory usage. Loaded Objects now: 5235.
Total: 7,931327 ms (FindLiveObjects: 0,463205 ms CreateObjectMapping: 0,125154 ms MarkObjects: 7,042605 ms  DeleteObjects: 0,299281 ms)

AssetImportParameters requested are different than current active one (requested -> active):
  custom:video-decoder-ogg-theora: a1e56fd34408186e4bbccfd4996cb3dc -> 
  custom:container-muxer-webm: aa71ff27fc2769a1b78a27578f13a17b -> 
  custom:container-demuxer-webm: 4f35f7cbe854078d1ac9338744f61a02 -> 
  custom:container-demuxer-ogg: 62fdf1f143b41e24485cea50d1cbac27 -> 
  custom:video-encoder-webm-vp8: eb34c28f22e8b96e1ab97ce403110664 -> 
  custom:video-decoder-webm-vp8: 9c59270c3fd7afecdb556c50c9e8de78 -> 
  custom:audio-decoder-ogg-vorbis: bf7c407c2cedff20999df2af8eb42d56 -> 
  custom:audio-encoder-webm-vorbis: bf7c407c2cedff20999df2af8eb42d56 -> 
========================================================================
Received Prepare
Registering precompiled user dll's ...
Registered in 0,009651 seconds.
Begin MonoManager ReloadAssembly
Native extension for LinuxStandalone target not found
Native extension for WindowsStandalone target not found
Refreshing native plugins compatible for Editor in 1,23 ms, found 2 plugins.
Preloading 0 native plugins for Editor in 0,00 ms.
Mono: successfully reloaded assembly
- Completed reload, in  1,731 seconds
Domain Reload Profiling:
	ReloadAssembly (1731ms)
		BeginReloadAssembly (154ms)
			ExecutionOrderSort (0ms)
			DisableScriptedObjects (9ms)
			BackupInstance (0ms)
			ReleaseScriptingObjects (0ms)
			CreateAndSetChildDomain (80ms)
		EndReloadAssembly (1482ms)
			LoadAssemblies (120ms)
			RebuildTransferFunctionScriptingTraits (0ms)
			SetupTypeCache (518ms)
			ReleaseScriptCaches (2ms)
			RebuildScriptCaches (75ms)
			SetupLoadedEditorAssemblies (591ms)
				LogAssemblyErrors (0ms)
				InitializePlatformSupportModulesInManaged (17ms)
				SetLoadedEditorAssemblies (1ms)
				RefreshPlugins (1ms)
				BeforeProcessingInitializeOnLoad (123ms)
				ProcessInitializeOnLoadAttributes (432ms)
				ProcessInitializeOnLoadMethodAttributes (14ms)
				AfterProcessingInitializeOnLoad (4ms)
				EditorAssembliesLoaded (0ms)
			ExecutionOrderSort2 (0ms)
			AwakeInstancesAfterBackupRestoration (16ms)
Platform modules already initialized, skipping
Refreshing native plugins compatible for Editor in 1,27 ms, found 2 plugins.
Preloading 0 native plugins for Editor in 0,00 ms.
Unloading 4427 Unused Serialized files (Serialized files now loaded: 0)
System memory in use before: 241,7 MB.
System memory in use after: 241,7 MB.

Unloading 65 unused Assets to reduce memory usage. Loaded Objects now: 5238.
Total: 14,788569 ms (FindLiveObjects: 0,665400 ms CreateObjectMapping: 0,283009 ms MarkObjects: 13,481460 ms  DeleteObjects: 0,356586 ms)

AssetImportParameters requested are different than current active one (requested -> active):
  custom:video-decoder-ogg-theora: a1e56fd34408186e4bbccfd4996cb3dc -> 
  custom:container-muxer-webm: aa71ff27fc2769a1b78a27578f13a17b -> 
  custom:container-demuxer-webm: 4f35f7cbe854078d1ac9338744f61a02 -> 
  custom:container-demuxer-ogg: 62fdf1f143b41e24485cea50d1cbac27 -> 
  custom:video-encoder-webm-vp8: eb34c28f22e8b96e1ab97ce403110664 -> 
  custom:video-decoder-webm-vp8: 9c59270c3fd7afecdb556c50c9e8de78 -> 
  custom:audio-decoder-ogg-vorbis: bf7c407c2cedff20999df2af8eb42d56 -> 
  custom:audio-encoder-webm-vorbis: bf7c407c2cedff20999df2af8eb42d56 -> 
========================================================================
Received Prepare
Refreshing native plugins compatible for Editor in 14,99 ms, found 2 plugins.
Preloading 0 native plugins for Editor in 0,00 ms.
Unloading 63 Unused Serialized files (Serialized files now loaded: 0)
System memory in use before: 153,8 MB.
System memory in use after: 153,8 MB.

Unloading 63 unused Assets to reduce memory usage. Loaded Objects now: 5238.
Total: 9,435893 ms (FindLiveObjects: 0,445272 ms CreateObjectMapping: 0,152479 ms MarkObjects: 8,244075 ms  DeleteObjects: 0,591834 ms)

AssetImportParameters requested are different than current active one (requested -> active):
  custom:video-decoder-ogg-theora: a1e56fd34408186e4bbccfd4996cb3dc -> 
  custom:container-muxer-webm: aa71ff27fc2769a1b78a27578f13a17b -> 
  custom:container-demuxer-webm: 4f35f7cbe854078d1ac9338744f61a02 -> 
  custom:container-demuxer-ogg: 62fdf1f143b41e24485cea50d1cbac27 -> 
  custom:video-encoder-webm-vp8: eb34c28f22e8b96e1ab97ce403110664 -> 
  custom:video-decoder-webm-vp8: 9c59270c3fd7afecdb556c50c9e8de78 -> 
  custom:audio-decoder-ogg-vorbis: bf7c407c2cedff20999df2af8eb42d56 -> 
  custom:audio-encoder-webm-vorbis: bf7c407c2cedff20999df2af8eb42d56 -> 
========================================================================
Received Prepare
Refreshing native plugins compatible for Editor in 14,93 ms, found 2 plugins.
Preloading 0 native plugins for Editor in 0,00 ms.
Unloading 63 Unused Serialized files (Serialized files now loaded: 0)
System memory in use before: 153,8 MB.
System memory in use after: 153,8 MB.

Unloading 63 unused Assets to reduce memory usage. Loaded Objects now: 5238.
Total: 12,236473 ms (FindLiveObjects: 0,638455 ms CreateObjectMapping: 0,265327 ms MarkObjects: 11,031448 ms  DeleteObjects: 0,299541 ms)

AssetImportParameters requested are different than current active one (requested -> active):
  custom:video-decoder-ogg-theora: a1e56fd34408186e4bbccfd4996cb3dc -> 
  custom:container-muxer-webm: aa71ff27fc2769a1b78a27578f13a17b -> 
  custom:container-demuxer-webm: 4f35f7cbe854078d1ac9338744f61a02 -> 
  custom:container-demuxer-ogg: 62fdf1f143b41e24485cea50d1cbac27 -> 
  custom:video-encoder-webm-vp8: eb34c28f22e8b96e1ab97ce403110664 -> 
  custom:video-decoder-webm-vp8: 9c59270c3fd7afecdb556c50c9e8de78 -> 
  custom:audio-decoder-ogg-vorbis: bf7c407c2cedff20999df2af8eb42d56 -> 
  custom:audio-encoder-webm-vorbis: bf7c407c2cedff20999df2af8eb42d56 -> 
========================================================================
Received Import Request.
  Time since last request: 2995,781234 seconds.
  path: Assets/Project/Sprites/BackGround.png
  artifactKey: Guid(54e9b2d4916acd10080095dad1216fa8) Importer(815301076,1909f56bfc062723c751e8b465ee728b)
Start importing Assets/Project/Sprites/BackGround.png using Guid(54e9b2d4916acd10080095dad1216fa8) Importer(815301076,1909f56bfc062723c751e8b465ee728b)  -> (artifact id: 'ad10be5f5e82a3e59acb0557ed173441') in 0,104521 seconds 
  Import took 0,117141 seconds .

========================================================================
Received Prepare
Registering precompiled user dll's ...
Registered in 0,008896 seconds.
Begin MonoManager ReloadAssembly
Native extension for LinuxStandalone target not found
Native extension for WindowsStandalone target not found
Refreshing native plugins compatible for Editor in 1,28 ms, found 2 plugins.
Preloading 0 native plugins for Editor in 0,00 ms.
Mono: successfully reloaded assembly
- Completed reload, in  1,716 seconds
Domain Reload Profiling:
	ReloadAssembly (1716ms)
		BeginReloadAssembly (144ms)
			ExecutionOrderSort (0ms)
			DisableScriptedObjects (9ms)
			BackupInstance (0ms)
			ReleaseScriptingObjects (0ms)
			CreateAndSetChildDomain (75ms)
		EndReloadAssembly (1490ms)
			LoadAssemblies (111ms)
			RebuildTransferFunctionScriptingTraits (0ms)
			SetupTypeCache (517ms)
			ReleaseScriptCaches (2ms)
			RebuildScriptCaches (74ms)
			SetupLoadedEditorAssemblies (608ms)
				LogAssemblyErrors (0ms)
				InitializePlatformSupportModulesInManaged (17ms)
				SetLoadedEditorAssemblies (2ms)
				RefreshPlugins (1ms)
				BeforeProcessingInitializeOnLoad (122ms)
				ProcessInitializeOnLoadAttributes (448ms)
				ProcessInitializeOnLoadMethodAttributes (14ms)
				AfterProcessingInitializeOnLoad (4ms)
				EditorAssembliesLoaded (0ms)
			ExecutionOrderSort2 (0ms)
			AwakeInstancesAfterBackupRestoration (16ms)
Platform modules already initialized, skipping
Refreshing native plugins compatible for Editor in 1,22 ms, found 2 plugins.
Preloading 0 native plugins for Editor in 0,00 ms.
Unloading 4427 Unused Serialized files (Serialized files now loaded: 0)
System memory in use before: 241,7 MB.
System memory in use after: 241,7 MB.

Unloading 65 unused Assets to reduce memory usage. Loaded Objects now: 5246.
Total: 11,976503 ms (FindLiveObjects: 0,648297 ms CreateObjectMapping: 0,294484 ms MarkObjects: 10,698603 ms  DeleteObjects: 0,332885 ms)

AssetImportParameters requested are different than current active one (requested -> active):
  custom:video-decoder-ogg-theora: a1e56fd34408186e4bbccfd4996cb3dc -> 
  custom:container-muxer-webm: aa71ff27fc2769a1b78a27578f13a17b -> 
  custom:container-demuxer-webm: 4f35f7cbe854078d1ac9338744f61a02 -> 
  custom:container-demuxer-ogg: 62fdf1f143b41e24485cea50d1cbac27 -> 
  custom:video-encoder-webm-vp8: eb34c28f22e8b96e1ab97ce403110664 -> 
  custom:video-decoder-webm-vp8: 9c59270c3fd7afecdb556c50c9e8de78 -> 
  custom:audio-decoder-ogg-vorbis: bf7c407c2cedff20999df2af8eb42d56 -> 
  custom:audio-encoder-webm-vorbis: bf7c407c2cedff20999df2af8eb42d56 -> 
========================================================================
Received Import Request.
  Time since last request: 34,200343 seconds.
  path: Assets/Project/Sprites/Backgrounds/Defender&KnightBackground.png
  artifactKey: Guid(9c3a4a62d24d0d4be9fdcd5387a39fd3) Importer(815301076,1909f56bfc062723c751e8b465ee728b)
Start importing Assets/Project/Sprites/Backgrounds/Defender&KnightBackground.png using Guid(9c3a4a62d24d0d4be9fdcd5387a39fd3) Importer(815301076,1909f56bfc062723c751e8b465ee728b)  -> (artifact id: 'd85c053df562c333195756f60d0bee71') in 0,099871 seconds 
  Import took 0,110618 seconds .

========================================================================
Received Import Request.
  Time since last request: 0,000188 seconds.
  path: Assets/Project/Sprites/Backgrounds/WizardBackground.png
  artifactKey: Guid(e8b64386a1519d964832913d63cb77ba) Importer(815301076,1909f56bfc062723c751e8b465ee728b)
Start importing Assets/Project/Sprites/Backgrounds/WizardBackground.png using Guid(e8b64386a1519d964832913d63cb77ba) Importer(815301076,1909f56bfc062723c751e8b465ee728b)  -> (artifact id: '12c54c072220314fd350d6f29d51254d') in 0,066519 seconds 
  Import took 0,073937 seconds .

========================================================================
Received Import Request.
  Time since last request: 0,000213 seconds.
  path: Assets/Project/Sprites/Backgrounds/MinerBackground.png
  artifactKey: Guid(ad71bccb767ca936e9b58763a7b43bb9) Importer(815301076,1909f56bfc062723c751e8b465ee728b)
Start importing Assets/Project/Sprites/Backgrounds/MinerBackground.png using Guid(ad71bccb767ca936e9b58763a7b43bb9) Importer(815301076,1909f56bfc062723c751e8b465ee728b)  -> (artifact id: 'f8953fd799e7f5be242ab484a0fd08d2') in 0,089425 seconds 
  Import took 0,096668 seconds .

========================================================================
Received Import Request.
  Time since last request: 0,000475 seconds.
  path: Assets/Project/Sprites/Backgrounds/PiratePesok.png
  artifactKey: Guid(3cad0244c01fd8fe7a31792d57641c0e) Importer(815301076,1909f56bfc062723c751e8b465ee728b)
Start importing Assets/Project/Sprites/Backgrounds/PiratePesok.png using Guid(3cad0244c01fd8fe7a31792d57641c0e) Importer(815301076,1909f56bfc062723c751e8b465ee728b)  -> (artifact id: 'eb884fb65cce929928b272dabe5ef76c') in 0,012955 seconds 
  Import took 0,020527 seconds .

========================================================================
Received Import Request.
  Time since last request: 0,000143 seconds.
  path: Assets/Project/Sprites/Backgrounds/Snow Arena.png
  artifactKey: Guid(8c246aa185b1375439bf62974ddc61da) Importer(815301076,1909f56bfc062723c751e8b465ee728b)
Start importing Assets/Project/Sprites/Backgrounds/Snow Arena.png using Guid(8c246aa185b1375439bf62974ddc61da) Importer(815301076,1909f56bfc062723c751e8b465ee728b)  -> (artifact id: '6a873c45a84294d35f5290a04901de2d') in 0,047757 seconds 
  Import took 0,055374 seconds .

========================================================================
Received Import Request.
  Time since last request: 0,000193 seconds.
  path: Assets/Project/Sprites/Backgrounds/PoliceBackground.png.png
  artifactKey: Guid(2ee5986e33a4e9a909c9f0ffefef55c9) Importer(815301076,1909f56bfc062723c751e8b465ee728b)
Start importing Assets/Project/Sprites/Backgrounds/PoliceBackground.png.png using Guid(2ee5986e33a4e9a909c9f0ffefef55c9) Importer(815301076,1909f56bfc062723c751e8b465ee728b)  -> (artifact id: '5440d3b00fe5abf8673b4408e39d3919') in 0,055020 seconds 
  Import took 0,062943 seconds .

========================================================================
Received Import Request.
  Time since last request: 0,000161 seconds.
  path: Assets/Project/Sprites/Backgrounds/PiartBackground.png
  artifactKey: Guid(ba87b1dac4e56a910a53ba24d3698cea) Importer(815301076,1909f56bfc062723c751e8b465ee728b)
Start importing Assets/Project/Sprites/Backgrounds/PiartBackground.png using Guid(ba87b1dac4e56a910a53ba24d3698cea) Importer(815301076,1909f56bfc062723c751e8b465ee728b)  -> (artifact id: '35009376a2ced3af16bc460db1a32c80') in 0,041893 seconds 
  Import took 0,049867 seconds .

========================================================================
Received Import Request.
  Time since last request: 0,000141 seconds.
  path: Assets/Project/Sprites/Backgrounds/Snow Blocks.png
  artifactKey: Guid(30d52584facb18eeb8fb76b8adb759f3) Importer(815301076,1909f56bfc062723c751e8b465ee728b)
Start importing Assets/Project/Sprites/Backgrounds/Snow Blocks.png using Guid(30d52584facb18eeb8fb76b8adb759f3) Importer(815301076,1909f56bfc062723c751e8b465ee728b)  -> (artifact id: '4aaf170cb24592c86c703184a9d10a61') in 0,016731 seconds 
  Import took 0,024547 seconds .

========================================================================
Received Import Request.
  Time since last request: 0,000264 seconds.
  path: Assets/Project/Sprites/Backgrounds/Water.png
  artifactKey: Guid(b22d82058fdbd76f0ac9f119fd1e24d0) Importer(815301076,1909f56bfc062723c751e8b465ee728b)
Start importing Assets/Project/Sprites/Backgrounds/Water.png using Guid(b22d82058fdbd76f0ac9f119fd1e24d0) Importer(815301076,1909f56bfc062723c751e8b465ee728b)  -> (artifact id: '087eab3bad9fb0223bdb399e2d5b5158') in 0,013145 seconds 
  Import took 0,020703 seconds .

========================================================================
Received Prepare
Registering precompiled user dll's ...
Registered in 0,009034 seconds.
Begin MonoManager ReloadAssembly
Native extension for LinuxStandalone target not found
Native extension for WindowsStandalone target not found
Refreshing native plugins compatible for Editor in 1,29 ms, found 2 plugins.
Preloading 0 native plugins for Editor in 0,00 ms.
Mono: successfully reloaded assembly
- Completed reload, in  1,734 seconds
Domain Reload Profiling:
	ReloadAssembly (1735ms)
		BeginReloadAssembly (150ms)
			ExecutionOrderSort (0ms)
			DisableScriptedObjects (9ms)
			BackupInstance (0ms)
			ReleaseScriptingObjects (0ms)
			CreateAndSetChildDomain (76ms)
		EndReloadAssembly (1504ms)
			LoadAssemblies (111ms)
			RebuildTransferFunctionScriptingTraits (0ms)
			SetupTypeCache (521ms)
			ReleaseScriptCaches (2ms)
			RebuildScriptCaches (74ms)
			SetupLoadedEditorAssemblies (614ms)
				LogAssemblyErrors (0ms)
				InitializePlatformSupportModulesInManaged (17ms)
				SetLoadedEditorAssemblies (1ms)
				RefreshPlugins (1ms)
				BeforeProcessingInitializeOnLoad (129ms)
				ProcessInitializeOnLoadAttributes (447ms)
				ProcessInitializeOnLoadMethodAttributes (14ms)
				AfterProcessingInitializeOnLoad (4ms)
				EditorAssembliesLoaded (0ms)
			ExecutionOrderSort2 (0ms)
			AwakeInstancesAfterBackupRestoration (16ms)
Platform modules already initialized, skipping
Refreshing native plugins compatible for Editor in 1,25 ms, found 2 plugins.
Preloading 0 native plugins for Editor in 0,00 ms.
Unloading 4427 Unused Serialized files (Serialized files now loaded: 0)
System memory in use before: 241,8 MB.
System memory in use after: 241,8 MB.

Unloading 65 unused Assets to reduce memory usage. Loaded Objects now: 5345.
Total: 10,540446 ms (FindLiveObjects: 0,515124 ms CreateObjectMapping: 0,145189 ms MarkObjects: 9,578549 ms  DeleteObjects: 0,299601 ms)

AssetImportParameters requested are different than current active one (requested -> active):
  custom:video-decoder-ogg-theora: a1e56fd34408186e4bbccfd4996cb3dc -> 
  custom:container-muxer-webm: aa71ff27fc2769a1b78a27578f13a17b -> 
  custom:container-demuxer-webm: 4f35f7cbe854078d1ac9338744f61a02 -> 
  custom:container-demuxer-ogg: 62fdf1f143b41e24485cea50d1cbac27 -> 
  custom:video-encoder-webm-vp8: eb34c28f22e8b96e1ab97ce403110664 -> 
  custom:video-decoder-webm-vp8: 9c59270c3fd7afecdb556c50c9e8de78 -> 
  custom:audio-decoder-ogg-vorbis: bf7c407c2cedff20999df2af8eb42d56 -> 
  custom:audio-encoder-webm-vorbis: bf7c407c2cedff20999df2af8eb42d56 -> 
========================================================================
Received Import Request.
  Time since last request: 30,170608 seconds.
  path: Assets/Project/Sprites/Backgrounds/MinerBackground.png
  artifactKey: Guid(ad71bccb767ca936e9b58763a7b43bb9) Importer(815301076,1909f56bfc062723c751e8b465ee728b)
Start importing Assets/Project/Sprites/Backgrounds/MinerBackground.png using Guid(ad71bccb767ca936e9b58763a7b43bb9) Importer(815301076,1909f56bfc062723c751e8b465ee728b)  -> (artifact id: '14b26b53003b49e8771c93654f194a85') in 0,126389 seconds 
  Import took 0,135514 seconds .

========================================================================
Received Import Request.
  Time since last request: 0,073838 seconds.
  path: Assets/Project/Sprites/Backgrounds/Defender&KnightBackground.png
  artifactKey: Guid(9c3a4a62d24d0d4be9fdcd5387a39fd3) Importer(815301076,1909f56bfc062723c751e8b465ee728b)
Start importing Assets/Project/Sprites/Backgrounds/Defender&KnightBackground.png using Guid(9c3a4a62d24d0d4be9fdcd5387a39fd3) Importer(815301076,1909f56bfc062723c751e8b465ee728b)  -> (artifact id: '223673613f219d0d9cebcb9a6d212b47') in 0,062681 seconds 
  Import took 0,072023 seconds .

========================================================================
Received Import Request.
  Time since last request: 0,000274 seconds.
  path: Assets/Project/Sprites/Backgrounds/WizardBackground.png
  artifactKey: Guid(e8b64386a1519d964832913d63cb77ba) Importer(815301076,1909f56bfc062723c751e8b465ee728b)
Start importing Assets/Project/Sprites/Backgrounds/WizardBackground.png using Guid(e8b64386a1519d964832913d63cb77ba) Importer(815301076,1909f56bfc062723c751e8b465ee728b)  -> (artifact id: 'eb545729bd5c2e705ccb61ab6559ec57') in 0,086458 seconds 
  Import took 0,097611 seconds .

========================================================================
Received Import Request.
  Time since last request: 0,000218 seconds.
  path: Assets/Project/Sprites/Backgrounds/PiratePesok.png
  artifactKey: Guid(3cad0244c01fd8fe7a31792d57641c0e) Importer(815301076,1909f56bfc062723c751e8b465ee728b)
Start importing Assets/Project/Sprites/Backgrounds/PiratePesok.png using Guid(3cad0244c01fd8fe7a31792d57641c0e) Importer(815301076,1909f56bfc062723c751e8b465ee728b)  -> (artifact id: '389f45a9cdf907da3247b8d2e8867ea3') in 0,011031 seconds 
  Import took 0,019006 seconds .

========================================================================
Received Import Request.
  Time since last request: 0,000190 seconds.
  path: Assets/Project/Sprites/Backgrounds/Snow Arena.png
  artifactKey: Guid(8c246aa185b1375439bf62974ddc61da) Importer(815301076,1909f56bfc062723c751e8b465ee728b)
Start importing Assets/Project/Sprites/Backgrounds/Snow Arena.png using Guid(8c246aa185b1375439bf62974ddc61da) Importer(815301076,1909f56bfc062723c751e8b465ee728b)  -> (artifact id: '0862fa9a78e755291e4b048d495ad74f') in 0,046276 seconds 
  Import took 0,054697 seconds .

========================================================================
Received Import Request.
  Time since last request: 0,000139 seconds.
  path: Assets/Project/Sprites/Backgrounds/PoliceBackground.png.png
  artifactKey: Guid(2ee5986e33a4e9a909c9f0ffefef55c9) Importer(815301076,1909f56bfc062723c751e8b465ee728b)
Start importing Assets/Project/Sprites/Backgrounds/PoliceBackground.png.png using Guid(2ee5986e33a4e9a909c9f0ffefef55c9) Importer(815301076,1909f56bfc062723c751e8b465ee728b)  -> (artifact id: '0d5a8f09ed6999b40d0a5f94168a952b') in 0,080438 seconds 
  Import took 0,092852 seconds .

========================================================================
Received Import Request.
  Time since last request: 0,000244 seconds.
  path: Assets/Project/Sprites/Backgrounds/PiartBackground.png
  artifactKey: Guid(ba87b1dac4e56a910a53ba24d3698cea) Importer(815301076,1909f56bfc062723c751e8b465ee728b)
Start importing Assets/Project/Sprites/Backgrounds/PiartBackground.png using Guid(ba87b1dac4e56a910a53ba24d3698cea) Importer(815301076,1909f56bfc062723c751e8b465ee728b)  -> (artifact id: '5418206870e843aa1cd4168ea1d984c2') in 0,044415 seconds 
  Import took 0,052309 seconds .

========================================================================
Received Import Request.
  Time since last request: 0,000220 seconds.
  path: Assets/Project/Sprites/Backgrounds/Snow Blocks.png
  artifactKey: Guid(30d52584facb18eeb8fb76b8adb759f3) Importer(815301076,1909f56bfc062723c751e8b465ee728b)
Start importing Assets/Project/Sprites/Backgrounds/Snow Blocks.png using Guid(30d52584facb18eeb8fb76b8adb759f3) Importer(815301076,1909f56bfc062723c751e8b465ee728b)  -> (artifact id: 'dff49796416d55546c1f9d9849677a39') in 0,016034 seconds 
  Import took 0,023660 seconds .

========================================================================
Received Import Request.
  Time since last request: 0,000137 seconds.
  path: Assets/Project/Sprites/Backgrounds/Water.png
  artifactKey: Guid(b22d82058fdbd76f0ac9f119fd1e24d0) Importer(815301076,1909f56bfc062723c751e8b465ee728b)
Start importing Assets/Project/Sprites/Backgrounds/Water.png using Guid(b22d82058fdbd76f0ac9f119fd1e24d0) Importer(815301076,1909f56bfc062723c751e8b465ee728b)  -> (artifact id: '259587d61de94a268eb15c14ffb3a0f5') in 0,011300 seconds 
  Import took 0,019374 seconds .

========================================================================
Received Import Request.
  Time since last request: 3,093205 seconds.
  path: Assets/Project/Sprites/Enemy/Goblin.png
  artifactKey: Guid(debe28fac9e6d37489d6699beec4ebc7) Importer(815301076,1909f56bfc062723c751e8b465ee728b)
Start importing Assets/Project/Sprites/Enemy/Goblin.png using Guid(debe28fac9e6d37489d6699beec4ebc7) Importer(815301076,1909f56bfc062723c751e8b465ee728b)  -> (artifact id: '41e49bfde341ee1d2dbf9a97e6bc8231') in 0,042795 seconds 
  Import took 0,053782 seconds .

========================================================================
Received Import Request.
  Time since last request: 0,000217 seconds.
  path: Assets/Project/Sprites/Enemy/Sceleton.png
  artifactKey: Guid(3b6a75d312b68472d96290878cc18155) Importer(815301076,1909f56bfc062723c751e8b465ee728b)
Start importing Assets/Project/Sprites/Enemy/Sceleton.png using Guid(3b6a75d312b68472d96290878cc18155) Importer(815301076,1909f56bfc062723c751e8b465ee728b)  -> (artifact id: '5bce073b333d860cbd4eacfcd508f45c') in 0,046351 seconds 
  Import took 0,053455 seconds .

========================================================================
Received Import Request.
  Time since last request: 0,000141 seconds.
  path: Assets/Project/Sprites/Enemy/Lava golem .png
  artifactKey: Guid(18c481b2cb9e0f7c18b067405b6e2d06) Importer(815301076,1909f56bfc062723c751e8b465ee728b)
Start importing Assets/Project/Sprites/Enemy/Lava golem .png using Guid(18c481b2cb9e0f7c18b067405b6e2d06) Importer(815301076,1909f56bfc062723c751e8b465ee728b)  -> (artifact id: 'bb827c1ecc706d7b0698010b75c45a0a') in 0,040632 seconds 
  Import took 0,047843 seconds .

========================================================================
Received Import Request.
  Time since last request: 0,000136 seconds.
  path: Assets/Project/Sprites/Enemy/Living filth .png
  artifactKey: Guid(a62d74987f77ab9c287442d7d11e43a8) Importer(815301076,1909f56bfc062723c751e8b465ee728b)
Start importing Assets/Project/Sprites/Enemy/Living filth .png using Guid(a62d74987f77ab9c287442d7d11e43a8) Importer(815301076,1909f56bfc062723c751e8b465ee728b)  -> (artifact id: '9a967e2bbebe3719aea6bca291f16ee4') in 0,038970 seconds 
  Import took 0,046244 seconds .

========================================================================
Received Import Request.
  Time since last request: 0,000154 seconds.
  path: Assets/Project/Sprites/Enemy/Spider.png
  artifactKey: Guid(6ea4af5db122f81b9b5c1808db77ae51) Importer(815301076,1909f56bfc062723c751e8b465ee728b)
Start importing Assets/Project/Sprites/Enemy/Spider.png using Guid(6ea4af5db122f81b9b5c1808db77ae51) Importer(815301076,1909f56bfc062723c751e8b465ee728b)  -> (artifact id: 'fbde8a129d5a8ea9c74e999c5272cd89') in 0,047511 seconds 
  Import took 0,054984 seconds .

========================================================================
Received Prepare
Registering precompiled user dll's ...
Registered in 0,008892 seconds.
Begin MonoManager ReloadAssembly
Native extension for LinuxStandalone target not found
Native extension for WindowsStandalone target not found
Refreshing native plugins compatible for Editor in 1,25 ms, found 2 plugins.
Preloading 0 native plugins for Editor in 0,00 ms.
Mono: successfully reloaded assembly
- Completed reload, in  1,809 seconds
Domain Reload Profiling:
	ReloadAssembly (1809ms)
		BeginReloadAssembly (154ms)
			ExecutionOrderSort (0ms)
			DisableScriptedObjects (9ms)
			BackupInstance (0ms)
			ReleaseScriptingObjects (0ms)
			CreateAndSetChildDomain (82ms)
		EndReloadAssembly (1572ms)
			LoadAssemblies (112ms)
			RebuildTransferFunctionScriptingTraits (0ms)
			SetupTypeCache (518ms)
			ReleaseScriptCaches (2ms)
			RebuildScriptCaches (75ms)
			SetupLoadedEditorAssemblies (673ms)
				LogAssemblyErrors (0ms)
				InitializePlatformSupportModulesInManaged (18ms)
				SetLoadedEditorAssemblies (1ms)
				RefreshPlugins (1ms)
				BeforeProcessingInitializeOnLoad (132ms)
				ProcessInitializeOnLoadAttributes (497ms)
				ProcessInitializeOnLoadMethodAttributes (16ms)
				AfterProcessingInitializeOnLoad (4ms)
				EditorAssembliesLoaded (4ms)
			ExecutionOrderSort2 (0ms)
			AwakeInstancesAfterBackupRestoration (22ms)
Platform modules already initialized, skipping
Refreshing native plugins compatible for Editor in 1,21 ms, found 2 plugins.
Preloading 0 native plugins for Editor in 0,00 ms.
Unloading 4427 Unused Serialized files (Serialized files now loaded: 0)
System memory in use before: 242,1 MB.
System memory in use after: 242,3 MB.

Unloading 65 unused Assets to reduce memory usage. Loaded Objects now: 5414.
Total: 12,829259 ms (FindLiveObjects: 0,757870 ms CreateObjectMapping: 0,275920 ms MarkObjects: 11,403475 ms  DeleteObjects: 0,389389 ms)

AssetImportParameters requested are different than current active one (requested -> active):
  custom:video-decoder-ogg-theora: a1e56fd34408186e4bbccfd4996cb3dc -> 
  custom:container-muxer-webm: aa71ff27fc2769a1b78a27578f13a17b -> 
  custom:container-demuxer-webm: 4f35f7cbe854078d1ac9338744f61a02 -> 
  custom:container-demuxer-ogg: 62fdf1f143b41e24485cea50d1cbac27 -> 
  custom:video-encoder-webm-vp8: eb34c28f22e8b96e1ab97ce403110664 -> 
  custom:video-decoder-webm-vp8: 9c59270c3fd7afecdb556c50c9e8de78 -> 
  custom:audio-decoder-ogg-vorbis: bf7c407c2cedff20999df2af8eb42d56 -> 
  custom:audio-encoder-webm-vorbis: bf7c407c2cedff20999df2af8eb42d56 -> 
========================================================================
Received Prepare
Refreshing native plugins compatible for Editor in 14,91 ms, found 2 plugins.
Preloading 0 native plugins for Editor in 0,00 ms.
Unloading 63 Unused Serialized files (Serialized files now loaded: 0)
System memory in use before: 154,2 MB.
System memory in use after: 154,4 MB.

Unloading 63 unused Assets to reduce memory usage. Loaded Objects now: 5414.
Total: 8,350264 ms (FindLiveObjects: 0,488588 ms CreateObjectMapping: 0,150197 ms MarkObjects: 7,451969 ms  DeleteObjects: 0,258628 ms)

AssetImportParameters requested are different than current active one (requested -> active):
  custom:video-decoder-ogg-theora: a1e56fd34408186e4bbccfd4996cb3dc -> 
  custom:container-muxer-webm: aa71ff27fc2769a1b78a27578f13a17b -> 
  custom:container-demuxer-webm: 4f35f7cbe854078d1ac9338744f61a02 -> 
  custom:container-demuxer-ogg: 62fdf1f143b41e24485cea50d1cbac27 -> 
  custom:video-encoder-webm-vp8: eb34c28f22e8b96e1ab97ce403110664 -> 
  custom:video-decoder-webm-vp8: 9c59270c3fd7afecdb556c50c9e8de78 -> 
  custom:audio-decoder-ogg-vorbis: bf7c407c2cedff20999df2af8eb42d56 -> 
  custom:audio-encoder-webm-vorbis: bf7c407c2cedff20999df2af8eb42d56 -> 
========================================================================
Received Prepare
Registering precompiled user dll's ...
Registered in 0,009214 seconds.
Begin MonoManager ReloadAssembly
Native extension for LinuxStandalone target not found
Native extension for WindowsStandalone target not found
Refreshing native plugins compatible for Editor in 1,26 ms, found 2 plugins.
Preloading 0 native plugins for Editor in 0,00 ms.
Mono: successfully reloaded assembly
- Completed reload, in  1,818 seconds
Domain Reload Profiling:
	ReloadAssembly (1819ms)
		BeginReloadAssembly (154ms)
			ExecutionOrderSort (0ms)
			DisableScriptedObjects (8ms)
			BackupInstance (0ms)
			ReleaseScriptingObjects (0ms)
			CreateAndSetChildDomain (83ms)
		EndReloadAssembly (1582ms)
			LoadAssemblies (112ms)
			RebuildTransferFunctionScriptingTraits (0ms)
			SetupTypeCache (526ms)
			ReleaseScriptCaches (2ms)
			RebuildScriptCaches (79ms)
			SetupLoadedEditorAssemblies (674ms)
				LogAssemblyErrors (0ms)
				InitializePlatformSupportModulesInManaged (7ms)
				SetLoadedEditorAssemblies (1ms)
				RefreshPlugins (1ms)
				BeforeProcessingInitializeOnLoad (126ms)
				ProcessInitializeOnLoadAttributes (520ms)
				ProcessInitializeOnLoadMethodAttributes (14ms)
				AfterProcessingInitializeOnLoad (4ms)
				EditorAssembliesLoaded (0ms)
			ExecutionOrderSort2 (0ms)
			AwakeInstancesAfterBackupRestoration (17ms)
Platform modules already initialized, skipping
Refreshing native plugins compatible for Editor in 1,38 ms, found 2 plugins.
Preloading 0 native plugins for Editor in 0,00 ms.
Unloading 4427 Unused Serialized files (Serialized files now loaded: 0)
System memory in use before: 242,1 MB.
System memory in use after: 242,3 MB.

Unloading 65 unused Assets to reduce memory usage. Loaded Objects now: 5417.
Total: 11,463693 ms (FindLiveObjects: 1,770153 ms CreateObjectMapping: 0,477514 ms MarkObjects: 8,918016 ms  DeleteObjects: 0,295206 ms)

AssetImportParameters requested are different than current active one (requested -> active):
  custom:video-decoder-ogg-theora: a1e56fd34408186e4bbccfd4996cb3dc -> 
  custom:container-muxer-webm: aa71ff27fc2769a1b78a27578f13a17b -> 
  custom:container-demuxer-webm: 4f35f7cbe854078d1ac9338744f61a02 -> 
  custom:container-demuxer-ogg: 62fdf1f143b41e24485cea50d1cbac27 -> 
  custom:video-encoder-webm-vp8: eb34c28f22e8b96e1ab97ce403110664 -> 
  custom:video-decoder-webm-vp8: 9c59270c3fd7afecdb556c50c9e8de78 -> 
  custom:audio-decoder-ogg-vorbis: bf7c407c2cedff20999df2af8eb42d56 -> 
  custom:audio-encoder-webm-vorbis: bf7c407c2cedff20999df2af8eb42d56 -> 
========================================================================
Received Prepare
Refreshing native plugins compatible for Editor in 15,23 ms, found 2 plugins.
Preloading 0 native plugins for Editor in 0,00 ms.
Unloading 63 Unused Serialized files (Serialized files now loaded: 0)
System memory in use before: 154,3 MB.
System memory in use after: 154,4 MB.

Unloading 63 unused Assets to reduce memory usage. Loaded Objects now: 5417.
Total: 17,138560 ms (FindLiveObjects: 0,809608 ms CreateObjectMapping: 0,230000 ms MarkObjects: 15,539481 ms  DeleteObjects: 0,557599 ms)

AssetImportParameters requested are different than current active one (requested -> active):
  custom:video-decoder-ogg-theora: a1e56fd34408186e4bbccfd4996cb3dc -> 
  custom:container-muxer-webm: aa71ff27fc2769a1b78a27578f13a17b -> 
  custom:container-demuxer-webm: 4f35f7cbe854078d1ac9338744f61a02 -> 
  custom:container-demuxer-ogg: 62fdf1f143b41e24485cea50d1cbac27 -> 
  custom:video-encoder-webm-vp8: eb34c28f22e8b96e1ab97ce403110664 -> 
  custom:video-decoder-webm-vp8: 9c59270c3fd7afecdb556c50c9e8de78 -> 
  custom:audio-decoder-ogg-vorbis: bf7c407c2cedff20999df2af8eb42d56 -> 
  custom:audio-encoder-webm-vorbis: bf7c407c2cedff20999df2af8eb42d56 -> 
========================================================================
Received Prepare
Refreshing native plugins compatible for Editor in 14,68 ms, found 2 plugins.
Preloading 0 native plugins for Editor in 0,00 ms.
Unloading 63 Unused Serialized files (Serialized files now loaded: 0)
System memory in use before: 154,3 MB.
System memory in use after: 154,4 MB.

Unloading 63 unused Assets to reduce memory usage. Loaded Objects now: 5417.
Total: 8,220574 ms (FindLiveObjects: 0,497360 ms CreateObjectMapping: 0,134165 ms MarkObjects: 7,298770 ms  DeleteObjects: 0,289017 ms)

AssetImportParameters requested are different than current active one (requested -> active):
  custom:video-decoder-ogg-theora: a1e56fd34408186e4bbccfd4996cb3dc -> 
  custom:container-muxer-webm: aa71ff27fc2769a1b78a27578f13a17b -> 
  custom:container-demuxer-webm: 4f35f7cbe854078d1ac9338744f61a02 -> 
  custom:container-demuxer-ogg: 62fdf1f143b41e24485cea50d1cbac27 -> 
  custom:video-encoder-webm-vp8: eb34c28f22e8b96e1ab97ce403110664 -> 
  custom:video-decoder-webm-vp8: 9c59270c3fd7afecdb556c50c9e8de78 -> 
  custom:audio-decoder-ogg-vorbis: bf7c407c2cedff20999df2af8eb42d56 -> 
  custom:audio-encoder-webm-vorbis: bf7c407c2cedff20999df2af8eb42d56 -> 
========================================================================
Received Prepare
Refreshing native plugins compatible for Editor in 14,70 ms, found 2 plugins.
Preloading 0 native plugins for Editor in 0,00 ms.
Unloading 63 Unused Serialized files (Serialized files now loaded: 0)
System memory in use before: 155,0 MB.
System memory in use after: 155,2 MB.

Unloading 63 unused Assets to reduce memory usage. Loaded Objects now: 5417.
Total: 9,846309 ms (FindLiveObjects: 0,495388 ms CreateObjectMapping: 0,128027 ms MarkObjects: 9,011579 ms  DeleteObjects: 0,210275 ms)

AssetImportParameters requested are different than current active one (requested -> active):
  custom:video-decoder-ogg-theora: a1e56fd34408186e4bbccfd4996cb3dc -> 
  custom:container-muxer-webm: aa71ff27fc2769a1b78a27578f13a17b -> 
  custom:container-demuxer-webm: 4f35f7cbe854078d1ac9338744f61a02 -> 
  custom:container-demuxer-ogg: 62fdf1f143b41e24485cea50d1cbac27 -> 
  custom:video-encoder-webm-vp8: eb34c28f22e8b96e1ab97ce403110664 -> 
  custom:video-decoder-webm-vp8: 9c59270c3fd7afecdb556c50c9e8de78 -> 
  custom:audio-decoder-ogg-vorbis: bf7c407c2cedff20999df2af8eb42d56 -> 
  custom:audio-encoder-webm-vorbis: bf7c407c2cedff20999df2af8eb42d56 -> 
========================================================================
Received Prepare
Registering precompiled user dll's ...
Registered in 0,008962 seconds.
Begin MonoManager ReloadAssembly
Native extension for LinuxStandalone target not found
Native extension for WindowsStandalone target not found
Refreshing native plugins compatible for Editor in 1,21 ms, found 2 plugins.
Preloading 0 native plugins for Editor in 0,00 ms.
GPGSUpgrader start
UnityEngine.StackTraceUtility:ExtractStackTrace () (at /home/bokken/buildslave/unity/build/Runtime/Export/Scripting/StackTrace.cs:37)
UnityEngine.DebugLogHandler:LogFormat (UnityEngine.LogType,UnityEngine.Object,string,object[])
UnityEngine.Logger:Log (UnityEngine.LogType,object)
UnityEngine.Debug:Log (object)
GooglePlayGames.Editor.GPGSUpgrader:.cctor () (at Assets/GooglePlayGames/Editor/GPGSUpgrader.cs:38)
System.Runtime.CompilerServices.RuntimeHelpers:RunClassConstructor (System.RuntimeTypeHandle)
UnityEditor.EditorAssemblies:ProcessInitializeOnLoadAttributes (System.Type[]) (at /home/bokken/buildslave/unity/build/Editor/Mono/EditorAssemblies.cs:134)

(Filename: Assets/GooglePlayGames/Editor/GPGSUpgrader.cs Line: 38)

GPGSUpgrader done
UnityEngine.StackTraceUtility:ExtractStackTrace () (at /home/bokken/buildslave/unity/build/Runtime/Export/Scripting/StackTrace.cs:37)
UnityEngine.DebugLogHandler:LogFormat (UnityEngine.LogType,UnityEngine.Object,string,object[])
UnityEngine.Logger:Log (UnityEngine.LogType,object)
UnityEngine.Debug:Log (object)
GooglePlayGames.Editor.GPGSUpgrader:.cctor () (at Assets/GooglePlayGames/Editor/GPGSUpgrader.cs:105)
System.Runtime.CompilerServices.RuntimeHelpers:RunClassConstructor (System.RuntimeTypeHandle)
UnityEditor.EditorAssemblies:ProcessInitializeOnLoadAttributes (System.Type[]) (at /home/bokken/buildslave/unity/build/Editor/Mono/EditorAssemblies.cs:134)

(Filename: Assets/GooglePlayGames/Editor/GPGSUpgrader.cs Line: 105)

Mono: successfully reloaded assembly
- Completed reload, in  2,071 seconds
Domain Reload Profiling:
	ReloadAssembly (2072ms)
		BeginReloadAssembly (149ms)
			ExecutionOrderSort (0ms)
			DisableScriptedObjects (9ms)
			BackupInstance (0ms)
			ReleaseScriptingObjects (0ms)
			CreateAndSetChildDomain (78ms)
		EndReloadAssembly (1841ms)
			LoadAssemblies (111ms)
			RebuildTransferFunctionScriptingTraits (0ms)
			SetupTypeCache (521ms)
			ReleaseScriptCaches (2ms)
			RebuildScriptCaches (81ms)
			SetupLoadedEditorAssemblies (639ms)
				LogAssemblyErrors (0ms)
				InitializePlatformSupportModulesInManaged (7ms)
				SetLoadedEditorAssemblies (1ms)
				RefreshPlugins (1ms)
				BeforeProcessingInitializeOnLoad (128ms)
				ProcessInitializeOnLoadAttributes (484ms)
				ProcessInitializeOnLoadMethodAttributes (14ms)
				AfterProcessingInitializeOnLoad (4ms)
				EditorAssembliesLoaded (0ms)
			ExecutionOrderSort2 (0ms)
			AwakeInstancesAfterBackupRestoration (16ms)
Platform modules already initialized, skipping
Switching build target platform(24) subTarget(0) extendedPlatform(0) -> platform(13) subTarget(589956) extendedPlatform(0)
Refreshing native plugins compatible for Editor in 1,24 ms, found 2 plugins.
Preloading 0 native plugins for Editor in 0,00 ms.
Unloading 4431 Unused Serialized files (Serialized files now loaded: 0)
System memory in use before: 242,2 MB.
System memory in use after: 242,4 MB.

Unloading 65 unused Assets to reduce memory usage. Loaded Objects now: 5420.
Total: 10,098980 ms (FindLiveObjects: 0,605141 ms CreateObjectMapping: 0,163474 ms MarkObjects: 9,083643 ms  DeleteObjects: 0,245091 ms)

AssetImportParameters requested are different than current active one (requested -> active):
  custom:video-decoder-ogg-theora: a1e56fd34408186e4bbccfd4996cb3dc -> 
  custom:container-muxer-webm: aa71ff27fc2769a1b78a27578f13a17b -> 
  custom:container-demuxer-webm: 4f35f7cbe854078d1ac9338744f61a02 -> 
  custom:container-demuxer-ogg: 62fdf1f143b41e24485cea50d1cbac27 -> 
  custom:video-encoder-webm-vp8: eb34c28f22e8b96e1ab97ce403110664 -> 
  custom:video-decoder-webm-vp8: 9c59270c3fd7afecdb556c50c9e8de78 -> 
  custom:graphics/normal-map-encoding: 01000000000000000000000000000000 -> 02000000000000000000000000000000
  custom:audio-decoder-ogg-vorbis: bf7c407c2cedff20999df2af8eb42d56 -> 
  custom:audio-encoder-webm-vorbis: bf7c407c2cedff20999df2af8eb42d56 -> 
========================================================================
Received Prepare
Refreshing native plugins compatible for Editor in 14,73 ms, found 2 plugins.
Preloading 0 native plugins for Editor in 0,00 ms.
Unloading 63 Unused Serialized files (Serialized files now loaded: 0)
System memory in use before: 155,2 MB.
System memory in use after: 155,4 MB.

Unloading 63 unused Assets to reduce memory usage. Loaded Objects now: 5420.
Total: 9,711783 ms (FindLiveObjects: 0,530504 ms CreateObjectMapping: 0,135967 ms MarkObjects: 8,724843 ms  DeleteObjects: 0,318746 ms)

AssetImportParameters requested are different than current active one (requested -> active):
  custom:video-decoder-ogg-theora: a1e56fd34408186e4bbccfd4996cb3dc -> 
  custom:container-muxer-webm: aa71ff27fc2769a1b78a27578f13a17b -> 
  custom:container-demuxer-webm: 4f35f7cbe854078d1ac9338744f61a02 -> 
  custom:container-demuxer-ogg: 62fdf1f143b41e24485cea50d1cbac27 -> 
  custom:video-encoder-webm-vp8: eb34c28f22e8b96e1ab97ce403110664 -> 
  custom:video-decoder-webm-vp8: 9c59270c3fd7afecdb556c50c9e8de78 -> 
  custom:audio-decoder-ogg-vorbis: bf7c407c2cedff20999df2af8eb42d56 -> 
  custom:audio-encoder-webm-vorbis: bf7c407c2cedff20999df2af8eb42d56 -> 
========================================================================
Received Import Request.
  Time since last request: 4346,795199 seconds.
  path: Assets/Project/Sprites/UI/YesNo.png
  artifactKey: Guid(82b104a2433166844941bd0eade9a619) Importer(815301076,1909f56bfc062723c751e8b465ee728b)
Start importing Assets/Project/Sprites/UI/YesNo.png using Guid(82b104a2433166844941bd0eade9a619) Importer(815301076,1909f56bfc062723c751e8b465ee728b)  -> (artifact id: 'eddfe20ca59b6d3c4c941a2f94e7035d') in 0,066270 seconds 
  Import took 0,077406 seconds .

========================================================================
Received Import Request.
  Time since last request: 60,186194 seconds.
  path: Assets/Project/Sprites/BackGround.png
  artifactKey: Guid(54e9b2d4916acd10080095dad1216fa8) Importer(815301076,1909f56bfc062723c751e8b465ee728b)
Start importing Assets/Project/Sprites/BackGround.png using Guid(54e9b2d4916acd10080095dad1216fa8) Importer(815301076,1909f56bfc062723c751e8b465ee728b)  -> (artifact id: '65eddf5ba937636ac10cfd69f810ac6c') in 0,055227 seconds 
  Import took 0,066588 seconds .

========================================================================
Received Import Request.
  Time since last request: 0,824524 seconds.
  path: Assets/Project/Sprites/Backgrounds/Defender&KnightBackground.png
  artifactKey: Guid(9c3a4a62d24d0d4be9fdcd5387a39fd3) Importer(815301076,1909f56bfc062723c751e8b465ee728b)
Start importing Assets/Project/Sprites/Backgrounds/Defender&KnightBackground.png using Guid(9c3a4a62d24d0d4be9fdcd5387a39fd3) Importer(815301076,1909f56bfc062723c751e8b465ee728b)  -> (artifact id: '07144df49a1e5ab675351dfa3e3d4725') in 0,184540 seconds 
  Import took 0,192173 seconds .

========================================================================
Received Import Request.
  Time since last request: 0,000205 seconds.
  path: Assets/Project/Sprites/Backgrounds/WizardBackground.png
  artifactKey: Guid(e8b64386a1519d964832913d63cb77ba) Importer(815301076,1909f56bfc062723c751e8b465ee728b)
Start importing Assets/Project/Sprites/Backgrounds/WizardBackground.png using Guid(e8b64386a1519d964832913d63cb77ba) Importer(815301076,1909f56bfc062723c751e8b465ee728b)  -> (artifact id: '320d7c007da96809cee7b207128156a0') in 0,057301 seconds 
  Import took 0,064869 seconds .

========================================================================
Received Import Request.
  Time since last request: 0,000142 seconds.
  path: Assets/Project/Sprites/Backgrounds/MinerBackground.png
  artifactKey: Guid(ad71bccb767ca936e9b58763a7b43bb9) Importer(815301076,1909f56bfc062723c751e8b465ee728b)
Start importing Assets/Project/Sprites/Backgrounds/MinerBackground.png using Guid(ad71bccb767ca936e9b58763a7b43bb9) Importer(815301076,1909f56bfc062723c751e8b465ee728b)  -> (artifact id: 'f7cb5805ebf8f3c72ffef0048126d950') in 0,069914 seconds 
  Import took 0,079467 seconds .

========================================================================
Received Import Request.
  Time since last request: 0,000156 seconds.
  path: Assets/Project/Sprites/Backgrounds/PiratePesok.png
  artifactKey: Guid(3cad0244c01fd8fe7a31792d57641c0e) Importer(815301076,1909f56bfc062723c751e8b465ee728b)
Start importing Assets/Project/Sprites/Backgrounds/PiratePesok.png using Guid(3cad0244c01fd8fe7a31792d57641c0e) Importer(815301076,1909f56bfc062723c751e8b465ee728b)  -> (artifact id: '97cc47756f43aacb0307b931f7107f40') in 0,013115 seconds 
  Import took 0,020835 seconds .

========================================================================
Received Import Request.
  Time since last request: 0,000175 seconds.
  path: Assets/Project/Sprites/Backgrounds/Snow Arena.png
  artifactKey: Guid(8c246aa185b1375439bf62974ddc61da) Importer(815301076,1909f56bfc062723c751e8b465ee728b)
Start importing Assets/Project/Sprites/Backgrounds/Snow Arena.png using Guid(8c246aa185b1375439bf62974ddc61da) Importer(815301076,1909f56bfc062723c751e8b465ee728b)  -> (artifact id: '0477d6720313196d9e69665ad3f6ec75') in 0,037254 seconds 
  Import took 0,044989 seconds .

========================================================================
Received Import Request.
  Time since last request: 0,000144 seconds.
  path: Assets/Project/Sprites/Backgrounds/PoliceBackground.png.png
  artifactKey: Guid(2ee5986e33a4e9a909c9f0ffefef55c9) Importer(815301076,1909f56bfc062723c751e8b465ee728b)
Start importing Assets/Project/Sprites/Backgrounds/PoliceBackground.png.png using Guid(2ee5986e33a4e9a909c9f0ffefef55c9) Importer(815301076,1909f56bfc062723c751e8b465ee728b)  -> (artifact id: '394c61fa8d1a2d5ef00d75ef1920c400') in 0,041503 seconds 
  Import took 0,049018 seconds .

========================================================================
Received Import Request.
  Time since last request: 0,000178 seconds.
  path: Assets/Project/Sprites/Backgrounds/PiartBackground.png
  artifactKey: Guid(ba87b1dac4e56a910a53ba24d3698cea) Importer(815301076,1909f56bfc062723c751e8b465ee728b)
Start importing Assets/Project/Sprites/Backgrounds/PiartBackground.png using Guid(ba87b1dac4e56a910a53ba24d3698cea) Importer(815301076,1909f56bfc062723c751e8b465ee728b)  -> (artifact id: '759c5946f67b5a0b58964decc7e5f24d') in 0,066103 seconds 
  Import took 0,074192 seconds .

========================================================================
Received Import Request.
  Time since last request: 0,000159 seconds.
  path: Assets/Project/Sprites/Backgrounds/Snow Blocks.png
  artifactKey: Guid(30d52584facb18eeb8fb76b8adb759f3) Importer(815301076,1909f56bfc062723c751e8b465ee728b)
Start importing Assets/Project/Sprites/Backgrounds/Snow Blocks.png using Guid(30d52584facb18eeb8fb76b8adb759f3) Importer(815301076,1909f56bfc062723c751e8b465ee728b)  -> (artifact id: 'f0127f18e49be7d4448d1e9ff96a0dec') in 0,017247 seconds 
  Import took 0,024678 seconds .

========================================================================
Received Import Request.
  Time since last request: 0,000166 seconds.
  path: Assets/Project/Sprites/Backgrounds/Water.png
  artifactKey: Guid(b22d82058fdbd76f0ac9f119fd1e24d0) Importer(815301076,1909f56bfc062723c751e8b465ee728b)
Start importing Assets/Project/Sprites/Backgrounds/Water.png using Guid(b22d82058fdbd76f0ac9f119fd1e24d0) Importer(815301076,1909f56bfc062723c751e8b465ee728b)  -> (artifact id: '2c44004fd602199fd31cf7cb0af82faa') in 0,013297 seconds 
  Import took 0,020717 seconds .

========================================================================
Received Prepare
Refreshing native plugins compatible for Editor in 14,51 ms, found 2 plugins.
Preloading 0 native plugins for Editor in 0,00 ms.
Unloading 63 Unused Serialized files (Serialized files now loaded: 0)
System memory in use before: 155,5 MB.
System memory in use after: 155,6 MB.

Unloading 63 unused Assets to reduce memory usage. Loaded Objects now: 5421.
Total: 9,620905 ms (FindLiveObjects: 0,501446 ms CreateObjectMapping: 0,177652 ms MarkObjects: 8,728218 ms  DeleteObjects: 0,212487 ms)

AssetImportParameters requested are different than current active one (requested -> active):
  custom:video-decoder-ogg-theora: a1e56fd34408186e4bbccfd4996cb3dc -> 
  custom:container-muxer-webm: aa71ff27fc2769a1b78a27578f13a17b -> 
  custom:container-demuxer-webm: 4f35f7cbe854078d1ac9338744f61a02 -> 
  custom:container-demuxer-ogg: 62fdf1f143b41e24485cea50d1cbac27 -> 
  custom:video-encoder-webm-vp8: eb34c28f22e8b96e1ab97ce403110664 -> 
  custom:video-decoder-webm-vp8: 9c59270c3fd7afecdb556c50c9e8de78 -> 
  custom:audio-decoder-ogg-vorbis: bf7c407c2cedff20999df2af8eb42d56 -> 
  custom:audio-encoder-webm-vorbis: bf7c407c2cedff20999df2af8eb42d56 -> 
========================================================================
Received Prepare
Registering precompiled user dll's ...
Registered in 0,012701 seconds.
Begin MonoManager ReloadAssembly
Native extension for LinuxStandalone target not found
Native extension for WindowsStandalone target not found
Refreshing native plugins compatible for Editor in 1,29 ms, found 2 plugins.
Preloading 0 native plugins for Editor in 0,00 ms.
GPGSUpgrader start
UnityEngine.StackTraceUtility:ExtractStackTrace () (at /home/bokken/buildslave/unity/build/Runtime/Export/Scripting/StackTrace.cs:37)
UnityEngine.DebugLogHandler:LogFormat (UnityEngine.LogType,UnityEngine.Object,string,object[])
UnityEngine.Logger:Log (UnityEngine.LogType,object)
UnityEngine.Debug:Log (object)
GooglePlayGames.Editor.GPGSUpgrader:.cctor () (at Assets/GooglePlayGames/Editor/GPGSUpgrader.cs:38)
System.Runtime.CompilerServices.RuntimeHelpers:RunClassConstructor (System.RuntimeTypeHandle)
UnityEditor.EditorAssemblies:ProcessInitializeOnLoadAttributes (System.Type[]) (at /home/bokken/buildslave/unity/build/Editor/Mono/EditorAssemblies.cs:134)

(Filename: Assets/GooglePlayGames/Editor/GPGSUpgrader.cs Line: 38)

GPGSUpgrader done
UnityEngine.StackTraceUtility:ExtractStackTrace () (at /home/bokken/buildslave/unity/build/Runtime/Export/Scripting/StackTrace.cs:37)
UnityEngine.DebugLogHandler:LogFormat (UnityEngine.LogType,UnityEngine.Object,string,object[])
UnityEngine.Logger:Log (UnityEngine.LogType,object)
UnityEngine.Debug:Log (object)
GooglePlayGames.Editor.GPGSUpgrader:.cctor () (at Assets/GooglePlayGames/Editor/GPGSUpgrader.cs:105)
System.Runtime.CompilerServices.RuntimeHelpers:RunClassConstructor (System.RuntimeTypeHandle)
UnityEditor.EditorAssemblies:ProcessInitializeOnLoadAttributes (System.Type[]) (at /home/bokken/buildslave/unity/build/Editor/Mono/EditorAssemblies.cs:134)

(Filename: Assets/GooglePlayGames/Editor/GPGSUpgrader.cs Line: 105)

Mono: successfully reloaded assembly
- Completed reload, in  2,154 seconds
Domain Reload Profiling:
	ReloadAssembly (2154ms)
		BeginReloadAssembly (152ms)
			ExecutionOrderSort (0ms)
			DisableScriptedObjects (8ms)
			BackupInstance (0ms)
			ReleaseScriptingObjects (0ms)
			CreateAndSetChildDomain (78ms)
		EndReloadAssembly (1911ms)
			LoadAssemblies (122ms)
			RebuildTransferFunctionScriptingTraits (0ms)
			SetupTypeCache (553ms)
			ReleaseScriptCaches (2ms)
			RebuildScriptCaches (76ms)
			SetupLoadedEditorAssemblies (667ms)
				LogAssemblyErrors (0ms)
				InitializePlatformSupportModulesInManaged (7ms)
				SetLoadedEditorAssemblies (1ms)
				RefreshPlugins (1ms)
				BeforeProcessingInitializeOnLoad (127ms)
				ProcessInitializeOnLoadAttributes (513ms)
				ProcessInitializeOnLoadMethodAttributes (14ms)
				AfterProcessingInitializeOnLoad (4ms)
				EditorAssembliesLoaded (0ms)
			ExecutionOrderSort2 (0ms)
			AwakeInstancesAfterBackupRestoration (17ms)
Platform modules already initialized, skipping
Switching build target platform(24) subTarget(0) extendedPlatform(0) -> platform(13) subTarget(589956) extendedPlatform(0)
Refreshing native plugins compatible for Editor in 1,21 ms, found 2 plugins.
Preloading 0 native plugins for Editor in 0,00 ms.
Unloading 4431 Unused Serialized files (Serialized files now loaded: 0)
System memory in use before: 242,3 MB.
System memory in use after: 242,4 MB.

Unloading 65 unused Assets to reduce memory usage. Loaded Objects now: 5424.
Total: 12,416158 ms (FindLiveObjects: 0,776985 ms CreateObjectMapping: 0,305739 ms MarkObjects: 11,073233 ms  DeleteObjects: 0,257937 ms)

AssetImportParameters requested are different than current active one (requested -> active):
  custom:video-decoder-ogg-theora: a1e56fd34408186e4bbccfd4996cb3dc -> 
  custom:container-muxer-webm: aa71ff27fc2769a1b78a27578f13a17b -> 
  custom:container-demuxer-webm: 4f35f7cbe854078d1ac9338744f61a02 -> 
  custom:container-demuxer-ogg: 62fdf1f143b41e24485cea50d1cbac27 -> 
  custom:video-encoder-webm-vp8: eb34c28f22e8b96e1ab97ce403110664 -> 
  custom:video-decoder-webm-vp8: 9c59270c3fd7afecdb556c50c9e8de78 -> 
  custom:graphics/normal-map-encoding: 01000000000000000000000000000000 -> 02000000000000000000000000000000
  custom:audio-decoder-ogg-vorbis: bf7c407c2cedff20999df2af8eb42d56 -> 
  custom:audio-encoder-webm-vorbis: bf7c407c2cedff20999df2af8eb42d56 -> 
